-- MariaDB dump 10.19  Distrib 10.4.20-MariaDB, for Win64 (AMD64)
--
-- Host: localhost    Database: taller
-- ------------------------------------------------------
-- Server version	10.4.20-MariaDB

/*!40101 SET @OLD_CHARACTER_SET_CLIENT=@@CHARACTER_SET_CLIENT */;
/*!40101 SET @OLD_CHARACTER_SET_RESULTS=@@CHARACTER_SET_RESULTS */;
/*!40101 SET @OLD_COLLATION_CONNECTION=@@COLLATION_CONNECTION */;
/*!40101 SET NAMES utf8mb4 */;
/*!40103 SET @OLD_TIME_ZONE=@@TIME_ZONE */;
/*!40103 SET TIME_ZONE='+00:00' */;
/*!40014 SET @OLD_UNIQUE_CHECKS=@@UNIQUE_CHECKS, UNIQUE_CHECKS=0 */;
/*!40014 SET @OLD_FOREIGN_KEY_CHECKS=@@FOREIGN_KEY_CHECKS, FOREIGN_KEY_CHECKS=0 */;
/*!40101 SET @OLD_SQL_MODE=@@SQL_MODE, SQL_MODE='NO_AUTO_VALUE_ON_ZERO' */;
/*!40111 SET @OLD_SQL_NOTES=@@SQL_NOTES, SQL_NOTES=0 */;

--
-- Table structure for table `articulos`
--

DROP TABLE IF EXISTS `articulos`;
/*!40101 SET @saved_cs_client     = @@character_set_client */;
/*!40101 SET character_set_client = utf8 */;
CREATE TABLE `articulos` (
  `id_art` int(11) NOT NULL AUTO_INCREMENT,
  `codigo` varchar(12) NOT NULL,
  `articulo` varchar(150) NOT NULL,
  `id_rubro` int(11) NOT NULL,
  `costo` decimal(12,2) NOT NULL,
  `precio1` decimal(12,2) NOT NULL,
  `precio2` decimal(12,2) NOT NULL,
  `iva` decimal(6,2) NOT NULL,
  `id_empresa` int(11) NOT NULL,
  PRIMARY KEY (`id_art`)
) ENGINE=InnoDB AUTO_INCREMENT=19 DEFAULT CHARSET=utf8mb4;
/*!40101 SET character_set_client = @saved_cs_client */;

--
-- Dumping data for table `articulos`
--

LOCK TABLES `articulos` WRITE;
/*!40000 ALTER TABLE `articulos` DISABLE KEYS */;
INSERT INTO `articulos` VALUES (3,'3','MAZANA',2,40.00,180.00,70.00,0.00,1),(6,'5','NARANJA',2,50.00,120.00,0.00,0.00,1),(7,'6','TOMATE ',2,0.00,73.00,0.00,0.00,1),(9,'911111141111','PERA',2,0.00,120.00,0.00,21.00,1),(17,'4','MONJES BUDISTAS',9,43.00,4.00,4.00,0.00,7),(18,'5.0','MONJES BUDISTAS 99',9,34.00,34.00,34.00,10.50,7);
/*!40000 ALTER TABLE `articulos` ENABLE KEYS */;
UNLOCK TABLES;

--
-- Table structure for table `cdiva`
--

DROP TABLE IF EXISTS `cdiva`;
/*!40101 SET @saved_cs_client     = @@character_set_client */;
/*!40101 SET character_set_client = utf8 */;
CREATE TABLE `cdiva` (
  `codigo` smallint(6) NOT NULL,
  `cond_iva` text NOT NULL,
  PRIMARY KEY (`codigo`)
) ENGINE=InnoDB DEFAULT CHARSET=utf8mb4;
/*!40101 SET character_set_client = @saved_cs_client */;

--
-- Dumping data for table `cdiva`
--

LOCK TABLES `cdiva` WRITE;
/*!40000 ALTER TABLE `cdiva` DISABLE KEYS */;
INSERT INTO `cdiva` VALUES (1,'Resp. Inscripto  '),(2,'Resp. No Inscri. '),(3,'No Responsable   '),(4,'Exento           '),(5,'Consumidor Final '),(6,'Resp.Monotributo ');
/*!40000 ALTER TABLE `cdiva` ENABLE KEYS */;
UNLOCK TABLES;

--
-- Table structure for table `clientes`
--

DROP TABLE IF EXISTS `clientes`;
/*!40101 SET @saved_cs_client     = @@character_set_client */;
/*!40101 SET character_set_client = utf8 */;
CREATE TABLE `clientes` (
  `id` int(11) NOT NULL AUTO_INCREMENT,
  `cliente` varchar(50) NOT NULL,
  `domicilio` varchar(50) NOT NULL,
  `telefonos` varchar(50) NOT NULL,
  `email` varchar(80) NOT NULL,
  `cuit` varchar(13) NOT NULL,
  `iva` smallint(6) NOT NULL,
  `localidad` varchar(50) NOT NULL,
  `cp` varchar(10) NOT NULL,
  `id_empresa` bigint(20) NOT NULL,
  `dni` varchar(10) NOT NULL,
  `cl_web` varchar(10) NOT NULL,
  PRIMARY KEY (`id`)
) ENGINE=InnoDB AUTO_INCREMENT=169 DEFAULT CHARSET=utf8mb4;
/*!40101 SET character_set_client = @saved_cs_client */;

--
-- Dumping data for table `clientes`
--

LOCK TABLES `clientes` WRITE;
/*!40000 ALTER TABLE `clientes` DISABLE KEYS */;
INSERT INTO `clientes` VALUES (13,'JUAN CARLOS','TERRASSON 357','336451349','ntizzano@gmail.com','30-99900513-2',1,'SAN NICOLAS','2900',7,'1234569','1044'),(14,'BUITER CINTIA CECILIA','GERÓNIMO COSTA 34 BIS','03364312416','ceciliabuiter67@gmail.com','',5,'SAN NICOLAS','2900',7,'27045505','1044'),(15,'AIR LIQUIDE S.A.','FDO. DE LA LEGUA 936 1°P','01140063900','','30-50085213-1',1,'MARTINEZ','1640',1,'0','1044'),(17,'TECNOCLIMA S.A','COLECTORA NORTE 921','3364537840','tecnoclima@intercom.com.ar','30-66767145-7',1,'CAMPANA','2000',1,'0','1044'),(18,'AGROGREEN S.A','SAVIO 426','3364537840','','30-65637306-3',1,'SAN NICOLAS','2900',1,'65637306','1044'),(19,'RIVAS MARIO FABIAN','MORTEO 792','3364623888','','20-22435319-8',2,'SAN NICOLAS','2900',1,'22435319','1044'),(20,'FAMEIN S.A','25 DE MAYO 1435','','','30-59562409-2',1,'SAN NICOLAS','2900',1,'59562409','1044'),(21,'REY.SE S.A','ACERO ARGENTINO 785','3364591776 GONZALO','','30-71068191-7',1,'SAN NICOLAS','2900',1,'71068191','1044'),(23,'CULLIA','LOS OMBU 1375','154580677','','',5,'SAN NICOLAS','2900',1,'7963099','1044'),(24,'ENRIQUE','COMISRSA','3364','','',5,'SAN NICOLAS','2900',1,'369852','1044'),(25,'BARRETTO MAURICIO','OBLIGADO 348','3364695084','','',5,'SAN NICOLAS','2900',1,'30683974','1044'),(26,'BARRETO MIGUEL','PYNIERO 502','3364648642','','',5,'SAN NICOLAS','2900',1,'1485267','1044'),(27,'BAEZ DIEGO','REYNOSO 28','3364288180','','',5,'SAN NICOLAS','2900',1,'25515412','1044'),(28,'FARRARO','VALDES 936','3364408089','','',5,'SAN NICOLAS','2900',1,'3255652586','1044'),(29,'GONZALES HUGO','LAS PALMAS 158','3364214240','','',5,'SAN NICOLAS','2900',1,'5467879','1044'),(30,'LIRA','ALMAFUERTE 695','3364493959','','',5,'SAN NICOLAS','2900',1,'2555556536','1044'),(32,'GUZZIENI GERMAN','DON BOSCO 897','3364535218 / 3364373231','','',5,'SAN NICOLAS','2900',1,'2556585','1044'),(33,'JUAN \"CAMPEON\"','MMMMM','','','',5,'SAN NICOLAS','2900',1,'258654878','1044'),(34,'LEO KIOSCO','AV MORENO 465','','','',5,'SAN NICOLAS','2900',1,'18787617','1044'),(35,'LARREA HUGO','LA PAZ 1524','3364241493','','',5,'SAN NICOLAS','2900',1,'06510654','1044'),(36,'MAFELETRIC S.A','AV MORENO 462','','','20-21489328-3',1,'SAN NICOLAS','2900',1,'21489328','1044'),(37,'MARCATELLI','AMERICA 1496','3364662058','','',5,'SAN NICOLAS','2900',1,'798536','1044'),(39,'MATEO ESPOSITO','JOSE INGENIERO 565','3364286424','','',5,'SAN NICOLAS','2900',1,'54385054','1044'),(40,'TALLERES GOMEZ','ALVEAR 576','3364300694','','',5,'SAN NICOLAS','2900',1,'92189','1044'),(41,'PIVA HERNAN','FALCON 398','3364547092','','',5,'SAN NICOLAS','2900',1,'97','1044'),(42,'CARPINTERO ANIBAL','GRGT','F','','',5,'SAN NICOLAS','2900',1,'HGNHYNT','1044'),(43,'ARENERA SAN NICOLAS/RIVADAVIA','ALMAFUERTE 240','3364629680 LUCIANO, 1154522871 AGUSTIN','','',5,'SAN NICOLAS','2900',1,'01','1044'),(44,'LABORATORIO RAMALLO S.N','COMIRSA','','','',5,'SAN NICOLAS','2900',1,'0','1044'),(46,'SCHUENMER GUSTAVO HOSPITAL','NACION 31','3364661471','','',5,'SAN NICOLAS','2900',1,'41','1044'),(47,'TECNOFRIO','BELGRANO','4425311 - 3364190963 leo','','',5,'SAN NICOLAS','2900',1,'12','1044'),(48,'GALLARDO MARCELO','ALVEAR 602','3364672576','','',5,'SAN NICOLAS','2900',1,'112','1044'),(49,'SUCHELLA ','AMERICA 258','4420694 fijo pacheco 3364575947','','',5,'SAN NICOLAS','2900',1,'21','1044'),(50,'NICO','25 DE MAYO 148','3364423635','','',5,'SAN NICOLAS','2900',1,'0','1044'),(51,'LEVAL S.A','AV MORENO 1122','3364410449','','',5,'SAN NICOLAS','2900',1,'1256987','1044'),(52,'BRUNO','AV MORENO 450','','','',5,'SAN NICOLAS','2900',1,'15','1044'),(53,'NOUS SRL','SARMIENTO 410','3364665144','','33-70743674-9',1,'SAN NICOLAS','2900',1,'70743674','1044'),(54,'PONTE RICARDO','CORRIENTES 85','3364340774','','',5,'SAN NICOLAS','2900',1,'1','1044'),(55,'ELECTRO BOYS OSCAR','AV MORENO ','3364421137','','',5,'SAN NICOLAS','2900',1,'0','1044'),(56,'HECTOR TORNERO','AV MORENO 611','','','',5,'SAN NICOLAS','2900',1,'0','1044'),(57,'BANDERA SANTIAGO','PERON 839','3364411392','','',5,'SAN NICOLAS','2900',1,'1','1044'),(58,'COLKER JOSE','LA MADRID 156','3364180278    FIJO424124','','',5,'SAN NICOLAS','2900',1,'0','1044'),(59,'MAGNANI PICHI','MAIPU90','3364612657','','',5,'SAN NICOLAS','2900',1,'0','1044'),(60,'MARCATELLI PESCADOR','UU','','','',5,'SAN NICOLAS','2900',1,'01','1044'),(61,'EDISAN S.A','COMIRSA','3364060078','','',5,'SAN NICOLAS','2900',1,'0','1044'),(62,'CASIUS S.A','SAVIO 336','4427895','casius@casius.com.ar','30-71541994-3',1,'SAN NICOLAS','2900',1,'71541994','1044'),(63,'ARENERA RAMALLO(CANTERA DEL PARANA)','RAMALLO','','','',5,'SAN NICOLAS','2900',1,'F','1044'),(64,'CALUA','EWEE','3364523662','','',5,'SAN NICOLAS','2900',1,'11','1044'),(65,'ANDRADA FEDERICO','HIRIGOYEN 581','3364190556','','',5,'SAN NICOLAS','2900',1,'25','1044'),(66,'BERON MARCELO','PELLEGRINI 1156','3364259517','','',5,'SAN NICOLAS','2900',1,'11','1044'),(67,'FORTUNATO MARCELO','PAVAN Y MORENO','3364688112','','',5,'SAN NICOLAS','2900',1,'0','1044'),(68,'CIANCIO','25 DE MAYO 293','4428099 FIJO','','',5,'SAN NICOLAS','2900',1,'121','1044'),(69,'CISNERO JUAN CARLOS','LAS PALMAS25863','3364585900','','',5,'SAN NICOLAS','2900',1,'21253','1044'),(70,'FLORES HUGO','BROWN Y PRIMAVERA','3364220343 SOLO LLAMADA','','',5,'SAN NICOLAS','2900',1,'RFE','1044'),(71,'BRUZZESI DARIO ','LAS ROSAS 1356','03407 155824','','',5,'RAMALLO','2900',1,'105','1044'),(73,'MONJE POCHO ','BOLIVAR 411','3364515903','','',5,'SAN NICOLAS','2900',1,'0503','1044'),(74,'METALURGICA INDUSTRIAL','SAN NICOLAS 815 COMIRSA','3364 460696 / 3364527171','','30-70723770-4',1,'SAN NICOLAS','2900',1,'70723770','1044'),(75,'AGUIRRE','OLLEROS 997','3364659461','','',5,'SAN NICOLAS','2900',1,'gfcgfcr','1044'),(76,'TALLERES ASTILLEROS MARTINS','KM 332 DEL RIO PARANA','2215546257','','',5,'SAN NICOLAS','2900',1,'65268924','1044'),(77,'FRANCO RAMON','ALVEAR 1568','4461990 FIJO','','',5,'SAN NICOLAS','2900',1,'65651','1044'),(78,'GONZALES RICARDO','AMERICA 1450','3364666030','','',5,'SAN NICOLAS','2900',1,'64487','1044'),(79,'NAZI MARIA LAURA','BARRIO PARQUE NORTE','3364683667','','',5,'SAN NICOLAS','2900',1,'6525','1044'),(80,'EL CRUCE ALBERTO ','ALCORTA 558','3364281007','','',5,'SAN NICOLAS','2900',1,'65654','1044'),(81,'HELADERIA SIVERIA','SAVIO 599','3364354651','','',5,'SAN NICOLAS','2900',1,'66226','1044'),(82,'GOMEZ CRISTIAN','VICENTE FORTE 306','3364638394','','',5,'SAN NICOLAS','2900',1,'641','1044'),(83,'ATANOR S.C.A','RIVADAVIA S/N','','','',5,'SAN NICOLAS','2900',1,'51165','1044'),(84,'RUIZ DIA','MMMM','3364273256','','',5,'SAN NICOLAS','2900',1,'OI,JI,09J','1044'),(85,'TRAVAL SNAC','NNBV','3364303661','','',5,'SAN NICOLAS','2900',1,'87841','1044'),(86,'MAURO AIRE ACOND.','MNHGY','3364610883','','',5,'SAN NICOLAS','2900',1,'49845952','1044'),(87,'FARIAS MARCELO','MORENO 583','3364610645','','',5,'SAN NICOLAS','2900',1,'HGHHH','1044'),(88,'FEDE','LAS HERAS 564','3364530886','','',5,'SAN NICOLAS','2900',1,'5414','1044'),(89,'MSD S.A','SAN MARTIN 4686','3364410720 LUIS LAMBERTI','','',5,'VILLA CONSTITUCION','',1,'655185..9','1044'),(90,'KITO','LA MADRID','3364373775','','',5,'SAN NICOLAS','2900',1,' JNLKNMLIK','1044'),(91,'VIRAGO ALTERNADOR','YYYY','3460692118','','',5,'','',1,'6887','1044'),(92,'CARLETTI','SAVIO 1853','3364537428','','',5,'SAN NICOLAS','2900',1,'0','1044'),(93,'VALDEZ ','MORENO 729','4437958 FIJO','','',5,'SAN NICOLAS','2900',1,'628984512','1044'),(94,'DORRONZORO JOSE','SOLER 80','0111558450659','','',5,'SAN NICOLAS','2900',1,'6021+965','1044'),(95,'GONZALEZ','CHACABUCO 635','3364639433','','',5,'SAN NICOLAS','2900',1,'648858','1044'),(96,'DISTEFANO','GARIBALDI 335','3364524550','','',5,'SAN NICOLAS','2900',1,'15425','1044'),(97,'A.F.A S.A','CALLE 13 COMIRSA 2','341 3727988 GABRIEL CAMPILOBO','','',5,'SAN NICOLAS','2900',1,'858189','1044'),(98,'LUCIANO BANGIORI','SARMIENTO  21','3364536173','','',5,'SAN NICOLAS','2900',1,'51878/1828','1044'),(99,'LOSADA ADRIAN','PAVAN 358','3364574489','','',5,'SAN NICOLAS','2900',1,'8521','1044'),(100,'VEGA GUSTAVO','ALMAFUERTE 1245','3364512830 / 3364335938','','',5,'SAN NICOLAS','2900',1,'8865245','1044'),(101,'TUKI ANGEL OMAR','BOER  445','3364324308','','',5,'SAN NICOLAS','2900',1,'595','1044'),(102,'VALIA VICTOR','LAS PALMAS 123','3364567081','','',5,'SAN NICOLAS','2900',1,'2561865','1044'),(103,'FONTANA DANIEL','LAS HERAS 321','3364561332','','',5,'SAN NICOLAS','2900',1,'8545','1044'),(104,'LUBRITECH ARG.','SEGUNDO GARCIA 657','01152210732','','',5,'SAN NICOLAS','2900',1,'366954 ','1044'),(105,'PERUCHENA EDUARDO','ROJAS 1259','3364309305','','',5,'SAN NICOLAS','2900',1,'2561','1044'),(106,'JETZT S.A','MONTEVIDEO 116','3364390032','','',5,'SAN NICOLAS','2900',1,'2155','1044'),(107,'VERCELLI EVHSA ','AV. PRES. JUAN DOMINGO PERON 2425','3364310275 / JUAN 3364357079','','',5,'SAN NICOLAS','2900',1,'58585','1044'),(108,'CHINO','....','3364686060','','',5,'SAN NICOLAS','2900',1,'02212','1044'),(109,'HUERTA HURBANO ','SARMIENTO 288','3364 4431913 FIJO','','',5,'SAN NICOLAS','2900',1,'525885','1044'),(110,'AREJO JORGE','MUTUAL SAVIO','3364678891','','',5,'SAN NICOLAS','2900',1,'88952','1044'),(111,'ORTIZ HUGO','PRIMAVERA 654','3364201067','','',5,'SAN NICOLAS','2900',1,'65212','1044'),(112,'SOSA','LA EMILIA','3364271212','','',5,'SAN NICOLAS','2900',1,'5048585','1044'),(113,'TORREZ MIGUEL','BOLIVAR 1284','4421613 FIJO','','',5,'SAN NICOLAS','2900',1,'25','1044'),(114,'STRETKY SILVESTRE','PARAGUAY 1487 SANCHEZ','3364060981','','',5,'SAN NICOLAS','2900',1,'001','1044'),(115,'ANGELICO','DD','3364688307','','',5,'SAN NICOLAS','2900',1,'110','1044'),(116,'LITO','AV MORENO 460','3364413302','','',5,'SAN NICOLAS','2900',1,'002','1044'),(117,'MASTROIANI ANABELLA','SAN NICOLAS S/N RAMALLO','3407430427','','',5,'RAMALLO','2900',1,'256','1044'),(118,'ROMERO','21','3364621076','','',5,'SAN NICOLAS','2900',1,'2215','1044'),(119,'HERDEA S.R.L.','NACION 151','3364637765','herdea.srl@gmail.com','30-70826129-3',1,'SAN NICOLAS','2900',1,'2121212154','1044'),(120,'TRATANI ARIEL','DON BOSCO 456','3364367355','','',5,'SAN NICOLAS','2900',1,'2565','1044'),(121,'MAIDANA','GY','3364514198','','',5,'SAN NICOLAS','2900',1,'55','1044'),(122,'OSORIO JAIME','LAS PALMAS 1345','3364640102','','',5,'SAN NICOLAS','2900',1,'002','1044'),(123,'IBAÑEZ DANIEL','DEL CARMEN','3364336584','','',5,'SAN NICOLAS','2900',1,'KJM','1044'),(124,'RUYMEL TESSITURA','POMBO 527','3364662475','','',5,'SAN NICOLAS','2900',1,'2101','1044'),(125,'MARTIN','PRIMAVERA Y ARGERICH','3412849460','','',5,'SAN NICOLAS','2900',1,'414','1044'),(126,'DUPUL JUAN CRUZ','BARRIO SANTA CLARA ','3364191203','','',5,'SAN NICOLAS','2900',1,'251','1044'),(127,'DAMIAN','TRHG','3364606807','','',5,'SAN NICOLAS','2900',1,'45254','1044'),(128,'AMBELECH JUAN CARLOS','LAS PALMAS 1526','3364527431','','',5,'SAN NICOLAS','2900',1,'5828','1044'),(129,'TITO ROMERO','GHGH','3364563832','','',5,'SAN NICOLAS','2900',1,'564554','1044'),(130,'SOUPRASAVHS MARCELO','BALCARCE S/N','3364577550','','',5,'SAN NICOLAS','2900',1,'00','1044'),(131,'COLMAN MAXIMO','JUJUY 159','3364002447','','',5,'SAN NICOLAS','2900',1,'5812','1044'),(132,'MOTEL JB MARIA EUGENIA TOMAS','ARTURO ILLIA 1550','3364209610','','',5,'SAN NICOLAS','2900',1,'212','1044'),(133,'ELECTRO INTEGRAL','SAVIO 112','3364619934 GABRIEL','','',5,'SAN NICOLAS','2900',1,'5658','1044'),(134,'LAVANDERIA SARMIENTO','SARMIENTO 82','4450148 FIJO // 3364181948','','',5,'SAN NICOLAS','2900',1,'25','1044'),(135,'LAVECHIA ANTONIO ','BOLIVAR 25','3364520020','','',5,'SAN NICOLAS','2900',1,'57','1044'),(136,'RIVASWIS','CHACABUCO 481','3364337728','','',5,'SAN NICOLAS','2900',1,'65544','1044'),(137,'LACOME JESUS','SAN JUAN 257','3407415887','','',5,'SAN NICOLAS','2900',1,'251','1044'),(138,'ZEBALLO EDUARDO','BARRIO LAS MEZILLAS','3364567901','','',5,'SAN NICOLAS','2900',1,'51','1044'),(139,'BURGOS MARCELOS','ALBERDI  469','33644041728','','',5,'SAN NICOLAS','2900',1,'110','1044'),(140,'INSTITUTO FRAY LUIS BELTRAN','MORENO 401','3364216167','','',5,'SAN NICOLAS','2900',1,'556','1044'),(141,'FARIAS CARLOS','AMERICA 1256','3364351193','','',5,'SAN NICOLAS','2900',1,'KHJH','1044'),(142,'PAREDES PATRICIA','BARRIO SOMISA','3364646181','','',5,'SAN NICOLAS','2900',1,'00','1044'),(143,'ALMA VERDE','YRIGOYEN 1335','3364001579','','',5,'SAN NICOLAS','2900',1,'002','1044'),(144,'DESC 00','MM','3364653648','','',5,'SAN NICOLAS','2900',1,'11','1044'),(145,'ANTONIELLI LUIS','LL','33694','','',5,'SAN NICOLAS','2900',1,'44','1044'),(146,'SHELL HIPOLITO ','VIALE 441','3364654137','','',5,'SAN NICOLAS','2900',1,'001','1044'),(147,'CAFE DE LA PLAZA','SARMIENTO 54','3400533310','','',5,'SAN NICOLAS','2900',1,'G','1044'),(148,'RODRIGUEZ MATIAS','CERNADAS 225','3364667098','','',5,'SAN NICOLAS','2900',1,'25','1044'),(149,'MARTINEZ JUAN F','SAAVEDRA 341 CONESA','3364676465','','',5,'CONESA','2900',1,'002','1044'),(150,'NORMA','25','3364339458','','',5,'SAN NICOLAS','2900',1,'0021','1044'),(151,'GIMENEZ LUIS','LA MADRID 82','3364602417','','',5,'SAN NICOLAS','2900',1,'00121','1044'),(152,'CABALLERO E.M.I','PONCE DE LEON 407','3364419117','','',5,'SAN NICOLAS','2900',1,'001','1044'),(153,'QUINTANA','MMN','3364664321','','',5,'SAN NICOLAS','2900',1,'06512','1044'),(154,'STRAPA','KKKK','3364663413','','',5,'SAN NICOLAS','2900',1,'01','1044'),(155,'CEBALLOS JUAN ','AMEGHINO 634','3364677010 / WAT 662104','','',5,'SAN NICOLAS','2900',1,'25','1044'),(156,'VIRGILITO FEDERICO','9 DE JULIO 387','3364530886','','20-32443883-2',5,'SAN NICOLAS','2900',1,'32443883','1044'),(157,'GONZALEZ DANIEL','HH','3364560962','','',5,'SAN NICOLAS','2900',1,'001','1044'),(158,'NEGRO','0000','00','','',5,'SAN NICOLAS','2900',1,'00000','1044'),(159,'FERNANDEZ DARIO','0000','3364','','',5,'SAN NICOLAS','2900',1,'00','1044'),(160,'SUAREZ JAVIER','URQUIZA 536','3364510681','','',5,'SAN NICOLAS','2900',1,'0012','1044'),(161,'GUILLERNO','SOMOSA 12524','3364623650','','',5,'SAN NICOLAS','2900',1,'0021','1044'),(162,'CACERES GREGORIO','LA MADRID 422','3364523034','','',5,'SAN NICOLAS','2900',1,'22','1044'),(163,'MATIEU MATIAS','REYNOSO 288','3364205610','','',5,'SAN NICOLAS','2900',1,'25','1044'),(164,'VICENTE MARCELO','CAMPOS SALLES','3364573762','','',5,'SAN NICOLAS','2900',1,'001','1044'),(165,'CALIVA JULIO','PELLEGRINI 1359','3364615311','','',5,'SAN NICOLAS','2900',1,'001','1044'),(166,'BERON ROBERTO','LOS ROBLES 2285','3364279577','','',5,'SAN NICOLAS','2900',1,'024851','1044'),(167,'ACCORRONI RUBEN','JUAN B JUSTO 340','3364400561','','',5,'SAN NICOLAS','2900',1,'005','1044'),(168,'SOLDANA JORGE','RAMALLO PUEBLO','3364526054','','',5,'SAN NICOLAS','2900',1,'001','1044');
/*!40000 ALTER TABLE `clientes` ENABLE KEYS */;
UNLOCK TABLES;

--
-- Table structure for table `cod_afip`
--

DROP TABLE IF EXISTS `cod_afip`;
/*!40101 SET @saved_cs_client     = @@character_set_client */;
/*!40101 SET character_set_client = utf8 */;
CREATE TABLE `cod_afip` (
  `cod_afip` int(11) NOT NULL,
  `id_iva` int(11) NOT NULL,
  `letra` varchar(3) NOT NULL,
  `id_iva_compra` int(11) NOT NULL,
  `cod_afip_t` varchar(3) NOT NULL,
  `id_tipo_comp` int(11) NOT NULL COMMENT '1 fac 2 nd 3 nc',
  `id` int(11) NOT NULL AUTO_INCREMENT,
  PRIMARY KEY (`id`)
) ENGINE=InnoDB AUTO_INCREMENT=62 DEFAULT CHARSET=utf8mb4;
/*!40101 SET character_set_client = @saved_cs_client */;

--
-- Dumping data for table `cod_afip`
--

LOCK TABLES `cod_afip` WRITE;
/*!40000 ALTER TABLE `cod_afip` DISABLE KEYS */;
INSERT INTO `cod_afip` VALUES (1,1,'A',1,'001',1,1),(2,1,'A',1,'002',2,2),(3,1,'A',1,'003',3,3),(6,1,'B',2,'006',1,4),(7,1,'B',2,'007',2,5),(8,1,'B',2,'008',3,6),(11,6,'C',1,'011',1,7),(12,6,'C',1,'012',2,8),(13,6,'C',1,'013',3,9),(6,1,'B',3,'006',1,10),(6,1,'B',4,'006',1,11),(6,1,'B',5,'006',1,12),(6,1,'B',6,'006',1,13),(7,1,'B',3,'007',2,14),(7,1,'B',4,'007',2,15),(7,1,'B',5,'007',2,16),(7,1,'B',6,'007',2,17),(8,1,'B',3,'008',3,18),(8,1,'B',4,'008',3,19),(8,1,'B',5,'008',3,20),(8,1,'B',6,'008',3,21),(11,6,'C',2,'011',1,22),(12,6,'C',2,'012',2,23),(13,6,'C',2,'013',3,24),(11,6,'C',3,'011',1,25),(12,6,'C',3,'012',2,26),(13,6,'C',3,'013',3,27),(12,6,'C',4,'012',2,28),(13,6,'C',4,'013',3,29),(11,6,'C',4,'011',1,30),(12,6,'C',5,'012',2,31),(13,6,'C',5,'013',3,32),(11,6,'C',5,'011',1,33),(12,6,'C',6,'012',2,34),(13,6,'C',6,'013',3,35),(11,6,'C',6,'011',1,36),(11,4,'C',1,'011',1,44),(12,4,'C',1,'012',2,45),(13,4,'C',1,'013',3,46),(11,4,'C',2,'011',1,47),(12,4,'C',2,'012',2,48),(13,4,'C',2,'013',3,49),(11,4,'C',3,'011',1,50),(12,4,'C',3,'012',2,51),(13,4,'C',3,'013',3,52),(12,4,'C',4,'012',2,53),(13,4,'C',4,'013',3,54),(11,4,'C',4,'011',1,55),(12,4,'C',5,'012',2,56),(13,4,'C',5,'013',3,57),(11,4,'C',5,'011',1,58),(12,4,'C',6,'012',2,59),(13,4,'C',6,'013',3,60),(11,4,'C',6,'011',1,61);
/*!40000 ALTER TABLE `cod_afip` ENABLE KEYS */;
UNLOCK TABLES;

--
-- Table structure for table `empresa_punto`
--

DROP TABLE IF EXISTS `empresa_punto`;
/*!40101 SET @saved_cs_client     = @@character_set_client */;
/*!40101 SET character_set_client = utf8 */;
CREATE TABLE `empresa_punto` (
  `id_empresa` int(11) NOT NULL,
  `punto` int(11) NOT NULL,
  `tipo` int(11) NOT NULL,
  `ultimo` int(11) NOT NULL
) ENGINE=InnoDB DEFAULT CHARSET=utf8mb4;
/*!40101 SET character_set_client = @saved_cs_client */;

--
-- Dumping data for table `empresa_punto`
--

LOCK TABLES `empresa_punto` WRITE;
/*!40000 ALTER TABLE `empresa_punto` DISABLE KEYS */;
INSERT INTO `empresa_punto` VALUES (1,13,1,46);
/*!40000 ALTER TABLE `empresa_punto` ENABLE KEYS */;
UNLOCK TABLES;

--
-- Table structure for table `empresas`
--

DROP TABLE IF EXISTS `empresas`;
/*!40101 SET @saved_cs_client     = @@character_set_client */;
/*!40101 SET character_set_client = utf8 */;
CREATE TABLE `empresas` (
  `id_empresa` bigint(20) NOT NULL AUTO_INCREMENT,
  `razon_soc` varchar(50) NOT NULL,
  `cuit` varchar(13) NOT NULL,
  `direccion` varchar(50) NOT NULL,
  `email` varchar(100) NOT NULL,
  `datos` varchar(4000) NOT NULL,
  `clave` varchar(20) NOT NULL,
  `certi_ruta` varchar(100) NOT NULL,
  `certi_nombre` varchar(100) NOT NULL,
  `puerto_fe` int(11) NOT NULL,
  `ruta_comun` varchar(100) NOT NULL,
  `cond_iva` int(11) NOT NULL,
  `ult_comp` int(11) NOT NULL DEFAULT 1,
  `fe_ini_act` varchar(10) NOT NULL,
  `nro_iibb` varchar(20) NOT NULL,
  `localidad` varchar(70) NOT NULL,
  `provincia` varchar(50) NOT NULL,
  `cp` int(11) NOT NULL,
  PRIMARY KEY (`id_empresa`),
  UNIQUE KEY `empresas_id_empresa_idx` (`id_empresa`) USING BTREE,
  UNIQUE KEY `empresas_cuit_IDX` (`cuit`) USING BTREE
) ENGINE=InnoDB AUTO_INCREMENT=8 DEFAULT CHARSET=utf8mb4;
/*!40101 SET character_set_client = @saved_cs_client */;

--
-- Dumping data for table `empresas`
--

LOCK TABLES `empresas` WRITE;
/*!40000 ALTER TABLE `empresas` DISABLE KEYS */;
INSERT INTO `empresas` VALUES (1,'MAFELECTRIC','20-20385210-0','Gerónimo costa 34 Bis.','','','123123123','/usr/facele/20-20385210-0/','pablito.crt',13,'/usr/facele/',1,41,'01/05/2013','9024802820','','',0);
/*!40000 ALTER TABLE `empresas` ENABLE KEYS */;
UNLOCK TABLES;

--
-- Table structure for table `estados`
--

DROP TABLE IF EXISTS `estados`;
/*!40101 SET @saved_cs_client     = @@character_set_client */;
/*!40101 SET character_set_client = utf8 */;
CREATE TABLE `estados` (
  `id_estado` int(11) NOT NULL AUTO_INCREMENT,
  `estado` varchar(100) DEFAULT NULL,
  PRIMARY KEY (`id_estado`)
) ENGINE=InnoDB AUTO_INCREMENT=9 DEFAULT CHARSET=utf8mb4;
/*!40101 SET character_set_client = @saved_cs_client */;

--
-- Dumping data for table `estados`
--

LOCK TABLES `estados` WRITE;
/*!40000 ALTER TABLE `estados` DISABLE KEYS */;
INSERT INTO `estados` VALUES (1,'REVISIONAR'),(2,'PRESUPUESTAR'),(3,'COTIZADO'),(4,'CANCELADO'),(5,'EN REPARACIÓN'),(6,'DEMORADO'),(7,'FINALIZADO'),(8,'ENTREGADO');
/*!40000 ALTER TABLE `estados` ENABLE KEYS */;
UNLOCK TABLES;

--
-- Table structure for table `factura_items`
--

DROP TABLE IF EXISTS `factura_items`;
/*!40101 SET @saved_cs_client     = @@character_set_client */;
/*!40101 SET character_set_client = utf8 */;
CREATE TABLE `factura_items` (
  `id` bigint(20) NOT NULL AUTO_INCREMENT,
  `id_factura` bigint(20) NOT NULL,
  `id_art` bigint(20) NOT NULL,
  `articulo` varchar(150) NOT NULL,
  `costo` decimal(20,2) NOT NULL,
  `precio` decimal(20,2) NOT NULL,
  `iva` decimal(6,2) NOT NULL,
  `cantidad` decimal(10,2) NOT NULL,
  `dto` decimal(6,2) NOT NULL,
  PRIMARY KEY (`id`)
) ENGINE=InnoDB AUTO_INCREMENT=117 DEFAULT CHARSET=utf8mb4;
/*!40101 SET character_set_client = @saved_cs_client */;

--
-- Dumping data for table `factura_items`
--

LOCK TABLES `factura_items` WRITE;
/*!40000 ALTER TABLE `factura_items` DISABLE KEYS */;
INSERT INTO `factura_items` VALUES (1,1,5,'BANANA',0.00,120.00,0.00,1.00,0.00),(2,1,3,'MAZANA',0.00,65.00,27.00,1.00,0.00),(3,1,6,'NARANJA',0.00,80.00,21.00,1.00,0.00),(4,1,9,'PERA',0.00,90.00,10.50,1.00,0.00),(5,2,3,'MAZANA',0.00,65.00,27.00,1.00,0.00),(6,2,6,'NARANJA',0.00,80.00,21.00,1.00,0.00),(7,3,6,'NARANJA',0.00,80.00,21.00,1.00,0.00),(8,4,6,'NARANJA',0.00,80.00,21.00,1.00,0.00),(9,5,5,'BANANA',0.00,120.00,0.00,1.00,0.00),(10,6,9,'PERA',0.00,90.00,10.50,1.00,0.00),(11,7,9,'PERA',0.00,90.00,10.50,1.00,0.00),(12,7,3,'MAZANA',0.00,65.00,27.00,1.00,0.00),(13,8,5,'BANANA',0.00,120.00,0.00,1.00,0.00),(14,9,3,'MAZANA',0.00,65.00,27.00,1.00,0.00),(15,9,6,'NARANJA',0.00,80.00,21.00,1.00,0.00),(16,10,9,'PERA',0.00,90.00,10.50,1.00,0.00),(17,10,5,'BANANA',0.00,120.00,0.00,1.00,0.00),(18,11,5,'BANANA',0.00,120.00,0.00,1.00,0.00),(19,12,5,'BANANA',0.00,120.00,0.00,1.00,0.00),(20,13,3,'MAZANA',0.00,65.00,27.00,1.00,0.00),(21,14,6,'NARANJA',0.00,80.00,21.00,1.00,0.00),(22,15,5,'BANANA',0.00,120.00,0.00,1.00,0.00),(23,16,5,'BANANA',0.00,120.00,0.00,1.00,0.00),(24,17,3,'MAZANA',0.00,65.00,27.00,1.00,0.00),(25,18,5,'BANANA',0.00,120.00,0.00,1.00,0.00),(26,19,5,'BANANA',0.00,120.00,0.00,1.00,0.00),(27,20,5,'BANANA',0.00,120.00,0.00,1.00,0.00),(28,21,5,'BANANA',0.00,120.00,0.00,1.00,0.00),(29,22,5,'BANANA',0.00,120.00,0.00,1.00,0.00),(30,23,3,'MAZANA',0.00,65.00,27.00,1.00,0.00),(31,23,6,'NARANJA',0.00,80.00,21.00,1.00,0.00),(32,24,9,'PERA',0.00,90.00,10.50,1.00,0.00),(33,25,5,'BANANA',0.00,120.00,0.00,1.00,0.00),(34,26,3,'MAZANA',0.00,65.00,27.00,1.00,0.00),(35,27,17,'MONJES BUDISTAS',0.00,4.00,0.00,1.00,0.00),(36,28,17,'MONJES BUDISTAS',0.00,4.00,0.00,1.00,0.00),(37,29,18,'MONJES BUDISTAS 99',0.00,34.00,10.50,1.00,0.00),(38,30,17,'MONJES BUDISTAS',0.00,4.00,0.00,1.00,5.00),(40,32,18,'MONJES BUDISTAS 99',0.00,34.00,10.50,1.00,0.00),(42,34,5,'BANANA',0.00,120.00,0.00,1.00,0.00),(45,37,6,'NARANJA',0.00,80.00,21.00,1.00,0.00),(51,42,7,'TOMATE PELLILLI',0.00,73.00,10.50,1.00,0.00),(53,44,5,'BANANA',0.00,120.00,0.00,1.00,0.00),(54,45,3,'MAZANA',0.00,65.00,27.00,1.00,0.00),(55,46,3,'MAZANA',0.00,65.00,27.00,3.00,0.00),(56,47,3,'MAZANA',0.00,65.00,27.00,3.00,0.00),(57,48,5,'BANANA',0.00,120.00,0.00,1.00,0.00),(58,48,3,'MAZANA',0.00,65.00,27.00,1.00,0.00),(59,48,6,'NARANJA',0.00,80.00,21.00,1.00,0.00),(60,48,9,'PERA',0.00,90.00,10.50,1.00,0.00),(61,49,3,'MAZANA',0.00,65.00,27.00,1.00,0.00),(62,49,6,'NARANJA',0.00,80.00,21.00,1.00,0.00),(63,50,5,'BANANA',0.00,120.00,0.00,1.00,0.00),(64,51,5,'BANANA',0.00,120.00,0.00,1.00,0.00),(65,52,5,'BANANA',0.00,120.00,0.00,1.00,0.00),(66,53,3,'MAZANA',0.00,65.00,27.00,1.00,0.00),(67,54,9,'PERA',0.00,90.00,10.50,1.00,0.00),(68,55,6,'NARANJA',0.00,80.00,21.00,1.00,0.00),(69,56,6,'NARANJA',0.00,80.00,21.00,1.00,0.00),(70,57,3,'MAZANA',0.00,65.00,27.00,1.00,0.00),(71,58,3,'MAZANA',0.00,65.00,27.00,1.00,0.00),(72,59,7,'TOMATE PELLILLI',0.00,73.00,10.50,1.00,0.00),(73,60,7,'TOMATE ',0.00,73.00,0.00,1.00,0.00),(74,61,7,'TOMATE ',0.00,73.00,0.00,1.00,0.00),(75,62,5,'BANANA',0.00,160.00,21.00,1.00,0.00),(76,63,5,'BANANA',0.00,160.00,21.00,1.00,0.00),(77,64,5,'BANANA',0.00,160.00,21.00,1.00,0.00),(78,65,5,'Mant. Post Vta. y Monitoreo Diario de Backups. Corresponde a Marzo 2021 Aplica %15 ENERO paridad conv. colec. emp. comercio (4,5%+10,5%)',0.00,160.00,21.00,1.00,0.00),(79,66,5,'BANANA',0.00,160.00,21.00,1.00,0.00),(80,67,5,'BANANA',0.00,160.00,21.00,1.00,0.00),(81,68,5,'BANANA',0.00,160.00,21.00,1.00,0.00),(82,69,3,'MAZANA',0.00,180.00,0.00,1.00,0.00),(83,70,6,'NARANJA',0.00,120.00,0.00,1.00,0.00),(84,71,5,'BANANA',0.00,160.00,21.00,1.00,0.00),(85,71,6,'NARANJA',0.00,120.00,0.00,1.00,0.00),(86,72,3,'MAZANA',0.00,180.00,0.00,1.00,0.00),(87,73,7,'TOMATE ',0.00,73.00,0.00,1.00,0.00),(88,73,7,'TOMATE ',0.00,73.00,0.00,1.00,0.00),(89,74,5,'BANANA',0.00,160.00,21.00,1.00,0.00),(90,74,9,'PERA',0.00,120.00,21.00,1.00,0.00),(91,75,6,'NARANJA',0.00,120.00,0.00,1.00,0.00),(92,76,5,'BANANA',0.00,160.00,21.00,1.00,0.00),(93,77,5,'BANANA',0.00,160.00,21.00,1.00,0.00),(94,78,5,'BANANA',0.00,160.00,21.00,1.00,0.00),(95,79,5,'BANANA',0.00,160.00,21.00,1.00,0.00),(96,80,5,'BANANA',0.00,160.00,21.00,1.00,0.00),(97,81,5,'BANANA',0.00,160.00,21.00,1.00,0.00),(98,82,3,'MAZANA',0.00,180.00,0.00,1.00,0.00),(99,83,6,'NARANJA',0.00,120.00,0.00,2.00,0.00),(100,84,5,'BANANA',0.00,160.00,21.00,2.00,0.00),(101,85,5,'BANANA',0.00,160.00,21.00,3.00,0.00),(102,86,5,'BANANA',0.00,160.00,21.00,1.00,0.00),(103,87,9,'PERA',0.00,120.00,21.00,1.00,0.00),(104,88,3,'MAZANA',0.00,180.00,0.00,1.00,0.00),(105,89,7,'TOMATE ',0.00,73.00,0.00,2.00,0.00),(106,90,5,'BANANA',0.00,160.00,21.00,1.00,0.00),(107,91,6,'NARANJA',0.00,120.00,0.00,1.00,0.00),(108,92,5,'BANANA',0.00,160.00,21.00,1.00,0.00),(109,93,7,'TOMATE ',0.00,73.00,0.00,1.00,0.00),(110,94,9,'PERA',0.00,120.00,21.00,1.00,0.00),(111,95,5,'BANANA',0.00,160.00,21.00,1.00,0.00),(112,96,3,'MAZANA',0.00,180.00,0.00,1.00,0.00),(113,97,5,'BANANA',0.00,160.00,21.00,1.00,0.00),(116,100,5,'BANANA NO TEN CAROZO MA TEN FILAMENTO GROZO A PAPA MONO CON BANANAS VERDES. PUTO EL QUE LEE ESTA SOCOGARCHA YA NO SE MAS QUE ESCRIBIR LA PUTA MADRE NO',0.00,160.00,21.00,1.00,0.00);
/*!40000 ALTER TABLE `factura_items` ENABLE KEYS */;
UNLOCK TABLES;

--
-- Table structure for table `factura_tmp`
--

DROP TABLE IF EXISTS `factura_tmp`;
/*!40101 SET @saved_cs_client     = @@character_set_client */;
/*!40101 SET character_set_client = utf8 */;
CREATE TABLE `factura_tmp` (
  `id_empresa` bigint(20) NOT NULL,
  `usuario` int(11) NOT NULL,
  `id_art` int(11) NOT NULL,
  `articulo` varchar(150) DEFAULT NULL,
  `precio` decimal(20,2) NOT NULL,
  `dto` decimal(6,2) NOT NULL,
  `iva` decimal(6,2) NOT NULL,
  `cantidad` decimal(12,2) NOT NULL DEFAULT 0.00,
  `id_tmp` int(11) NOT NULL AUTO_INCREMENT,
  `fecha` date NOT NULL,
  `id_cliente` int(11) NOT NULL,
  `tipo_comp` int(11) NOT NULL COMMENT '( 1 FActura 2 ND 3 NC  4 Interno)',
  `obs` varchar(300) NOT NULL,
  `Estado` char(1) NOT NULL COMMENT 'E=para enviar , R=Rechazado ',
  `costo` decimal(20,2) NOT NULL,
  `dni` bigint(11) NOT NULL,
  `cliente` varchar(50) NOT NULL,
  `bandera` bigint(20) NOT NULL,
  `observacion` varchar(100) NOT NULL,
  PRIMARY KEY (`id_tmp`)
) ENGINE=InnoDB AUTO_INCREMENT=22 DEFAULT CHARSET=utf8mb4;
/*!40101 SET character_set_client = @saved_cs_client */;

--
-- Dumping data for table `factura_tmp`
--

LOCK TABLES `factura_tmp` WRITE;
/*!40000 ALTER TABLE `factura_tmp` DISABLE KEYS */;
/*!40000 ALTER TABLE `factura_tmp` ENABLE KEYS */;
UNLOCK TABLES;

--
-- Table structure for table `facturas`
--

DROP TABLE IF EXISTS `facturas`;
/*!40101 SET @saved_cs_client     = @@character_set_client */;
/*!40101 SET character_set_client = utf8 */;
CREATE TABLE `facturas` (
  `id_factura` bigint(20) NOT NULL AUTO_INCREMENT,
  `id_cliente` int(11) NOT NULL,
  `fecha` date NOT NULL,
  `total` decimal(20,2) NOT NULL,
  `puerto` int(11) NOT NULL,
  `numero` bigint(20) NOT NULL,
  `cod_afip` int(11) NOT NULL COMMENT '1 factura A 2 Factura B.... segun Afip',
  `iva21` decimal(20,2) NOT NULL,
  `iva105` decimal(20,2) NOT NULL,
  `neto` decimal(20,2) NOT NULL,
  `cae` varchar(100) NOT NULL,
  `cae_vence` varchar(100) NOT NULL,
  `cae_resultado` varchar(100) NOT NULL,
  `cae_obs` varchar(100) NOT NULL,
  `cond_iva` int(11) NOT NULL,
  `observacion` varchar(100) NOT NULL,
  `ctacte` char(1) NOT NULL COMMENT 'Cuetna Corriente = "1" contado ="0"',
  `id_empresa` bigint(20) NOT NULL,
  `iva0` decimal(20,2) NOT NULL,
  `iva27` decimal(20,2) NOT NULL,
  `neto27` decimal(20,2) NOT NULL,
  `neto0` decimal(20,2) NOT NULL,
  `neto21` decimal(20,2) NOT NULL,
  `neto105` decimal(20,2) NOT NULL,
  `iva` decimal(20,2) NOT NULL,
  `excento` decimal(20,2) NOT NULL DEFAULT 0.00,
  `letra` varchar(1) NOT NULL,
  `tipo_comp` int(11) NOT NULL,
  `codigo_comp` varchar(3) NOT NULL,
  `id_tipo_comp` int(11) NOT NULL,
  `dni` bigint(20) NOT NULL,
  `cliente` varchar(50) NOT NULL,
  `bandera` bigint(20) NOT NULL,
  `usuario` bigint(20) NOT NULL,
  PRIMARY KEY (`id_factura`)
) ENGINE=InnoDB AUTO_INCREMENT=101 DEFAULT CHARSET=utf8mb4;
/*!40101 SET character_set_client = @saved_cs_client */;

--
-- Dumping data for table `facturas`
--

LOCK TABLES `facturas` WRITE;
/*!40000 ALTER TABLE `facturas` DISABLE KEYS */;
INSERT INTO `facturas` VALUES (1,12,'2020-10-24',355.00,13,3,6,13.89,8.55,318.75,'70430875368205','2020-11-05','A','',1,'','',1,0.00,13.82,51.18,120.00,66.12,81.45,36.26,0.00,'B',6,'006',1,0,'',0,0),(2,12,'2020-10-25',145.00,13,4,6,13.89,0.00,117.30,'70430875397737','2020-11-05','A','',1,'','',1,0.00,13.82,51.18,0.00,66.12,0.00,27.71,0.00,'B',6,'006',1,0,'',0,0),(3,9,'2020-10-26',80.00,13,5,6,13.89,0.00,66.12,'70430875402279','2020-11-05','A','',1,'','',1,0.00,0.00,0.00,0.00,66.12,0.00,13.89,0.00,'B',6,'006',1,0,'',0,0),(4,12,'2020-10-26',80.00,13,6,6,13.89,0.00,66.12,'70430875403458','2020-11-05','A','',1,'','',1,0.00,0.00,0.00,0.00,66.12,0.00,13.89,0.00,'B',6,'006',1,0,'',0,0),(5,0,'2020-11-11',120.00,13,7,6,0.00,0.00,120.00,'70460898906872','2020-11-21','A','',1,'','',1,0.00,0.00,0.00,120.00,0.00,0.00,0.00,0.00,'B',6,'006',1,20385210,'UN MONJE',0,0),(6,0,'2020-11-12',90.00,1,1,0,0.00,0.00,0.00,'','','','',0,'','',1,0.00,0.00,0.00,0.00,0.00,0.00,0.00,0.00,'I',0,'',4,0,'',0,0),(7,0,'2020-11-12',155.00,1,2,0,0.00,0.00,0.00,'','','','',0,'','',1,0.00,0.00,0.00,0.00,0.00,0.00,0.00,0.00,'I',0,'',4,20385210,'RE PABLO GUSTAVO',0,0),(8,9,'2020-11-18',120.00,13,8,6,0.00,0.00,120.00,'70470899794958','2020-11-28','A','',1,'','',1,0.00,0.00,0.00,120.00,0.00,0.00,0.00,0.00,'B',6,'006',1,23247147519,'',152108,30565),(9,9,'2020-11-18',145.00,13,9,6,13.89,0.00,117.30,'70470899810075','2020-11-28','A','',1,'','',1,0.00,13.82,51.18,0.00,66.12,0.00,27.71,0.00,'B',6,'006',1,23247147519,'',598725,30565),(10,0,'2020-11-18',210.00,13,10,6,0.00,8.55,201.45,'70470899840053','2020-11-28','A','',1,'','',1,0.00,0.00,0.00,120.00,0.00,81.45,8.55,0.00,'B',6,'006',1,20385210,'un monje yerbatero',747565,3217),(11,9,'2020-11-18',120.00,13,11,6,0.00,0.00,120.00,'70470899840566','2020-11-28','A','',1,'','',1,0.00,0.00,0.00,120.00,0.00,0.00,0.00,0.00,'B',6,'006',1,23247147519,'',144287,3217),(12,9,'2020-11-18',120.00,13,12,6,0.00,0.00,120.00,'70470899840744','2020-11-28','A','',1,'','',1,0.00,0.00,0.00,120.00,0.00,0.00,0.00,0.00,'B',6,'006',1,23247147519,'',843559,35823),(13,9,'2020-11-18',65.00,13,13,6,0.00,0.00,51.18,'70470899841407','2020-11-28','A','',1,'','',1,0.00,13.82,51.18,0.00,0.00,0.00,13.82,0.00,'B',6,'006',1,23247147519,'',981309,98630),(14,9,'2020-11-18',80.00,13,14,6,13.89,0.00,66.12,'70470899842042','2020-11-28','A','',1,'','',1,0.00,0.00,0.00,0.00,66.12,0.00,13.89,0.00,'B',6,'006',1,23247147519,'',162780,5682),(15,9,'2020-11-18',120.00,13,15,6,0.00,0.00,120.00,'70470899842102','2020-11-28','A','',1,'','',1,0.00,0.00,0.00,120.00,0.00,0.00,0.00,0.00,'B',6,'006',1,23247147519,'',939409,5682),(16,9,'2020-11-18',120.00,13,16,6,0.00,0.00,120.00,'70470899846017','2020-11-28','A','',1,'','',1,0.00,0.00,0.00,120.00,0.00,0.00,0.00,0.00,'B',6,'006',1,23247147519,'',304534,5682),(17,9,'2020-11-18',65.00,13,17,6,0.00,0.00,51.18,'70470899846237','2020-11-28','A','',1,'','',1,0.00,13.82,51.18,0.00,0.00,0.00,13.82,0.00,'B',6,'006',1,23247147519,'',681817,5682),(18,9,'2020-11-18',120.00,13,18,6,0.00,0.00,120.00,'70470899846300','2020-11-28','A','',1,'','',1,0.00,0.00,0.00,120.00,0.00,0.00,0.00,0.00,'B',6,'006',1,23247147519,'',49460,5682),(19,9,'2020-11-23',120.00,13,19,6,0.00,0.00,120.00,'70470900131167','2020-12-03','A','',1,'','',1,0.00,0.00,0.00,120.00,0.00,0.00,0.00,0.00,'B',6,'006',1,23247147519,'',43250,9267),(20,9,'2020-11-23',120.00,13,20,6,0.00,0.00,120.00,'70470900131214','2020-12-03','A','',1,'','',1,0.00,0.00,0.00,120.00,0.00,0.00,0.00,0.00,'B',6,'006',1,23247147519,'',834476,9267),(21,9,'2020-11-23',120.00,13,21,6,0.00,0.00,120.00,'70470900131285','2020-12-03','A','',1,'','',1,0.00,0.00,0.00,120.00,0.00,0.00,0.00,0.00,'B',6,'006',1,23247147519,'',643779,9267),(22,9,'2020-11-23',120.00,13,22,6,0.00,0.00,120.00,'70470900134806','2020-12-03','A','',1,'','',1,0.00,0.00,0.00,120.00,0.00,0.00,0.00,0.00,'B',6,'006',1,23247147519,'',726600,9267),(23,9,'2020-11-23',145.00,13,23,6,13.89,0.00,117.30,'70470900134851','2020-12-03','A','',1,'','',1,0.00,13.82,51.18,0.00,66.12,0.00,27.71,0.00,'B',6,'006',1,23247147519,'',625263,9267),(24,9,'2020-11-23',90.00,13,24,6,0.00,8.55,81.45,'70470900134880','2020-12-03','A','',1,'','',1,0.00,0.00,0.00,0.00,0.00,81.45,8.55,0.00,'B',6,'006',1,23247147519,'',200596,9267),(25,9,'2020-11-23',120.00,13,25,6,0.00,0.00,120.00,'70470900134911','2020-12-03','A','',1,'','',1,0.00,0.00,0.00,120.00,0.00,0.00,0.00,0.00,'B',6,'006',1,23247147519,'',682770,9267),(26,9,'2020-11-23',65.00,13,26,6,0.00,0.00,51.18,'70470900134937','2020-12-03','A','',1,'','',1,0.00,13.82,51.18,0.00,0.00,0.00,13.82,0.00,'B',6,'006',1,23247147519,'NICO T',271571,9267),(27,0,'2020-11-27',4.00,11,1,11,0.00,0.00,4.00,'70489901074093','2020-12-07','A','',6,'','',7,0.00,0.00,0.00,4.00,0.00,0.00,0.00,0.00,'C',11,'011',1,4686602,'Marcelo',296442,43611),(28,0,'2020-11-27',4.00,11,2,11,0.00,0.00,4.00,'70489901074242','2020-12-07','A','',6,'','',7,0.00,0.00,0.00,4.00,0.00,0.00,0.00,0.00,'C',11,'011',1,4686601,'Juan Carlos',415529,43611),(29,13,'2020-11-27',34.00,11,3,11,0.00,3.23,30.77,'70489901075065','2020-12-07','A','',6,'','',7,0.00,0.00,0.00,0.00,0.00,30.77,3.23,0.00,'C',11,'011',1,30999005132,'JUAN CARLOS',239900,43611),(30,0,'2020-11-27',3.80,11,4,11,0.00,0.00,3.80,'70489901075638','2020-12-07','A','',6,'','',7,0.00,0.00,0.00,3.80,0.00,0.00,0.00,0.00,'C',11,'011',1,9999888,'Luchi Luchite',776438,43611),(45,0,'2020-11-30',65.00,1,3,0,0.00,0.00,0.00,'','','','',0,'','',1,0.00,0.00,0.00,0.00,0.00,0.00,0.00,0.00,'I',0,'',4,27045505,'BUITER CINTIA CECILIA',0,0),(46,0,'2020-11-30',195.00,1,4,0,0.00,0.00,0.00,'','','','',0,'','',1,0.00,0.00,0.00,0.00,0.00,0.00,0.00,0.00,'I',0,'',4,27045505,'BUITER CINTIA CECILIA',0,0),(47,0,'2020-11-30',195.00,1,5,0,0.00,0.00,0.00,'','','','',0,'','',1,0.00,0.00,0.00,0.00,0.00,0.00,0.00,0.00,'I',0,'',4,27045505,'BUITER CINTIA CECILIA',0,0),(48,0,'2020-11-30',355.00,1,6,0,0.00,0.00,0.00,'','','','',0,'','',1,0.00,0.00,0.00,0.00,0.00,0.00,0.00,0.00,'I',0,'',4,27045505,'BUITER CINTIA CECILIA',0,0),(49,0,'2020-11-30',145.00,1,7,0,0.00,0.00,0.00,'','','','',0,'','',1,0.00,0.00,0.00,0.00,0.00,0.00,0.00,0.00,'I',0,'',4,27045505,'BUITER CINTIA CECILIA',0,0),(50,9,'2020-12-01',120.00,13,27,6,0.00,0.00,120.00,'70480901571205','2020-12-11','A','',1,'','',1,0.00,0.00,0.00,120.00,0.00,0.00,0.00,0.00,'B',6,'006',1,23247147519,'TIZZANO NICOLAS',823297,79924),(51,11,'2021-02-02',120.00,1,8,0,0.00,0.00,0.00,'','','','',0,'','',1,0.00,0.00,0.00,0.00,0.00,0.00,0.00,0.00,'I',0,'',4,0,'',0,0),(52,9,'2021-02-02',120.00,13,28,6,0.00,0.00,120.00,'71050909720860','2021-02-12','A','',1,'','',1,0.00,0.00,0.00,120.00,0.00,0.00,0.00,0.00,'B',6,'006',1,23247147519,'TIZZANO NICOLAS',850568,42457),(53,9,'2021-02-02',65.00,13,29,6,0.00,0.00,51.18,'71050909721141','2021-02-12','A','',1,'','',1,0.00,13.82,51.18,0.00,0.00,0.00,13.82,0.00,'B',6,'006',1,23247147519,'TIZZANO NICOLAS',791658,42457),(54,9,'2021-02-02',90.00,13,30,6,0.00,8.55,81.45,'71050909755903','2021-02-12','A','',1,'','',1,0.00,0.00,0.00,0.00,0.00,81.45,8.55,0.00,'B',6,'006',1,23247147519,'TIZZANO NICOLAS',451785,68636),(55,12,'2021-02-02',80.00,13,31,6,13.89,0.00,66.12,'71050909767490','2021-02-12','A','',1,'','',1,0.00,0.00,0.00,0.00,66.12,0.00,13.89,0.00,'B',6,'006',1,20385210,'BUITER CINTIA CECILIA',920929,75466),(56,9,'2021-02-03',80.00,13,32,6,13.89,0.00,66.12,'71050911850460','2021-02-13','A','',1,'','',1,0.00,0.00,0.00,0.00,66.12,0.00,13.89,0.00,'B',6,'006',1,23247147519,'TIZZANO NICOLAS',925509,88434),(57,9,'2021-02-03',65.00,13,33,6,0.00,0.00,51.18,'71050911851209','2021-02-13','A','',1,'','',1,0.00,13.82,51.18,0.00,0.00,0.00,13.82,0.00,'B',6,'006',1,23247147519,'TIZZANO NICOLAS',901575,11560),(58,9,'2021-02-03',65.00,13,34,6,0.00,0.00,51.18,'71050911851296','2021-02-13','A','',1,'','',1,0.00,13.82,51.18,0.00,0.00,0.00,13.82,0.00,'B',6,'006',1,23247147519,'TIZZANO NICOLAS',584084,5377),(59,9,'2021-02-03',73.00,13,35,6,0.00,6.94,66.06,'71050911852488','2021-02-13','A','',1,'','',1,0.00,0.00,0.00,0.00,0.00,66.06,6.94,0.00,'B',6,'006',1,23247147519,'TIZZANO NICOLAS',891310,5377),(60,9,'2021-05-07',73.00,13,36,6,0.00,0.00,73.00,'71190936999218','2021-05-17','A','',1,'','',1,0.00,0.00,0.00,73.00,0.00,0.00,0.00,0.00,'B',6,'006',1,23247147519,'TIZZANO NICOLAS',124670,68391),(61,12,'2021-05-07',73.00,13,37,6,0.00,0.00,73.00,'71190937108197','2021-05-17','A','',1,'','',1,0.00,0.00,0.00,73.00,0.00,0.00,0.00,0.00,'B',6,'006',1,20385210,'BUITER CINTIA CECILIA ',24213,68391),(62,9,'2021-05-20',160.00,13,38,6,27.77,0.00,132.23,'71200940984675','2021-05-30','A','',1,'','',1,0.00,0.00,0.00,0.00,132.23,0.00,27.77,0.00,'B',6,'006',1,23247147519,'TIZZANO NICOLAS',834955,43614),(63,9,'2021-05-20',160.00,13,39,6,27.77,0.00,132.23,'71200940985312','2021-05-30','A','',1,'','',1,0.00,0.00,0.00,0.00,132.23,0.00,27.77,0.00,'B',6,'006',1,23247147519,'TIZZANO NICOLAS',968078,1154),(64,9,'2021-05-20',160.00,13,40,6,27.77,0.00,132.23,'71200940986693','2021-05-30','A','',1,'','',1,0.00,0.00,0.00,0.00,132.23,0.00,27.77,0.00,'B',6,'006',1,23247147519,'TIZZANO NICOLAS',791655,1154),(65,9,'2021-05-20',160.00,13,41,6,27.77,0.00,132.23,'71200940987607','2021-05-30','A','',1,'','',1,0.00,0.00,0.00,0.00,132.23,0.00,27.77,0.00,'B',6,'006',1,23247147519,'TIZZANO NICOLAS',964352,37793),(66,9,'2021-05-20',160.00,13,42,6,27.77,0.00,132.23,'71200940988506','2021-05-30','A','',1,'','',1,0.00,0.00,0.00,0.00,132.23,0.00,27.77,0.00,'B',6,'006',1,23247147519,'TIZZANO NICOLAS',622165,37793),(67,9,'2021-05-20',160.00,13,43,6,27.77,0.00,132.23,'71200940988519','2021-05-30','A','',1,'','',1,0.00,0.00,0.00,0.00,132.23,0.00,27.77,0.00,'B',6,'006',1,23247147519,'TIZZANO NICOLAS',917954,37793),(68,9,'2021-05-20',160.00,13,44,6,27.77,0.00,132.23,'71200940988700','2021-05-30','A','',1,'','',1,0.00,0.00,0.00,0.00,132.23,0.00,27.77,0.00,'B',6,'006',1,23247147519,'TIZZANO NICOLAS',417181,37793),(69,9,'2021-05-20',180.00,13,45,6,0.00,0.00,180.00,'71200940990551','2021-05-30','A','',1,'','',1,0.00,0.00,0.00,180.00,0.00,0.00,0.00,0.00,'B',6,'006',1,23247147519,'TIZZANO NICOLAS',702460,37793),(70,9,'2021-05-20',120.00,13,46,6,0.00,0.00,120.00,'71200941006710','2021-05-30','A','',1,'','',1,0.00,0.00,0.00,120.00,0.00,0.00,0.00,0.00,'B',6,'006',1,23247147519,'TIZZANO NICOLAS',482995,37793),(71,9,'2021-05-20',280.00,13,47,6,27.77,0.00,252.23,'71200941076876','2021-05-30','A','',1,'','',1,0.00,0.00,0.00,120.00,132.23,0.00,27.77,0.00,'B',6,'006',1,23247147519,'TIZZANO NICOLAS',837461,47725),(72,9,'2021-05-21',180.00,13,48,6,0.00,0.00,180.00,'71210941327156','2021-05-31','A','',1,'','',1,0.00,0.00,0.00,180.00,0.00,0.00,0.00,0.00,'B',6,'006',1,23247147519,'TIZZANO NICOLAS',562117,21847),(73,9,'2021-05-21',146.00,13,1,1,0.00,0.00,146.00,'71210941327449','2021-05-31','A','',1,'','',1,0.00,0.00,0.00,146.00,0.00,0.00,0.00,0.00,'A',1,'001',1,23247147519,'TIZZANO NICOLAS',505145,74911),(74,9,'2021-05-27',280.00,13,2,1,48.60,0.00,231.40,'71210942775496','2021-06-06','A','',1,'','',1,0.00,0.00,0.00,0.00,231.40,0.00,48.60,0.00,'A',1,'001',1,23247147519,'TIZZANO NICOLAS',880909,4317),(75,0,'2021-05-27',120.00,13,49,6,0.00,0.00,120.00,'71210942780499','2021-06-06','A','',1,'','',1,0.00,0.00,0.00,120.00,0.00,0.00,0.00,0.00,'B',6,'006',1,49985341,'Juan carlos',343036,83439),(76,0,'2021-05-27',160.00,13,50,6,27.77,0.00,132.23,'71210942792282','2021-06-06','A','',1,'','',1,0.00,0.00,0.00,0.00,132.23,0.00,27.77,0.00,'B',6,'006',1,49985341,'Juan carlos',858004,25046),(77,9,'2021-05-27',160.00,13,3,1,27.77,0.00,132.23,'71210942795989','2021-06-06','A','',1,'','',1,0.00,0.00,0.00,0.00,132.23,0.00,27.77,0.00,'A',1,'001',1,23247147519,'TIZZANO NICOLAS',355485,18760),(78,0,'2021-05-27',160.00,1,9,0,0.00,0.00,0.00,'','','','',0,'','',1,0.00,0.00,0.00,0.00,0.00,0.00,0.00,0.00,'I',0,'',4,24714751,'Juan Perez',0,0),(79,9,'2021-05-27',160.00,1,10,0,0.00,0.00,0.00,'','','','',0,'','',1,0.00,0.00,0.00,0.00,0.00,0.00,0.00,0.00,'I',0,'',4,0,'',0,0),(80,9,'2021-05-27',160.00,13,4,1,27.77,0.00,132.23,'71220942830583','2021-06-06','A','',1,'','',1,0.00,0.00,0.00,0.00,132.23,0.00,27.77,0.00,'A',1,'001',1,23247147519,'TIZZANO NICOLAS',170576,81049),(81,9,'2021-06-09',160.00,13,5,1,27.77,0.00,132.23,'71230945561847','2021-06-19','A','',1,'','',1,0.00,0.00,0.00,0.00,132.23,0.00,27.77,0.00,'A',1,'001',1,23247147519,'TIZZANO NICOLAS',921413,50888),(82,9,'2021-06-09',180.00,13,6,1,0.00,0.00,180.00,'71230945561907','2021-06-19','A','',1,'','',1,0.00,0.00,0.00,180.00,0.00,0.00,0.00,0.00,'A',1,'001',1,23247147519,'TIZZANO NICOLAS',435347,50888),(83,9,'2021-06-09',240.00,13,7,1,0.00,0.00,240.00,'71230945562555','2021-06-19','A','',1,'','',1,0.00,0.00,0.00,240.00,0.00,0.00,0.00,0.00,'A',1,'001',1,23247147519,'TIZZANO NICOLAS',27558,93430),(84,9,'2021-06-09',320.00,13,8,1,55.54,0.00,264.46,'71230945562571','2021-06-19','A','',1,'','',1,0.00,0.00,0.00,0.00,264.46,0.00,55.54,0.00,'A',1,'001',1,23247147519,'TIZZANO NICOLAS',134738,93430),(85,9,'2021-06-09',480.00,13,9,1,83.30,0.00,396.69,'71230945562864','2021-06-19','A','',1,'','',1,0.00,0.00,0.00,0.00,396.69,0.00,83.30,0.00,'A',1,'001',1,23247147519,'TIZZANO NICOLAS',524727,93430),(86,9,'2021-06-09',160.00,13,10,1,27.77,0.00,132.23,'71230945562982','2021-06-19','A','',1,'','',1,0.00,0.00,0.00,0.00,132.23,0.00,27.77,0.00,'A',1,'001',1,23247147519,'TIZZANO NICOLAS',427244,93430),(87,9,'2021-06-09',120.00,13,11,1,20.83,0.00,99.17,'71230945582019','2021-06-19','A','',1,'','',1,0.00,0.00,0.00,0.00,99.17,0.00,20.83,0.00,'A',1,'001',1,23247147519,'TIZZANO NICOLAS',336216,57947),(88,9,'2021-06-09',180.00,13,12,1,0.00,0.00,180.00,'71230945582226','2021-06-19','A','',1,'','',1,0.00,0.00,0.00,180.00,0.00,0.00,0.00,0.00,'A',1,'001',1,23247147519,'TIZZANO NICOLAS',990989,57947),(89,9,'2021-06-09',146.00,13,13,1,0.00,0.00,146.00,'71230945582328','2021-06-19','A','',1,'','',1,0.00,0.00,0.00,146.00,0.00,0.00,0.00,0.00,'A',1,'001',1,23247147519,'TIZZANO NICOLAS',919884,57947),(90,9,'2021-06-10',160.00,13,14,1,27.77,0.00,132.23,'71230945686285','2021-06-20','A','',1,'','',1,0.00,0.00,0.00,0.00,132.23,0.00,27.77,0.00,'A',1,'001',1,23247147519,'TIZZANO NICOLAS',171401,70224),(91,9,'2021-06-10',120.00,13,15,1,0.00,0.00,120.00,'71230945686963','2021-06-20','A','',1,'','',1,0.00,0.00,0.00,120.00,0.00,0.00,0.00,0.00,'A',1,'001',1,23247147519,'TIZZANO NICOLAS',202110,70224),(92,9,'2021-06-10',160.00,13,16,1,27.77,0.00,132.23,'71230945687922','2021-06-20','A','',1,'','',1,0.00,0.00,0.00,0.00,132.23,0.00,27.77,0.00,'A',1,'001',1,23247147519,'TIZZANO NICOLAS',698217,70224),(93,9,'2021-06-10',73.00,13,17,1,0.00,0.00,73.00,'71230945688494','2021-06-20','A','',1,'','',1,0.00,0.00,0.00,73.00,0.00,0.00,0.00,0.00,'A',1,'001',1,23247147519,'TIZZANO NICOLAS',324205,88833),(94,9,'2021-06-10',120.00,13,18,1,20.83,0.00,99.17,'71230945697035','2021-06-20','A','',1,'','',1,0.00,0.00,0.00,0.00,99.17,0.00,20.83,0.00,'A',1,'001',1,23247147519,'TIZZANO NICOLAS',139088,88833),(95,9,'2021-06-10',160.00,13,19,1,27.77,0.00,132.23,'71230945699126','2021-06-20','A','',1,'','',1,0.00,0.00,0.00,0.00,132.23,0.00,27.77,0.00,'A',1,'001',1,23247147519,'TIZZANO NICOLAS',669263,88833),(96,9,'2021-06-10',180.00,13,20,1,0.00,0.00,180.00,'71230945701212','2021-06-20','A','',1,'','',1,0.00,0.00,0.00,180.00,0.00,0.00,0.00,0.00,'A',1,'001',1,23247147519,'TIZZANO NICOLAS',15161,88833),(97,9,'2021-06-24',160.00,13,21,1,27.77,0.00,132.23,'71250949493820','2021-07-04','A','',1,'','',1,0.00,0.00,0.00,0.00,132.23,0.00,27.77,0.00,'A',1,'001',1,23247147519,'TIZZANO NICOLAS',978260,46987),(100,12,'2021-08-04',160.00,1,1,0,0.00,0.00,0.00,'','','','',0,'','',1,0.00,0.00,0.00,0.00,0.00,0.00,0.00,0.00,'I',0,'',4,0,'',0,0);
/*!40000 ALTER TABLE `facturas` ENABLE KEYS */;
UNLOCK TABLES;

--
-- Table structure for table `facturas_mpagos`
--

DROP TABLE IF EXISTS `facturas_mpagos`;
/*!40101 SET @saved_cs_client     = @@character_set_client */;
/*!40101 SET character_set_client = utf8 */;
CREATE TABLE `facturas_mpagos` (
  `m_pago` varchar(30) NOT NULL,
  `importe` decimal(20,2) NOT NULL,
  `id_empresa` bigint(20) NOT NULL,
  `fecha` date NOT NULL,
  `obs` varchar(300) NOT NULL,
  `id_fact_mp` bigint(20) NOT NULL AUTO_INCREMENT,
  `id_factura` bigint(20) NOT NULL,
  PRIMARY KEY (`id_fact_mp`)
) ENGINE=InnoDB AUTO_INCREMENT=102 DEFAULT CHARSET=utf8mb4;
/*!40101 SET character_set_client = @saved_cs_client */;

--
-- Dumping data for table `facturas_mpagos`
--

LOCK TABLES `facturas_mpagos` WRITE;
/*!40000 ALTER TABLE `facturas_mpagos` DISABLE KEYS */;
INSERT INTO `facturas_mpagos` VALUES ('CTA-CTE.',355.00,1,'2020-10-24','',1,1),('CTA-CTE.',145.00,1,'2020-10-25','',2,2),('CTA-CTE.',80.00,1,'2020-10-26','',3,3),('CHEQUE',80.00,1,'2020-10-26','un jinja',4,4),('EFECTIVO',120.00,1,'2020-11-11','',5,5),('EFECTIVO',90.00,1,'2020-11-12','',6,6),('EFECTIVO',90.00,1,'2020-11-12','',7,7),('TARJETA',65.00,1,'2020-11-12','',8,7),('EFECTIVO',120.00,1,'2020-11-18','',9,8),('EFECTIVO',145.00,1,'2020-11-18','',10,9),('EFECTIVO',210.00,1,'2020-11-18','',11,10),('EFECTIVO',120.00,1,'2020-11-18','',12,11),('EFECTIVO',120.00,1,'2020-11-18','',13,12),('EFECTIVO',65.00,1,'2020-11-18','',14,13),('EFECTIVO',80.00,1,'2020-11-18','',15,14),('EFECTIVO',120.00,1,'2020-11-18','',16,15),('EFECTIVO',120.00,1,'2020-11-18','',17,16),('EFECTIVO',65.00,1,'2020-11-18','',18,17),('EFECTIVO',120.00,1,'2020-11-18','',19,18),('EFECTIVO',120.00,1,'2020-11-23','',20,19),('EFECTIVO',120.00,1,'2020-11-23','',21,20),('EFECTIVO',120.00,1,'2020-11-23','',22,21),('EFECTIVO',120.00,1,'2020-11-23','',23,22),('EFECTIVO',145.00,1,'2020-11-23','',24,23),('EFECTIVO',90.00,1,'2020-11-23','',25,24),('EFECTIVO',120.00,1,'2020-11-23','',26,25),('EFECTIVO',65.00,1,'2020-11-23','',27,26),('EFECTIVO',4.00,7,'2020-11-27','KOKA',28,27),('EFECTIVO',4.00,7,'2020-11-27','',29,28),('CTA-CTE.',34.00,7,'2020-11-27','',30,29),('TARJETA',4.00,7,'2020-11-27','one monj',31,30),('EFECTIVO',34.00,7,'2020-11-27','',33,32),('EFECTIVO',120.00,1,'2020-11-28','',35,34),('EFECTIVO',80.00,1,'2020-11-28','',38,37),('EFECTIVO',73.00,1,'2020-11-28','',43,42),('EFECTIVO',120.00,1,'2020-11-30','',45,44),('EFECTIVO',65.00,1,'2020-11-30','',46,45),('EFECTIVO',195.00,1,'2020-11-30','',47,46),('EFECTIVO',195.00,1,'2020-11-30','',48,47),('EFECTIVO',355.00,1,'2020-11-30','',49,48),('EFECTIVO',145.00,1,'2020-11-30','',50,49),('EFECTIVO',120.00,1,'2020-12-01','',51,50),('CTA-CTE.',120.00,1,'2021-02-02','',52,51),('CTA-CTE.',120.00,1,'2021-02-02','',53,52),('CTA-CTE.',65.00,1,'2021-02-02','',54,53),('CTA-CTE.',90.00,1,'2021-02-02','',55,54),('CTA-CTE.',80.00,1,'2021-02-02','',56,55),('EFECTIVO',80.00,1,'2021-02-03','',57,56),('EFECTIVO',65.00,1,'2021-02-03','A FAVOR DE LEANDRO',58,57),('EFECTIVO',65.00,1,'2021-02-03','',59,58),('EFECTIVO',73.00,1,'2021-02-03','cheque ',60,59),('EFECTIVO',73.00,1,'2021-05-07','',61,60),('CTA-CTE.',73.00,1,'2021-05-07','',62,61),('EFECTIVO',160.00,1,'2021-05-20','',63,62),('EFECTIVO',160.00,1,'2021-05-20','',64,63),('EFECTIVO',160.00,1,'2021-05-20','',65,64),('EFECTIVO',160.00,1,'2021-05-20','',66,65),('EFECTIVO',160.00,1,'2021-05-20','',67,66),('EFECTIVO',160.00,1,'2021-05-20','',68,67),('CTA-CTE.',160.00,1,'2021-05-20','',69,68),('CTA-CTE.',180.00,1,'2021-05-20','',70,69),('EFECTIVO',120.00,1,'2021-05-20','',71,70),('CTA-CTE.',280.00,1,'2021-05-20','',72,71),('EFECTIVO',180.00,1,'2021-05-21','',73,72),('CHEQUE',146.00,1,'2021-05-21','',74,73),('EFECTIVO',280.00,1,'2021-05-27','',75,74),('EFECTIVO',120.00,1,'2021-05-27','',76,75),('EFECTIVO',160.00,1,'2021-05-27','',77,76),('EFECTIVO',160.00,1,'2021-05-27','',78,77),('EFECTIVO',160.00,1,'2021-05-27','',79,78),('EFECTIVO',160.00,1,'2021-05-27','',80,79),('EFECTIVO',160.00,1,'2021-05-27','',81,80),('CTA-CTE.',160.00,1,'2021-06-09','',82,81),('CTA-CTE.',180.00,1,'2021-06-09','',83,82),('CTA-CTE.',240.00,1,'2021-06-09','',84,83),('CTA-CTE.',320.00,1,'2021-06-09','',85,84),('EFECTIVO',480.00,1,'2021-06-09','',86,85),('CTA-CTE.',160.00,1,'2021-06-09','',87,86),('CTA-CTE.',120.00,1,'2021-06-09','',88,87),('CTA-CTE.',180.00,1,'2021-06-09','',89,88),('CTA-CTE.',146.00,1,'2021-06-09','',90,89),('CTA-CTE.',160.00,1,'2021-06-10','',91,90),('CTA-CTE.',120.00,1,'2021-06-10','',92,91),('CTA-CTE.',160.00,1,'2021-06-10','',93,92),('CTA-CTE.',73.00,1,'2021-06-10','',94,93),('EFECTIVO',120.00,1,'2021-06-10','',95,94),('CTA-CTE.',160.00,1,'2021-06-10','',96,95),('CTA-CTE.',180.00,1,'2021-06-10','',97,96),('EFECTIVO',160.00,1,'2021-06-24','',98,97),('CTA-CTE.',160.00,1,'2021-08-04','BANANA NO TEN CAROZO',99,98),('CTA-CTE.',160.00,1,'2021-08-04','',101,100);
/*!40000 ALTER TABLE `facturas_mpagos` ENABLE KEYS */;
UNLOCK TABLES;

--
-- Table structure for table `m_pagos_tmp`
--

DROP TABLE IF EXISTS `m_pagos_tmp`;
/*!40101 SET @saved_cs_client     = @@character_set_client */;
/*!40101 SET character_set_client = utf8 */;
CREATE TABLE `m_pagos_tmp` (
  `m_pago` varchar(30) NOT NULL,
  `importe` decimal(20,2) NOT NULL,
  `id_empresa` bigint(20) NOT NULL,
  `usuario` bigint(20) NOT NULL,
  `fecha` date NOT NULL,
  `id_mpago` bigint(20) NOT NULL AUTO_INCREMENT,
  `obs` varchar(300) NOT NULL,
  PRIMARY KEY (`id_mpago`)
) ENGINE=InnoDB AUTO_INCREMENT=22 DEFAULT CHARSET=utf8mb4;
/*!40101 SET character_set_client = @saved_cs_client */;

--
-- Dumping data for table `m_pagos_tmp`
--

LOCK TABLES `m_pagos_tmp` WRITE;
/*!40000 ALTER TABLE `m_pagos_tmp` DISABLE KEYS */;
/*!40000 ALTER TABLE `m_pagos_tmp` ENABLE KEYS */;
UNLOCK TABLES;

--
-- Table structure for table `o_trabajos`
--

DROP TABLE IF EXISTS `o_trabajos`;
/*!40101 SET @saved_cs_client     = @@character_set_client */;
/*!40101 SET character_set_client = utf8 */;
CREATE TABLE `o_trabajos` (
  `id_ot` int(11) NOT NULL AUTO_INCREMENT,
  `id_clie` int(11) NOT NULL,
  `fecha` datetime DEFAULT NULL,
  `descrip` varchar(5000) DEFAULT NULL,
  `estado` varchar(100) DEFAULT NULL,
  `fecha_entrega` datetime DEFAULT NULL,
  `estimado` int(11) DEFAULT 0,
  `importe` float(14,2) DEFAULT 0.00,
  PRIMARY KEY (`id_ot`)
) ENGINE=InnoDB AUTO_INCREMENT=209 DEFAULT CHARSET=utf8mb4;
/*!40101 SET character_set_client = @saved_cs_client */;

--
-- Dumping data for table `o_trabajos`
--

LOCK TABLES `o_trabajos` WRITE;
/*!40000 ALTER TABLE `o_trabajos` DISABLE KEYS */;
INSERT INTO `o_trabajos` VALUES (1,41,'2021-10-14 17:59:00','ESTATOR SPA 70MM\r14-10-2021 17:59:00-->MAURO :bobinar \r14-10-2021 17:59:00-->MAURI :paso a  reparación\r14-10-2021 17:59:00-->MAURO :boinado\r14-10-2021 17:59:00-->MAURO :terminad REMITO: 1241','ENTREGADO','2021-11-01 00:00:00',0,7150.00),(2,72,'2021-10-21 12:22:00','BOMBA CZERWENY TRIFASICA ZETA 6 N°06 2018 S1 IP 54 V200/380 HZ 50\nESTA MOJADA, NO FUNCIONA. A VERIFICAR\n   \r21-10-2021 12:22:00-->MAURO :lavar, secado, reparación en bornera. cambiar rodamientos.','ENTREGADO',NULL,0,6500.00),(3,74,'2021-10-21 14:05:00','MOTOR REDUCTOR WEG 1 HP                                                            \"TRABAJO ANTERIOR 00744\"\r\nEJE TORCIDO, A VERIFICAR\r\n\r\nOB: SIN VENTILADOR, CAPOT (LO TIENEN ELLOS)\r21-10-2021 14:05:00-->MAURO :desarmar armar, endezar eje\r27/10/2021 11:56-->mauro :eje en el tornero REMITO: 1241','ENTREGADO','2021-11-01 00:00:00',0,4500.00),(4,74,'2021-10-21 14:10:00','MOTOR REDUCTOR WEG 1HP, 0,75 KW 220/380 V 50HZ 3,37 / 1,95 A\r\nEJE TORCIDO, A VERIFICAR \r\nOB: SIN CAPOT ( LO TIENEN ELLOS)\r21-10-2021 14:10:00-->MAURO :desarmar , enderezar eje, cambio de rodamientos,arenar y pintar\r21-10-2021 14:10:00-->MAURO :ver neutro\r27/10/2021 11:52-->nico :saque 1 cable de la punta de estrella\r27/10/2021 11:55-->MAURO :eje en el tornero REMITO: 1241','ENTREGADO','2021-11-01 00:00:00',0,4500.00),(5,43,'2021-10-21 16:54:00','ELECTRO IMAN \r\nA NUEVO\r21-10-2021 16:54:00-->MAURO :rebobinar\r21-10-2021 16:54:00-->MAURO :hacer molde REMITO: 1232','ENTREGADO','2021-10-23 00:00:00',0,23600.00),(6,43,'2021-10-22 07:09:00','CARGADOR DE BATERÍA ENERGIT MODEL :MASTER CHARGER \n ENTR. 220V   40A  50HZ ,SALID.CC 12V  40A ,24V  200A\r08/11/2021 07:11-->MAURI :LO TIENE ROBER ..\r08/11/2021 11:37--> nico: Lo tiene robert, amigo de miguel.','DEMORADO',NULL,0,0.00),(7,75,'2021-10-22 07:20:00','VENTILADOR ABON GARDEN , CIRCULAR MODELO P25  M25 TENSION 220V\nA VERIFICAR\r22-10-2021 07:20:00-->fabian :cambio de bujes y mantenimiento\r22-10-2021 07:20:00-->fabian :cambio de capacitor\r','ENTREGADO',NULL,0,4600.00),(8,17,'2021-10-22 15:11:00','MOTOR FORZ 1/8 HP\n PRESUPUESTO \"CAMBIAR BUJES POR RODAMIENTOS\"\n SOLO PRESUPUESTO \n22-10-2021 15:11:00-->fabian :cambio de bujes por rodamientos\n09/11/2021 13:53-->MAURI :NO SE REALIZO EL TRABAJO, PRESUPUESTO ALTO','CANCELADO','1970-01-01 00:00:00',0,4800.00),(9,76,'2021-10-22 16:36:00','EXITATRIZ A VERIFICAR\r26/10/2021 08:41-->nico :modifique la cabeza de coneccion porque no entraba la placa de diodos.\npinte con barniz de terminación en su totalidad para tapar marcas de calentamiento provocadas por la pistola de calor y horno\r27/10/2021 11:49-->nico :listo','ENTREGADO',NULL,0,6500.00),(10,61,'2021-10-25 11:36:00','DESTORNILLADOR MAKITA SIN PLACA\nNO FUNCIONA, OBRA ECHERRARRIA\r25/10/2021 14:26-->nico :Miguel mando foto al proveedor consultando pieza y modelo','CANCELADO',NULL,0,0.00),(11,61,'2021-10-25 11:40:00','AMOLADORA 7 MAKITA GA7020. LARGO HUMO A VERIFICAR\r26/10/2021 14:27-->nico :Inducido en corto. \nTiene los resortes que agarran los campos con los porta carbones fundidos( si se consiguen pedirlos).\nMantenimiento Gral.','CANCELADO',NULL,0,12300.00),(12,61,'2021-10-25 11:47:00','TALADRO PERCUTOR BOSCH GBH 2-26 DRE\nNO FUNCIONA A VERIFICAR\r25-10-2021 11:47:00-->fabian :  ventilador industrial \r\r26/10/2021 08:56-->MAURI :correccion a ventilador ind.\r26/10/2021 14:38-->nico :Se clavo el pistón y rompió el sist. de golpe y rotación. Dar de baja o enviar a bosch\r26/10/2021 16:09-->admin :se envia a pedir precio a Bosch','CANCELADO',NULL,0,0.00),(13,44,'2021-11-14 07:49:00','motor tilcara 220v 0,75 hp rpm 140 ciclo 50 fase1\n armar a verificar\r14/11/2021 14:22-->nico :cambiar centrifugo, armardo completo , llego desarmado ,cambio de capacitor,pintura\r26/10/2021 14:33-->nico :soldar tapa \r27/10/2021 07:57-->nico :listo','ENTREGADO',NULL,0,4600.00),(14,17,'2021-10-26 15:50:00','MOTOR FORZ CZERWENY 3/4 HP CODIGO 59M-3009 N°01864858  220 V\n A VERIFICAR\r26/10/2021 15:42-->nico :bobinado en corto\r26/10/2021 16:17-->admin :se coloca en chatarra dado que pason 3años ','CANCELADO',NULL,0,0.00),(15,41,'2021-10-26 16:18:00','STATOR SOLO VULCANO N°50\nA BOBINAR\r27/10/2021 06:10-->nico :Bobinado\r27/10/2021 11:47-->nico :listo','ENTREGADO',NULL,0,4600.00),(16,57,'2021-10-27 09:05:00','GENERADOR LUSTOFF 8,5 GF-4 CON 2 HOJAS DE PLANOS       (NO PERDER)\nAVR NUEVO         ( SEGÚN SANTIAGO )\nBOBINADO NUEVO       \"            \"\nSIN AVR GENERA 230 V\nCON AVR 180 V MAX.\n TRAJO PARTES DESARMADOS !!!\n\n\n\r04/11/2021 09:31-->admin :reparar bobina de exitacion, desarmar y arme del equipo, 1litor de nafta, ensayos\r04/11/2021 09:34-->admin :ANTES DE PASAR PRECIO LLAMAR PARA QUE VEA SI ASÍ GENERA LO DESEADO\r2021-11-29 15:10:03--> MAURI:  ENTREGADO REMITO Nº: 1473','ENTREGADO','2021-11-29 15:10:03',0,9000.00),(17,77,'2021-10-27 09:28:00','GENERADOR GAMMA (ROJO)\n MANT. GENERAL\nFUNCIONA MAL EL ENCENDIDO POR SOGA (ENGRANADA)  \n\nSE LO LLEVE A LITO .... \n A VERIFICAR','ENTREGADO','1970-01-01 00:00:00',0,4500.00),(18,78,'2021-10-27 10:50:00','TRANSF. EQUIPO SANYO HOME THEATRE\nPRI 230V 50 HZ  H0200-616 \nNO FUNCIONA, TRAFO UNA ETIQUETA CON EL CONSUMO NO PERDER..\r29/10/2021 12:03-->ADMIN :BOBINADO\r2021-12-15 14:35:30--> MAURI: PASO LA REPARACIÓN PARA ENERO','EN REPARACIÓN',NULL,0,16700.00),(19,79,'2021-10-27 11:22:00','BOMBA SUMERGIBLE CZERWENY MONOFASICA DSP - 350 P\n0.35 KW.\nFUNCIONA EL MOTOR ,PERO NO TIRA AGUA A VERIFICAR.\n FUE REPARADA EN 05/04\n ESTA DESARMADA\n\r27/10/2021 11:22-->MAURO :RODAMIENTO CAP CELLO MANTENIMIENTO COMPLETO\r01/11/2021 10:17-->nico :cambie rod. y sello... LISTA!!','ENTREGADO','1970-01-01 00:00:00',0,3500.00),(20,80,'2021-10-27 11:41:00','STATOR SOLO MAQUINA HIDRO.\nPRESUPUESTO DE BOBINADO\r27/10/2021 11:42-->MAURO :bobinado\r30/10/2021 15:18-->admin :largo de Nucleo:???\n\r01/11/2021 06:33-->nico :60mm de largo de núcleo.','CANCELADO',NULL,0,17800.00),(21,80,'2021-10-27 11:43:00','MAQUINA DE SOLDAR ARGUE\n NO FUNCIONA \n A VERIFICAR\r02/11/2021 13:39-->admin :reparar bobina secundaria, hacer salidas nuevas ,cambiar  bulones de bronce nuevos, cable y pinsa de masa,pintura\r2021-11-12 14:53:21--> MAURI: CONFIRMADO','EN REPARACIÓN',NULL,0,12500.00),(22,44,'2021-10-27 12:48:00','MOTOR CINTA TRANSPORTADORA  SHYF 124 20160226 DG76-90W- 3PH 380V 380L-5 71M-S3-L\n\nREMITO 1238','ENTREGADO','2021-10-27 00:00:00',0,0.00),(23,81,'2021-10-27 15:20:00','BOMBA DE AGUA CENTRIF. TIPO CZ Z2 1HP \n A VERIFICAR\r28/10/2021 08:14-->nico :bobinado, rodamientos y sello','ENTREGADO','2021-11-03 00:00:00',0,12600.00),(24,82,'2021-10-27 16:42:00','MAQUINA DE SOLDAR KOMMBERG TURBO 275\n220V/380V\n VER  ENCHUFE , FUNCIONAMIENTO\n\r29/10/2021 12:00-->ADMIN :CAMBIAR LLAVE Y REPARAR PUNTAS DE BOBINA','ENTREGADO','2021-11-03 00:00:00',0,6300.00),(25,83,'2021-10-28 15:58:00','MOTOR 15 HP.  MANTENIMIENTO\n01/11/2021 10:46-->MAURO :bobinado 2 rodamiento 6311 bornera soldar ventilador en alumio cambiar toda la tornilleria motor 25hp\nRODAMIENTOS 6311 HAY EN STOCK\r26/11/2021 08:48--> NICO: motor 25hp no de 15 como dice la descripcion... listo\r2021-11-26 10:11:51--> MAURI: MOTOR 25 HP CORREGIDO\r2021-11-26 10:12:15--> MAURI:  ENTREGADO REMITO Nº: 1468','ENTREGADO','2021-11-26 10:12:15',0,1.00),(26,84,'2021-10-29 11:18:00','VENTILADOR INDUSTRIAL. DESARMADO SIN PALETAS\n A VERIFICAR\r01/11/2021 06:27-->nico :Bobinar, rodamientos y cap. Faltan los 4 tornillos de sujeción de tapa.\r02/11/2021 13:44-->admin :se necesita colocar otro motor , dado que su reparac. es dudosa\r18/11/2021 10:56--> fabian: REABLEABOBINADO ROD. CAP. CABLE 2METR0S FICHA','FINALIZADO',NULL,0,11000.00),(27,85,'2021-10-29 11:37:00','VENTILADOR INDUSTRIAL 28\" MODELO E-528 220V MARCA EIFFEL\nA VERIFICAR\n\r01/11/2021 07:11-->nico :cambiar rodamientos y cap.\r03/11/2021 09:47-->fabian :rebobinado rodamientos capacitor','ENTREGADO',NULL,0,6500.00),(28,86,'2021-10-29 10:53:00','ATORNILLADOR ELECTRICO MILWAUKEE\n A VERIFICAR\r29/10/2021 11:12-->NICO :FALLA EN LA PLACA, LO DEJO A TU CRITERIO...\r01/11/2021 15:08-->nico  :Se lo llevo Mauro (dueño)','CANCELADO',NULL,0,0.00),(29,87,'2021-10-29 15:50:00','TRAFO BOYERO \nA NUEVO \r01/11/2021 08:42-->MAURO :trafo de boyero ','CANCELADO',NULL,0,4900.00),(30,74,'2021-11-01 11:50:00','MOTOR MEZ MOHELMCE   N° 2356594 5,5 HP 380V\n A VERIFICAR\r01/11/2021 13:26-->MAURO :bobinado 5,5HP -RODAMIENTOS 6306-ARENADO Y PINTURA.\ncambiar 4 tornillos (3/8 x 50) con arandelas :8planas y 4grower.\r03/11/2021 16:34-->MAURI :FALTAN TORNILLOS , SEGÚN MUESTRA (4)\r04/11/2021 10:38-->NICO :bobinado, cambio de rodamientos tras extraer polea multiplican. armado y pintado. se cambiaron los tornillos de la base.\r2021-11-25 13:14:13--> MAURI:  ENTREGADO REMITO Nº: 1466','ENTREGADO','2021-11-25 13:14:13',0,1.00),(31,88,'2021-11-01 12:13:00','BOMBA PRACTIPOOL 0,7 KW 220 V\n ARRANCA Y SE TRABA \nA VERIFICAR\n02/11/2021 11:55-->admin :bobinado,rodamientos,capacitor,sello mecánico\n03/11/2021 16:32-->MAURI :ENTREGA VIERNES 15:00 HS. \n05/11/2021 07:19-->NICO :se bobino y se armo sin cambiar rodamientos ni sello. En el ensayo se escucho ok. ','ENTREGADO','1970-01-01 00:00:00',0,12300.00),(32,15,'2021-11-01 12:23:00','MOTOR REDANCE ELECTRIC 100 HP, 1470 RPM\r02/11/2021 11:52-->admin :cambiar rodamientos, lavado y secado, cambiar bornera, soldar ventilador \r04/11/2021 11:13-->MAURO :listo mantenimiento completo REMITO: 1246','ENTREGADO','2021-11-05 00:00:00',0,1.00),(33,15,'2021-11-01 12:25:00','MOTOR 30 HP  SIN BORNERA AL PARECER TIENE 2 VELOCIDADES\r\nA VERIFICAR\r03/11/2021 16:28-->MAURI :15 LITROS DE NAFTA\r03/11/2021 15:56-->MAURO :mantenimiento completo REMITO: 1246','ENTREGADO','2021-11-05 00:00:00',0,1.00),(34,89,'2021-11-01 15:41:00','PERFORADORA MAGNÉTICA  MAB 800. CON CAJA \nCALIENTO Y SALIO HUMO \nA VERIFICAR\n02/11/2021 07:44-->nico :bobinar campos (reforzar) y rodamientos\r2021-11-25 14:38:35--> MAURI: CONFIRMADO\r2021-11-26 13:47:45--> MAURI:  ENTREGADO REMITO Nº: 1470','ENTREGADO','2021-11-26 13:47:45',0,17600.00),(35,90,'2021-11-01 15:36:00','ROTO-MARTILLO GLADIATOR PRO RM 724 220V 850W \nNO TERCUTE, A VERIFICAR\r02/11/2021 06:16-->nico :Se ve todo ok.','ENTREGADO',NULL,0,0.00),(36,91,'2021-11-02 12:35:00','STATOR, ALTERNADOR MOTO VIRAGO\nA VERIFICAR\n02/11/2021 11:38-->nico :bobinado listo','ENTREGADO','2021-11-02 00:00:00',0,18000.00),(37,93,'2021-11-04 11:55:00','GENERADOR GAMMA 6500E\nNO GENERA, SIN BATERIA, NO ENCIENDE.\n A VERIFICAR','REVISIONAR',NULL,0,0.00),(38,92,'2021-11-04 11:56:00','GENERADOR LUSQTOFF LG 2500\nARRANCA BIEN , PERO NO GENERA\r17/11/2021 14:46--> NICO: Falla llave térmica  9A. En mundo-sierra cuesta 1500 aprox.\r2021-11-18 07:57:23--> admin: MTO. DE GENERADOR , CAMBIO DE CARBONES LIMPIZA GENERAL Y TERMICA. \r2021-11-18 11:18:43--> MAURI: EN ESPERA\r2021-11-18 11:21:09--> MAURI: CONFIRMADO\r18/11/2021 11:32--> NICO: Se reemplazo llave térmica.  \r2021-11-19 10:51:15--> MAURI: ENTREGADO','ENTREGADO','2021-11-19 10:51:15',0,5200.00),(39,94,'2021-11-04 12:01:00','BOMBA CZ Z1\n DEJO DE FUNCIONAR\n\r04/11/2021 11:17-->MAURO :bobinado z1 rodamientos sello cap encamizar eje\r09/11/2021 10:57-->MAURO :LISTO BOBINADO HECHO POR NICO\n','ENTREGADO','2021-11-09 00:00:00',0,12200.00),(40,95,'2021-11-04 12:04:00','MOTOR DE HORMIGONERA MODELO HE 0,25 KW, 500W, 1450 RPM\n EN CORTO\r04/11/2021 11:16-->MAURO :bobinado 1/2hp rodamientos 6203 cap12,5uf','CANCELADO',NULL,0,11500.00),(41,96,'2021-11-04 14:10:00','VENTILADOR INDUSTRIAL SPAR MOD. 40058   220V\n\r08/11/2021 14:11-->fabian :rebobinado rodamientos cap. llave velocidades','ENTREGADO','2021-11-10 00:00:00',0,11000.00),(42,97,'2021-11-05 10:12:00','MOTOR VENTILADOR DE COMPRESOR\n EN CORTO A VERIFICAR\n\nCONFIRMADO\nREMITO 1454\r12/11/2021 15:05--> MAURO: TERMINADO \nBOBINADO, CAMBIO DE RODAMIENTO CORTE DE ESTATOR CON EL TORNO Y VUELTO A TORNEAR.','ENTREGADO','2021-11-15 07:48:47',0,26300.00),(43,17,'2021-11-05 10:16:00','BOCHA DE REFRIGERACIÓN\nMT40-4VI  LE1008418510 MT40JH4EVE\n3X220V \r08/11/2021 07:50-->NICO :cambie conexión en bobinado de estrella a triangulo. \r08/11/2021 13:40-->MAURI :REMITO 1247','ENTREGADO',NULL,0,0.00),(44,98,'2021-11-08 08:51:00','MOTOR ABB MOTOR  MOT M2QA90S4A 1.27 KW 380V\nEN CORTO.\nCAFE DE LA PLAZA, LO NECESITAN PARA EL MIÉRCOLES A LA TARDE\n LE ENVIE LA PLACA DEL MOTOR A MIGUEL\r08/11/2021 08:30-->MAURO :bobinado rodamientos encamisar tapa\n','ENTREGADO','1970-01-01 00:00:00',0,16900.00),(45,99,'2021-11-08 11:26:00','BOMBA PRACTIPOOL ESPA  0,7 KW\nTIENE UNA PERDIDA DE AGUA\n AVERIFICAR\r08/11/2021 13:07-->MAURO :modificar turbina encamisar eje inox\n\r2021-11-12 14:52:17--> MAURI: CONFIRMADO\r15/11/2021 06:10--> MAURO: eje en el tornero\r19/11/2021 12:11--> MAURO: terminado listo  para entregar\r2021-11-25 14:41:47--> MAURI: ENTREGADO','ENTREGADO','2021-11-25 14:41:47',0,9800.00),(46,17,'2021-11-08 13:59:00','MOTOR MEZ N° 3027121 KW 0,75 P 3 380/220 V \nEN CORTO A VERIFICAR\nLO ANTES POSIBLE ...\r08/11/2021 14:39-->MAURO :bobinado y rodamientos\r2021-11-11 11:31:49--> MAURI: CONFIRMADO\r2021-11-12 07:47:09--> MAURI: REMITO 1250','ENTREGADO','2021-11-15 08:32:47',0,16200.00),(47,17,'2021-11-08 14:16:00','MOTOR FORZADOR 1HP 380V \nA VERIFICAR\r09/11/2021 07:55-->MAURO :bobinado y rodamientos 6303\n\r2021-11-12 14:51:53--> MAURI: CONFIRMADO\r19/11/2021 11:15--> Marcelo: armado y cambio de rodamiento 6203\r2021-11-23 16:46:19--> MAURI:  ENTREGADO REMITO Nº: 1463','ENTREGADO','2021-11-23 16:46:19',0,22390.00),(48,17,'2021-11-08 14:17:00','MOTOR FORZADOR 1HP 380 V\r\n A VERIFICAR\r11/11/2021 13:44--> MAURO: RODAMIENTOS Y PINTURA\r\n\r2021-11-12 14:51:23--> MAURI: CONFIRMADO REMITO: 1250','ENTREGADO','2021-11-15 08:32:37',0,22980.00),(49,17,'2021-11-08 14:17:00','MOTOR FORZADOR 1HP 380V\n09/11/2021 07:54-->MAURO :bobinado y rodamientos 6303\n09/11/2021 07:54-->MAURO :bobinado y rodamientos 6303\n\r2021-12-15 08:18:49--> MAURI:  ENTREGADO REMITO Nº: 1488','ENTREGADO','2021-12-15 08:18:49',0,22390.00),(50,17,'2021-11-08 14:18:00','MOTOR FORZADOR 1HP 380V\n AVERIFICAR\r11/11/2021 13:45--> MAURO: BOBINADO Y RODAMIENTOS\r2021-11-12 14:50:56--> MAURI: CONFIRMADO\r18/11/2021 11:29--> NICO: BOBINADO LISTO PARA ARMAR\r23/11/2021 16:15--> Marcelo: Armado, rodamientos. Pintura\r2021-11-25 14:49:29--> MAURI:  ENTREGADO REMITO Nº: 1464','ENTREGADO','2021-11-25 14:49:29',0,22980.00),(51,17,'2021-11-08 14:20:00','MOTOR FORZADOR 1HP 380V\nA VERIFICAR\r18/11/2021 13:38--> nico: bobinar y rodamientos. lista para bobinar\r2021-11-18 17:45:40--> admin: ENTREGAR CON REMITO\r16/12/2021 14:55--> NICO: bobinada listo para armar','EN REPARACIÓN',NULL,0,0.00),(52,17,'2021-11-08 14:22:00','MOTOR FORZADOR 3/4 HP 380V\nA VERIFICAR\r18/11/2021 13:37--> NICO: listo para bobinar\r2021-11-18 17:45:22--> admin: ENTREGAR CON REMITO\r23/11/2021 16:02--> Marcelo: Armado, rodamiento 6203 y 6202. Pintura\r2021-11-25 14:50:22--> MAURI:  ENTREGADO REMITO Nº: 1464','ENTREGADO','2021-11-25 14:50:22',0,0.00),(53,17,'2021-11-08 14:23:00','MOTOR FORZADOR 3/4 HP 380V\nA VERIFICAR\r15/11/2021 13:26--> MAURO: BOBINADO Y RODAMIENTO \nPELADO LISTO PARA BOBINAR\r2021-11-16 10:27:07--> admin: ENTREGAR CON REMITO\r20/12/2021 12:40--> Nico: Bobinado listo para armar','EN REPARACIÓN',NULL,0,0.00),(54,17,'2021-11-08 14:23:00','MOTOR FORZADOR 1/2 HP 380V\n A VERIFICAR\r17/11/2021 15:30--> fabian: rebobinado\r2021-11-17 21:20:36--> admin: sale con remito\r23/11/2021 16:00--> Marcelo: Armado, rodamientos 6203. pintura\r2021-11-25 14:51:01--> MAURI:  ENTREGADO REMITO Nº: 1464','ENTREGADO','2021-11-25 14:51:01',0,0.00),(55,17,'2021-11-08 14:24:00','MOTOR FORZADOR 1/2 HP 380V\n AVERIFICAR\r11/11/2021 11:04--> MAURO: PELADO Y PREPARADO\r2021-11-12 14:50:20--> MAURI: CONFIRMADO\r17/11/2021 11:34--> fabian: REBOBINAD0\r26/11/2021 13:17--> Marcelo: Mto General y pintura\r2021-12-15 08:19:18--> MAURI:  ENTREGADO REMITO Nº: 1488','ENTREGADO','2021-12-15 08:19:18',0,19470.00),(56,17,'2021-11-08 14:29:00','MOTOR FORZADOR 1/2 HP 380V\n A VERIFICAR\r15/11/2021 13:25--> MAURO: BOBINADO Y RODAMIENTOS \nLISTO PARA BOBINAR\r2021-11-16 10:26:27--> admin: ENTREGAR CON REMITO','EN REPARACIÓN',NULL,0,0.00),(57,17,'2021-11-08 14:30:00','MOTOR FORZADOR 1/2 HP 380 V CON PALETAS\r15/11/2021 13:23--> MAURO: BOBINADO Y RODAMIENTOS \nYA ESTA PARA BOBINAR\r2021-11-16 10:26:03--> admin: ENTREGAR CON REMITO\r26/11/2021 08:49--> NICO: bobinado listo para armar...','EN REPARACIÓN',NULL,0,0.00),(58,44,'2021-11-09 09:50:00','EXTRACTOR CENTRIFUGO  \n0,2 KW 1250 R/MIN 380V\r10/11/2021 14:00-->MAURO :bobinado y rodamientos\r2021-11-11 11:31:06--> MAURI: CONFIRMADO\r11/11/2021 14:21--> MAURO: terminadoooo!!!! tritri!!!!!!!!!\r2021-11-12 07:54:36--> MAURI: REMITO 1452','ENTREGADO','2021-11-12 08:31:05',0,29600.00),(59,100,'2021-11-09 11:01:00','BOMBA ESPA SILEN 30M 2305077/STD 0,7KW\n EN CORTO  A VERIFICAR\n PARA EL VIERNES 12/11 16:00 \n10/11/2021 14:39-->Marcelo :bobinar, cambio de rodamientos 6202 y mantenimiento general\n12/11/2021 09:40--> admin: encamizar eje inoxidable, cambiar sello mecanico\n2021-11-11 11:30:45--> MAURI: CONFIRMADO','ENTREGADO','2021-11-11 16:17:01',0,14800.00),(60,44,'2021-11-09 12:18:00','ELECTROMAGNÉTICA 220V \r\nEN CORTO\r\n LO ANTES POSIBLE!!!\r\nZANABRIA 3364495940 \r09/11/2021 15:23-->MAURO :YA ESTA TERMINADO \r10/11/2021 14:06-->mauro :carrete:48-24\r\nesp:2250\r\ndiámetro de alambre:0,18 REMITO: 1249','ENTREGADO','1970-01-01 00:00:00',0,1.00),(61,101,'2021-11-09 12:25:00','BOMBA SUMERGIBLE FLUVIAL MOD QPW 7505 220V 50 HZ 750 W\nA VERIFICAR\n \"ESTA DESARMADA\"\r11/11/2021 11:13--> MAURO: BOMBA SUMERGIBLE NÚCLEO NO DESCLAVABLE BOBINADO RODAMIENTO CAP ENCAMIZAR EJE Y CELLO MECANICO \r2021-11-12 11:05:39--> MAURI: EN ESPERA \r2021-12-15 14:24:41--> MAURI: NO LO HACE','CANCELADO',NULL,0,14400.00),(62,102,'2021-11-09 12:55:00','MOTOR PORTON ELECTRICO\nMOTOR CZ CV 1/2  KW V/MIN 1450 220/380V \n EN CORTO A VERIFICAR\n09/11/2021 13:56-->Marcelo :BOBINADO, TAPAS, RODAMIENTOS.-\n2021-11-11 11:30:03--> MAURI: CONFIRMADO\n2021-11-12 07:49:39--> MAURI: REMITO 1451    \nPAGO','ENTREGADO','2021-11-12 08:30:43',0,11200.00),(63,103,'2021-11-10 10:10:00','BOMBA VULCANO BEA 050 0,5 HP/037 KW 220V 12,5 UF, 3,2 A 2850 RPM\nFUE ENTREGADA 15/10. BOBINADO, RODAMIENTO, SELLO MECÁNICO, Y CAPACITOR\n\"SE QUEDA TRABADA \" A VERIFICAR\r10/11/2021 16:14-->MAURI :CAMBIO DE CAP 12,5 UF (FABIAN)\r2021-11-11 15:03:51--> admin: Solo cambio de capacitor','ENTREGADO','2021-11-11 16:17:01',0,850.00),(64,44,'2021-11-10 10:15:00','TRAFO \"ELECTROMAGNÉTICA 220V\"\nCANTIDAD 4  CARRETE 4824\n A NUEVO\r11/11/2021 07:51--> MAURO: 2250 esp de alambre 0,18 \r11/11/2021 09:02--> MAURO: carrete 48--24 alambre 0,18 2250esp \n4 trafos nuevo sin nucleo \r2021-11-11 10:16:25--> admin: PRECIO TOTAL POR CUATRO UNIDADES\r2021-11-11 11:29:04--> MAURI: confirmado\r15/12/2021 15:20--> MAURO: listoooo\r2021-12-16 14:30:38--> MAURI:  ENTREGADO REMITO Nº: 1487','ENTREGADO','2021-12-16 14:30:38',0,21000.00),(65,44,'2021-11-10 10:16:00','BOMBA VULCANO TIPO BAT 75-2  0,75HP / 055KW 220V 14UF 3,9 A\nEN CORTO A VERIFICAR\nTRAJO PARTE DEL MOTOR, SIN CAPOT(LO TIENE EL)\n LLAMAR A SANABRIA\n11/11/2021 08:56--> mauro: bobinado rodamientos cap\n0,75hp------6202-----12,5uf        \n2021-11-11 11:28:28--> MAURI: confirmado\n12/11/2021 12:11--> MAURO: PELEDO Y PREPARADA \nREMITO 1456\r16/11/2021 11:20--> MAURO: LISTO PARA ENTREGAR\n\r2021-11-16 12:29:59--> MAURI:   REMITO Nº: 1456','ENTREGADO','2021-11-16 12:29:59',0,14200.00),(66,57,'2021-11-10 10:53:00','CARGADOR DE BATERÍA DYNAMIC 620 (ROJO)\nNO ANDA\r26/11/2021 08:50--> NICO: lo desarmamos y no encontramos falla. el borne de 24 esta anulado\r2021-11-29 15:57:59--> admin: SE DESARMA Y REVISA , NO SE ENCUENTRA FALLA. REEMPLAZAR AMPERIMETRO\r2021-12-02 07:12:27--> MAURI: EN ESPERA','COTIZADO',NULL,0,8500.00),(67,104,'2021-11-10 11:24:00','MOTOR DE BOMBA HIDRAULICA, EQUIPO DESHIDRATADOR RELIANCE ELECTRIC 1,5 HP RPM 1725/1425 VOLTS 208/230 AMP 4,4/4,4 HZ 60/50 190-220/380-440V 50HZ\n PASAR PRESUPUESTO,,SI SE APRUEBA HACER FACTURA A\nHACE SALTAR TERMICAS\n10/11/2021 13:38-->Marcelo :mantenimiento general, cambio de rodamientos 6205, arenado y pintura\nRODAMIENTOS 6203, 6205\n2021-11-11 11:26:02--> MAURI: EN ESPERA, NO SE ARENA NI SE PINTA !!\n CONFIRMADO !!!!\n LE PASE DATOS A MIGUEL PARA FACTURA A\r12/11/2021 12:19--> Marcelo: Mantenimiento general, cambio de rodamientos\r2021-11-25 14:57:39--> MAURI: PAGO TRANF. BANC\r2021-11-25 14:57:51--> MAURI: ENTREGADO\r2021-11-25 14:57:51--> MAURI: ENTREGADO','ENTREGADO','2021-11-25 14:57:51',0,9700.00),(68,105,'2021-11-10 14:45:00','VENTILADOR DE PIE ATMA (BLANCO) SIN PROTECCIÓN DELANTERA (LA TIENE EL) \n DEJO DE FUNCIONAR AVERIFICAR\n12/11/2021 08:46--> fabian: cambio de bujes cap\n2021-11-12 11:03:11--> MAURI: EN ESPERA !!!\n2021-11-12 12:43:05--> MAURI: CONFIRMADO\n12/11/2021 15:37--> fabian: LISTO','ENTREGADO','2021-11-15 00:00:00',0,6600.00),(69,15,'2021-11-11 10:18:00','MOTOR CON BRIDA 30 KW  PLACA 101838\nROD.  6210 \n          6310  NO HAY\r16/11/2021 10:37--> Marcelo: BOBINAR, RODAMIENTOS 6310; 6210 Y RETENES 8290 (50-67-8), ARENAR, PINTAR.\nEJE RECTIFICAR.\nBORNERAS NUEVA.\r2021-11-16 17:22:41--> admin: SE ENTREGA CON REMITO\r02/12/2021 07:41--> NICO: Bobinado listo para armar\r03/12/2021 08:20--> Marcelo: TERMINADO\r2021-12-03 11:18:35--> MAURI:  ENTREGADO REMITO Nº: 1476','ENTREGADO','2021-12-03 11:18:35',0,0.00),(70,106,'2021-11-11 11:54:00','NIWA GNW - 55 220V 50HZ 5.0 KVA 5.5 KV\nGASTA ACEITE\n PRIORIDAD, EN LO POIBLE\r18/11/2021 14:28--> MAURO: lo tiene lito\r2021-11-30 15:22:11--> admin: SE COMPRUEBA QUE MOTOR SE TRABA POR TENER DOBLADA LA VIELA POR DESGASTE GENERAL, DEL MOTOR , SE CONSIDERA MAS CARA REPARAR QUE NUEVO, DAR DE BAJA\r2021-12-02 07:13:04--> MAURI: NO TIENE REPARACION  .....  CANCELO TRABAJO','CANCELADO',NULL,0,0.00),(71,24,'2021-11-11 11:57:00','BOMBA PERIFERICA CENTRIFUGA BTA 35L/M QB-80 220V 50HZ 370W\r\n\r\n15/11/2021 06:47--> MAURO: MANTENIMIENTO\r\nturbina doblada cambiar\r\n*cap (8uf)\r\n*rodanientos 6201 (eje 1/2)\r\n*sello mecanico eje 12 AF \r\n*arenado y pintura\r\nCONFIRMADO\r\n2021-11-16 16:21:14--> MAURI: 1/4 HP\r\n16/11/2021 15:22--> MAURO: LISTOOOO\r\n\r2021-11-17 12:00:03--> mauri:   REMITO Nº: 1458','ENTREGADO','2021-11-17 12:00:03',0,1.00),(72,73,'2021-11-11 12:18:00','BOMBA ROWA TANGO PRESS HP 0,50 KW 0,37 A2,6 IP 44 220V A 0078802\n EN CORTO \r12/11/2021 16:25--> MAURO          : BOBINADO CAP MANTENIMIENTO \r12/11/2021 16:25--> MAURO          : BOBINADO CAP MANTENIMIENTO \r2021-11-15 08:38:48--> MAURI: EN ESPERA\r2021-11-19 11:13:46--> MAURI: CONFIRMADO\r24/11/2021 12:20--> MAURO: PELADO LISTO PARA BOBINAR\r14/12/2021 16:47--> Nico: Bobinado. Lista para armar.\r15/12/2021 15:19--> MAURO: lista para entregar\n\r2021-12-20 16:55:38--> MAURI:  ENTREGADO REMITO Nº: 1494','ENTREGADO','2021-12-20 16:55:38',0,21300.00),(73,107,'2021-11-11 14:33:00','VENTILADOR TIPO IND. NORNELL 220V 50HZ 0,4 A 26 \"\nDEJO DE FUNCIONAR  A VERIFICAR\r23/11/2021 16:31--> NICO: Se cruzo la tapa porque estaba quebrada... La soldó Clark y lo volví a armar previo lubricado de bujes y pulido de eje... \r25/11/2021 11:54--> NICO: Se cruzo la tapa porque estaba quebrada... La soldó Clark y lo volví a armar previo lubricado de bujes y pulido de eje... \r2021-11-25 14:59:49--> MAURI:  ENTREGADO REMITO Nº: 1465','ENTREGADO','2021-11-25 14:59:49',0,3300.00),(74,108,'2021-11-12 09:34:00','MAQUINA SELLADORA, LIPARI MOD 350 220V 50HZ 0,7A\n2021-11-12 10:50:00--> admin: trafo quemado 125x33 con derivaciones\nCONFIRMADO','ENTREGADO','2021-11-15 07:47:30',0,11200.00),(75,109,'2021-11-12 11:54:00','BORDIADORA SIN NOMBRE\nCALIENTA  PRESUPUESTO \r2021-11-18 15:36:47--> MAURI: NO LO HACE , SELA LLEVO','CANCELADO',NULL,0,0.00),(76,41,'2021-11-12 11:55:00','STATOR SOLO CZ Z1\nEN CORTO\n2021-11-12 12:35:21--> MAURI: CONFIRMADO\n12/11/2021 14:04--> MAURO: BOMBA Z1 LN:77 PELADA Y PREPARADA\r16/11/2021 13:05--> fabian: REBOBINADO','ENTREGADO','2021-11-16 14:21:45',0,5200.00),(77,110,'2021-11-15 11:10:00','BOMA ERCOLE MARELLI TIPO PL 25/140 N|74133 ol/min 50/90 h.m 22/18 rpm 2830\n \"EL TIENE LA VOLUTA Y LA CAJA DE CONEXION\"\r15/11/2021 10:29--> MAURO: *BOBINADO cv:0,75\n*rodamientos(6203)x2\n*bornera\n*encamisar eje inox\n*sello mecanico 12AF\r2021-11-16 11:09:40--> MAURI: EN ESPERA\r2021-11-16 15:16:28--> MAURI: CONFIRMADO\r17/11/2021 06:50--> MAURO: pelado y preparado\r17/11/2021 06:50--> MAURO: pelado y preparado\r14/12/2021 16:25--> MAURO: listooo para entregar\n','FINALIZADO',NULL,0,16200.00),(78,44,'2021-11-15 10:14:00','MOTOR MOTORARG MODEL MT 225S-4 KW 37 HP 50 RPM 1460 IP 55 N° 16010451111\nFALTAN, BULONERIA, CAJA DE CONEXION  ETC.....\r15/11/2021 13:39--> MAURO: *BINADO(50HP)\n*RODAMIENTOS (6313)X2\n*BULONES:\n_8 DE (3/8X80) CON GROWER\n_8DE (11X30) CON GROWER\r2021-11-16 10:25:42--> admin: ENTREGAR CON REMITO','EN REPARACIÓN',NULL,0,0.00),(79,44,'2021-11-15 10:17:00','BOMBA GRUNFO INOX 5,5 HP , FALTAN PIEZAS A VERIFICAR\r15/11/2021 13:16--> MAURO: MANTENIMIENTO:  \n*SELLO \n*RODAMIENTOS \n*TERMINALES \n*LIMPIEZA DE INOX VOLUTA\n*ENCAMISAR EJE\n*CAMBIAR ESPÁRRAGOS Y TORNILLOS DE VOLUTA \r2021-11-16 10:25:20--> admin: ENTREGAR CON REMITO\r03/12/2021 16:09--> MAURO: LISTOOOOOOOO\n\r2021-12-03 16:11:15--> MAURI:  ENTREGADO REMITO Nº: 1474','ENTREGADO','2021-12-03 16:11:15',0,0.00),(80,44,'2021-11-15 10:21:00','BOMBA GRUNFO 5,5 HP INOX  FALTAN PIEZAS A VERIFICAR\r17/11/2021 08:59--> Marcelo: MANTENIMIENTO GENERAL Y CAMBIO DE RODAMIENTOS\r2021-11-17 10:09:44--> MAURI: CAMBIO DE BORNERA','EN REPARACIÓN','1970-01-01 00:00:00',0,0.00),(81,44,'2021-11-15 10:22:00','BOMA TIPO GRUNFO INOX FALTAN PIEZAS A VERIFICAR\r18/11/2021 08:39--> Marcelo: Mantenimiento general, cambio de rodamiento 6204; relleno tapa accion y base, arenado y pintura\r2021-11-18 17:45:01--> admin: ENTREGAR CON REMITO','EN REPARACIÓN',NULL,0,0.00),(82,41,'2021-11-15 16:39:00','STATOR SOLO TIPO VULCANO NUCLEO 0,70 (CHINA)\n\nCONFIRMADA\n16/11/2021 07:47--> MAURO: ya esta preparada para bobinar. (LN:70mm)!!!\n16/11/2021 13:02--> fabian: REBOBINADO     \n17/11/2021 09:30--> NICO: BOBINADA..','ENTREGADO','2021-11-17 00:00:00',0,6000.00),(83,111,'2021-11-16 08:52:00','MOTOR PORTON ELECTRICO  220v\nA VERIFICAR\r16/11/2021 09:57--> MAURO: \n\nMOTOR 0,5HP CON REDUCTOR\nMANTENIMIENTO:\n*ENCAMISAR TAPA \n*CAMBIAR RODAMIENTOS (6202)X2\n*MATENIMIENTO DE REDUCTOR \n_LIMPIAR \n_CAMBIAR GRASA\n*PITAR\n\r2021-11-17 07:10:14--> MAURI: EN ESPERA\r2021-11-17 09:33:11--> MAURI: CONFIRMADO\r2021-11-26 15:55:37--> MAURI: ENTREGADO','ENTREGADO','2021-11-26 15:55:37',0,6500.00),(84,54,'2021-11-16 07:55:00','MOTOR FORZADOR 1/5 HP 220V RPM 1075\nDEJO DE FUNCIONAR\r18/11/2021 10:00--> Marcelo: Tapas con bujes, verificar cambio a rodamientos, bobinar mantenimiento general.-.\r2021-11-18 15:40:52--> MAURI: CONFIRMADO\r19/11/2021 11:11--> Marcelo: rebobinado\r19/11/2021 15:47--> fabian: bobinado lubricado\r19/11/2021 15:47--> fabian: bobinado lubricado\r2021-11-24 09:31:50--> MAURI: ENTREGADO','ENTREGADO','2021-11-24 09:31:50',0,13600.00),(85,112,'2021-11-16 09:03:00','PIEDRA DE BANCO METORMECH TRIFASICA 1HP RPM 2860 AMP 3.1/1.8 N 841094 LINEA E\nCOLOCAR LLAVE\r17/11/2021 11:07--> NICO: Bobinado (quedo en 2 fases), rodamientos y comprar llave trifasica\r2021-11-18 07:49:29--> admin: LA LLAVE LA COMPRA Y COLOCA EL DUEÑO\r2021-11-18 08:36:08--> MAURI: EN ESPERA\r2021-11-18 11:14:13--> MAURI: CONFIRMADO','EN REPARACIÓN','1970-01-01 00:00:00',0,12000.00),(86,113,'2021-11-16 08:35:00','HIDROLAVADORA  POWER TOOLS H-1200\nA VERIFICAR \r18/11/2021 15:00--> NICO: Presostato trabado... solucionado\nLa parte eléctrica quedo funcionando, la parte mecánica no la pude probar ya que no tenia lanza. \r2021-11-18 17:44:05--> admin: NECESITAMOS LA MANGUERA Y LANZA PARA PRUEBA FINAL.\r2021-11-19 08:01:18--> MAURI: EL MARTES TRAE LA MANGUERA Y LA PISTOLA\r2021-11-25 11:03:58--> MAURI: TIENE UNA VALVULA ROTO, SE INTENTO REPARAR Y NO SE PUDO\nSIGUE CON PERDIDA DE AGUA','CANCELADO',NULL,0,6300.00),(87,114,'2021-11-16 10:17:00','MOTOR ELECTRIM 0,75 HP 0,55 KW 2800RPM FASE 1 \nTIENE POLEA\nSALIO HUMO\r17/11/2021 07:21--> Marcelo: quemado arranque, cambio de rodamientos, capacitor, arenado y pintura\r2021-11-17 10:02:09--> MAURI: CAMBIAR CABLE Y LLAVE DE ENCENDIDO\r2021-11-18 11:06:23--> MAURI: EN ESPERA\r2021-11-19 07:29:39--> MAURI: CONFIRMADO\r29/11/2021 11:07--> NICO: Bobinadado completo, rodamientos, cap, porta cap y esparragos.\nLista!!\r2021-12-07 08:55:08--> MAURI: ENTREGADO','ENTREGADO','2021-12-07 08:55:08',0,13500.00),(88,44,'2021-11-16 10:40:00','2 VENTILADORES EJE 15\nREMITO 1456\r2021-11-16 11:54:33--> MAURI: ENTREGADO\r16/11/2021 08:09--> MAURI: VENTILADORES   CANTIDAD 2\r17/11/2021 08:27--> MAURO: gygyjklhj\r17/11/2021 08:28--> MAURO: gvhgjhghbjk\r2021-11-18 07:45:26--> admin: SE ENTREGA CON REMITO\r2021-11-18 12:01:08--> MAURI: AL NUMERO DE REMITO LA TIENE MIGUEL\r2021-11-18 12:01:21--> MAURI: ENTREGADO','ENTREGADO','2021-11-18 12:01:21',0,0.00),(89,115,'2021-11-16 14:24:00','TRAFO 220V  50+50V3AMP//20V-1AMP. SALIDA CABLE.\nCONFIRMADO\r2021-11-16 18:37:33--> admin: frabricar . ver dato en cuaderno de trafos \r18/11/2021 10:09--> MAURO: LISTOOOO!!!!!\n\r2021-11-25 15:02:38--> MAURI: ENTREGADO','ENTREGADO','2021-11-25 15:02:38',0,7880.00),(90,116,'2021-11-17 07:47:00','PIEDRA DE BANCO (ROJA)\nA MAZA \nA VERIFICAR\r17/11/2021 09:46--> MAURO: AL DESPEGAR PLAQUETA ROSABA CABLE=(\nEN GARANTÍA!!!!!!!\r2021-11-18 07:40:30--> admin: en garantía \r2021-11-18 16:10:55--> MAURI: ENTREGADO','ENTREGADO','2021-11-18 16:10:55',0,0.00),(91,117,'2021-11-17 08:40:00','MOTOR LAVARROPA 12500/MIN 1,4 A 220-240V 330/165W 50/60HZ\nEN CORTO\nA VERIFICAR\r18/11/2021 14:24--> MAURO: en corto y rodamientos\n\r2021-11-19 08:36:56--> admin: NO TIENE REPARACION\r2021-11-19 08:37:51--> admin: NO BOBINAMOS ESOS INDUCIDOS','CANCELADO',NULL,0,0.00),(92,46,'2021-11-17 10:38:00','MOTOR CENTRIFUGA\nPRESUPUESTO\r18/11/2021 15:41--> nico: inducido en corto\r2021-11-18 17:41:49--> admin: RODAMIENTOS\r2021-11-19 07:29:00--> MAURI: EN ESPERA\r2021-11-24 11:39:24--> MAURI: CONFIRMADO\r25/11/2021 12:14--> NICO: Llevamos inducido a bobinar a zippe.\r2021-12-09 07:54:47--> MAURI: lLISTO PARA ARMAR\r2021-12-10 13:23:02--> MAURI:  ENTREGADO REMITO Nº: 1480','ENTREGADO','2021-12-10 13:23:02',0,24300.00),(93,118,'2021-11-17 10:43:00','MOTOR HORMIGONERA DAF 0,55 KW\nEN CORTO \nA VERIFICAR\r18/11/2021 15:39--> MAURO: mamtenimiento rodamientos capacitor arenado y pintura\n6303 x2\ncap 12,5 uf\n\n(terminales palas salida de cable con toma macho)\r2021-11-19 07:26:41--> MAURI: EN ESPERA\r2021-11-19 08:05:30--> MAURI: CONFIRMADO\r23/11/2021 16:19--> MAURO: listoooo\n\r2021-11-25 16:35:11--> MAURI: ENTREGADO','ENTREGADO','2021-11-25 16:35:11',0,6500.00),(94,118,'2021-11-17 10:46:00','MOTOR DE HORMIGONERA 0,55KW (NEGRO)\nA VERIFICAR\r18/11/2021 15:40--> MAURO: bobinado \nrodamientos \nplaqueta \n\r2021-11-19 07:26:22--> MAURI: EN ESPERA\r2021-11-19 08:06:59--> MAURI: NO LO HACE','CANCELADO',NULL,0,12000.00),(95,119,'2021-11-17 11:18:00','CIERRA CURCULAR DEWALT DWE 575-AR SERIE 007434\nA VERIFICAR\r18/11/2021 13:26--> NICO: inducido y campos en corto. Cambiar carbones y Mant. Gral.\r2021-11-18 17:38:01--> admin: CAMBIAR RODAMIENTOS DE INDUCIDO\r2021-11-19 08:18:12--> MAURI: EN ESPERA\r2021-12-16 21:52:15--> Admin: No quiere reparar por ahora. \r2021-12-17 11:59:14--> MAURI: NO LO HACE RETIRADA 17/12/21\nCANCELAR REPARACION','CANCELADO',NULL,0,0.00),(96,119,'2021-11-17 11:20:00','CIERRA CIRCULAR DEWALT 575-AR SERIE 002924\r18/11/2021 13:28--> nico: Inducido en corto. Cambiar carbones y Mant. Gral.\r19/11/2021 16:29--> admin: CAMBIO DE RODAMIENTOS DE INDUCIDO\nCAMBIAR LUBRICACION EN ENGRANAJES DE REDUCTOR\r2021-11-19 08:17:59--> MAURI: EN ESPERA','CANCELADO',NULL,0,0.00),(97,41,'2021-11-17 12:50:00','STATOR SOLO VULCANO NUCLEO 60\r18/11/2021 06:26--> Marcelo: bobinar\r2021-11-19 08:31:53--> MAURI: CONFIRMADO\r2021-11-24 16:53:54--> MAURI: ENTREGADO','ENTREGADO','2021-11-24 16:53:54',0,5300.00),(98,98,'2021-11-18 10:45:00','RFEWFR\r18/11/2021 10:55--> MAURI: BOMBA DE VACIO DOSIVAC DVR 95\nEN CORTO \nPRESUPUESTO\r2021-11-18 10:57:50--> MAURI: PRUEVA 1\r06/12/2021 09:36--> MAURO: *soldar 1 cable de la llave\n*limpiar y pintar\r2021-12-07 11:47:22--> admin: MANTENIMIENTO REPARAR PUNTAS DE BOBINADO Y CABLES\r2021-12-07 14:44:18--> MAURI: EN ESPERA\r2021-12-07 16:13:29--> MAURI: PARA EL VIERNES SI ES POSIBLE!!\r14/12/2021 16:26--> MAURO: lista para entregar\r2021-12-15 14:32:31--> MAURI: ENTREGADO','ENTREGADO','2021-12-15 14:32:31',0,4900.00),(99,120,'2021-11-18 10:48:00','MARTILLO MAKITA HMO 870C \r18/11/2021 10:50--> MAURI: INDUSIDO, CAMPOS, CARBONES KIT DE COMPRESION \r14/12/2021 12:20--> Nico: Lo descripto en el estado anterior \r2021-12-17 01:04:17--> MAURI: A Confirmar\r2021-12-17 16:50:10--> MAURI: CONFIRMADO, PARA MARZO','EN REPARACIÓN',NULL,0,28300.00),(100,122,'2021-11-18 12:10:00','BOMBA VULCANO 0,5 HP\nEN CORTO, DEVOLVER CAPACITOR\nA VERIFICAR\r18/11/2021 14:35--> MAURO: *bobinado\n*rodamientos\n*cap\n*sello mecánico\n\r2021-11-19 07:07:42--> MAURI: EN ESPERA\r2021-11-19 07:30:07--> MAURI: CONFIRMADO\r24/11/2021 11:00--> MAURO: preparada para bobinar\n\r29/11/2021 09:26--> Marcelo: rebobinado listo para armar\r29/11/2021 11:04--> MAURO: LISTOOOO\n\r2021-11-29 14:55:14--> MAURI: ENTREGADO','ENTREGADO','2021-11-29 14:55:14',0,13800.00),(101,121,'2021-11-18 16:15:00','AMOLADORA 4 1/2 DEWALT \nINDUCIDO, CARBON','FINALIZADO',NULL,0,12000.00),(102,41,'2021-11-19 15:10:00','STATOR SOLO VULCANO NUCLEO 0,65\nEN CORTO\r24/11/2021 09:48--> MAURO: pelado listo para bobinar LN:60mm\r2021-11-25 16:39:34--> MAURI: ENTREGADO','ENTREGADO','2021-11-25 16:39:34',0,6000.00),(103,41,'2021-11-19 15:13:00','STATOR SOLO VULCANO NUCLEO 70\nEN CORTO\r24/11/2021 09:47--> MAURO: pelado listo para bobinar LN:60mm\r24/11/2021 16:55--> MAURI: CONFIRMADO\r2021-11-25 16:38:10--> MAURI: ENTREGADO','ENTREGADO','2021-11-25 16:38:10',0,6000.00),(104,123,'2021-11-23 16:12:00','BOMBA CZ Z2\nA VERIFICAR\nCONFIRMADA\r23/11/2021 16:20--> MAURO: *BOBINADO\n*RODAMIENTOS 6203X2\n*SELLO DE 12\n*CAP 14UF\n*TERMINALES\n*ARENADO Y PINTURA\r25/11/2021 11:12--> NICO: ya está bobinada\r2021-11-25 16:33:22--> MAURI:  ENTREGADO REMITO Nº: 1467','ENTREGADO','2021-11-25 16:33:22',0,12800.00),(105,124,'2021-11-23 16:20:00','BOMBA VULCANO MODELO VIEJO\nA VERIFICAR   \r24/11/2021 15:39--> Marcelo: Bobinar, rodamientos, arenado mto general\r2021-11-25 07:37:40--> admin: ESTE PRECIO TIENE UN DESCUENTO DEL 20% POR SER PROVEEDOR.\r2021-11-25 16:24:19--> MAURI: CONFIRMADA\r13/12/2021 12:37--> fabian: rebobinado.falta armar\r14/12/2021 12:16--> Marcelo: Armado, pintura. Finalizado\r2021-12-15 15:05:00--> MAURI:  ENTREGADO REMITO Nº: 1490','ENTREGADO','2021-12-15 15:05:00',0,12500.00),(106,125,'2021-11-23 16:24:00','BOMBA WEG IGUI \n1/2HP \nDEJO DE FUNCIONAR\r24/11/2021 08:22--> MAURO: *bobinado \n*rodamientos (6302-6202)\n*sello mecánico eje 19\n*cap 20-UF\n*arenado y pintura\r25/11/2021 07:42--> MAURO: en la ficha anterior, perdoonn!!=(\r2021-11-25 11:52:27--> MAURI: CONFIRMADO\r2021-11-29 07:06:37--> MAURI: NO LO HACE, \r2021-11-29 14:56:41--> MAURI: CONFIRMADA, SI LA HACE!!!!!!!!\r01/12/2021 15:04--> MAURO: listo la hice completa desarme, bobine y arme yo, yo jajajajaj\r2021-12-06 07:38:10--> MAURI: SE ENTREGO 3/12 (MIGUEL)','ENTREGADO','2021-12-06 07:38:10',0,13000.00),(107,126,'2021-11-23 16:27:00','BOMBA VULCANO 0,5 HP , 0,37 KW , 220V\n NO TIENE FUERZA, NO TIRA AGUA\r2021-11-23 16:29:14--> MAURI: AL CAPOT LO DEJO EN LA CASA\r24/11/2021 15:45--> Marcelo: bobinar, mto general, arenado, pintura\r2021-11-25 11:55:39--> MAURI: CONFIRMADO\r29/11/2021 15:55--> Marcelo: A bobinar, resto arenado y limpieza\r01/12/2021 14:06--> fabian: rebobinado.falta armar\r02/12/2021 08:28--> Marcelo: ARMADO Y PINTURA \r2021-12-02 11:20:03--> MAURI: ENTREGADO','ENTREGADO','2021-12-02 11:20:03',0,13300.00),(108,119,'2021-11-23 16:30:00','MARTILLO DEWALT D25960-AR SERIE 0626\nA VERIFICAR SIN PUNTA\r24/11/2021 14:47--> NICO: TIENE CORTADA LA BIELA. RECOMIENDO CAMBIAR RODAMIENTOS CARBONES Y KIT DE COMPRESIÓN\nNO HAY GRASA PARA POSIBLE REPARACIÓN \n\r2021-12-14 15:24:54--> admin: LAVAR Y RE LUBRICAR CON GRASA ORIGINAL, CAJA DE REDUCCIÓN.\r2021-12-21 16:52:14--> MAURI: EN ESPERA','COTIZADO',NULL,0,66000.00),(109,119,'2021-11-23 16:31:00','MARTILLO DEWALT SIN PLACA , SIN SERIE (GRANDE)\n A VERIFICAR\r24/11/2021 14:46--> NICO: MARTILLO DEWALT D25980 2100W \nTIENE CORTADA LA BIELA. RECOMIENDO CAMBIAR RODAMIENTOS CARBONES Y KIT DE COMPRESIÓN\n\r2021-12-14 15:23:24--> admin: DESARME DE MOTOR , MTO. GRAL Y CAMBIO DE RODAM. -CARBONES\r2021-12-21 16:51:53--> MAURI: EN ESPERA','COTIZADO',NULL,0,66000.00),(110,119,'2021-11-23 16:32:00','AMOLADORA DEWALT 4 1/2 DWE 4120-AR COMPLETA\r24/11/2021 10:33--> NICO: cambie rodamientos, carbones y puse ficha macho. \nLISTA!!\r2021-11-25 07:26:11--> admin: EL INDUCIDO NO ES ORIGINAL, NO ESTÁ QUEMADO, ASÍ QUE NO SE REEMPLAZA, PERO SU DURABILIDAD PUEDE SER REDUCIDA.\r2021-11-26 07:48:37--> MAURI: EN ESPERA\r2021-11-26 07:55:23--> MAURI: CONFIRMADO\r2021-11-26 13:05:15--> MAURI: FALTA ORDEN DE TRABAJO\r2021-12-14 11:16:46--> MAURI:  ENTREGADO REMITO Nº: 1486','ENTREGADO','2021-12-14 11:16:46',0,3900.00),(111,119,'2021-11-23 16:33:00','AMOLADORA DEWALT 4 1/2 DW818 -AR SERIE 304799\nSIN CUBRE DISCO, SIN TUERCAS DE AJUSTES\r24/11/2021 10:09--> NICO: cambie rodamientos, falta carbones y colocar enchufe.\r2021-11-25 07:16:11--> admin: LOS CARBONES LLEGAN SEMANA PRÓXIMA\r2021-11-26 07:42:08--> MAURI: EN ESPERA\r2021-11-26 07:54:53--> MAURI: CONFIRMADO\r2021-11-26 13:04:56--> MAURI: FALTA OT\r2021-12-14 11:17:32--> MAURI:  ENTREGADO REMITO Nº: 1486','ENTREGADO','2021-12-14 11:17:32',0,3900.00),(112,127,'2021-11-24 10:35:00','MOTOR Y TURBINA DE INFLABLE\nTURBINAS VENTO\nMODELO PRO 1HP 220V 2800RPM\nDEJO DE FUNCIONAR\r2021-11-26 07:34:50--> MAURI: CONFIRMADO\r26/11/2021 13:10--> MAURO: terminadooooo\r2021-11-26 17:07:41--> MAURI: ENTREGADO','ENTREGADO','2021-11-26 17:07:41',0,12900.00),(113,128,'2021-11-24 10:46:00','BOMBA ELEKTRIM KW 0,60 HP1 RPM 2800 N 10525 AMP6\nTRABADA Y SEGURAMENTE EN CORTO','REVISIONAR',NULL,0,0.00),(114,129,'2021-11-24 11:10:00','BOMBA SUMERGIBLE CZ\nDSP-350P 0,35KW 220V\nDEJO DE FUNCIONAR\r24/11/2021 16:26--> NICO: La desarmo Ramirito. Tenia agua en la parte eléctrica y bobinado quemado. Dar de baja\r2021-11-25 07:14:13--> admin: NO TIENE REPARACION','CANCELADO',NULL,0,0.00),(115,123,'2021-11-24 11:16:00','BOMBA EBARA 1.5 HP \r2021-11-24 11:19:22--> MAURI: CONFIRMADA\r29/11/2021 12:19--> Marcelo: Bobinar, arenar, sello RC para eje 18 mm, rodamientos 6204 y 6203; pintura\r01/12/2021 16:38--> MAURO: TERMINADA LISTA PARA RETIRAR\r2021-12-02 11:22:41--> MAURI: ENTREGADO','ENTREGADO','2021-12-02 11:22:41',0,13200.00),(116,41,'2021-11-24 13:47:00','STATOR SOLO CZ Z0\nEN CORTO\nCONFIRMADO\r29/11/2021 06:41--> Marcelo: bobinar, pelar, arenar y pintar\r30/11/2021 14:14--> fabian: BOBINADO\r2021-12-01 08:51:16--> MAURI: ENTREGADO','ENTREGADO','2021-12-01 08:51:16',0,4600.00),(117,41,'2021-11-24 13:47:00','STATOR SOLO VULCANO\nNUCLEO 0.50\nEN CORTO\nCONFIRMADO\r29/11/2021 06:39--> Marcelo: bobinar, pelar y pintar\r30/11/2021 14:16--> fabian: REBOBINADO\r2021-12-01 08:53:35--> MAURI: ENTREGADO','ENTREGADO','2021-12-01 08:53:35',0,4600.00),(118,41,'2021-11-24 13:47:00','STATOR SOLO VULCANO\nNUCLEO 0.50\nEN CORTO\nCONFIRMADO\r2021-11-24 14:07:07--> MAURI: CANCELADA\r2021-12-06 07:18:43--> MAURI: SE COPIO 2 VECES, MISMO TRABAJO 117 CANCELAR ESTE TRABAJO\r2021-12-20 08:10:32--> admin: SE CANCELA POR ERROR DE CARGA POR INGRESO DE 117','CANCELADO',NULL,0,5100.00),(119,36,'2021-11-24 14:02:00','BOMBA CZ Z4 TRIFASICA A LA VENTA\nIBANEZ DANIEL\r2021-11-25 16:38:46--> MAURI: ENTREGADO','ENTREGADO','2021-11-25 16:38:46',0,21000.00),(120,44,'2021-11-24 15:31:00','MOTOR FORZADOR DE 1/2 HP \nEN CORTO A VERIFICAR\r2021-12-01 07:12:16--> MAURI: CONFIRMADO\r01/12/2021 10:03--> Marcelo: Mantenimiento general, cambio de bujes por rodamientos hacer camisas\r2021-12-02 07:28:48--> admin: SE ENTREGA CON REMITO\r10/12/2021 14:36--> Marcelo: Armado, probado y pintado\r2021-12-14 14:57:48--> MAURI:  ENTREGADO REMITO Nº: 1487','ENTREGADO','2021-12-14 14:57:48',0,0.00),(121,123,'2021-11-24 15:43:00','BOMBA EBARA TYPE CMA/A 1.5T     MISMA BOMBA (IGUAL TRABAJO 115)\nQ20-110L/MIN V230-240 HP 1,5 KW 1,1 HZ 50 \nEN CORTO A VERIFICAR\n CONFIRMADO\r25/11/2021 08:25--> Marcelo: Mantenimiento General,  rodamientos 6203, sello RC de eje de 18 mm; arenado pintura, buloneria 4 de 10 mm x 34 mm\r2021-11-26 08:21:08--> admin: Reparar bobinado\r2021-11-26 12:06:46--> MAURI: CONFIRMADO\r26/11/2021 11:44--> Marcelo: Falta sello RC paraq eje de 18 mm\r2021-11-30 15:23:53--> admin: SE CONSIGUE SELLO MEC. 18MM\r2021-12-02 11:23:02--> MAURI: ENTREGADO','ENTREGADO','2021-12-02 11:23:02',0,12800.00),(122,17,'2021-11-25 12:54:00','MOTOR FORZADOR 1/6 CV\nEN CORTO\nA VERIFICAR\nPRIORIDAD\r2021-12-07 18:12:12--> admin: SE ENTREGA CON REMITO','EN REPARACIÓN',NULL,0,0.00),(123,44,'2021-11-25 14:11:00','MOTOR ,RODILLO 1HP\n EN CORTO\r26/11/2021 08:59--> NICO: Lo probe y funciona normalmente... falta la tapa con el eje de sujeción( la tiene el cliente.. en teoriaaa)\r2021-11-29 15:54:35--> admin: SALE CON REMITO\r2021-11-30 14:50:40--> MAURI:  ENTREGADO REMITO Nº: 1469','ENTREGADO','2021-11-30 14:50:40',0,0.00),(124,130,'2021-11-25 14:16:00','BOMBA VULCANO 0,50 HP\nSOLO PARTE DEL MOTOR\nCALIENTA\r26/11/2021 13:13--> Marcelo: Bobinado, rodamiento 6202 dos, mto general y pintura.\nListo finalizado.-\r2021-12-09 09:46:00--> MAURI: ENTREGADO','ENTREGADO','2021-12-09 09:46:00',0,9600.00),(125,129,'2021-11-25 14:19:00','BOMBA CENTRIFUGA CZ Z1\nEN CORTO A VERIFICAR\r2021-12-02 12:00:00--> MAURI: CONFIRMADA\r07/12/2021 10:32--> MAURO: *Rodamientos \n*Sello mecanico\n*Cap 20UF\n(MANTENIMIENTO COMPLETO)\r2021-12-15 14:29:19--> MAURI: SE ENTREGO 7/12 ','ENTREGADO','2021-12-15 14:29:19',0,8500.00),(126,131,'2021-11-26 09:29:00','CARGADOR/ARRANCADOR DE BATERIA DEL OESTE 30A/300A\nQUIERE SABER SI SE PUEDE CAMBIAR DE TRAFO  Y MANTENIMIENTO \nOBJ. EL TRANSFORMADOR DE LA MAQUINA ESTA QUEMADO, SE TRABO UNA PARA CAMBIAR','REVISIONAR',NULL,0,0.00),(127,51,'2021-11-26 09:38:00','MOTOR 1HP 380V A VERIFICAR \nEN CORTO\n\r2021-12-01 07:13:01--> MAURI: EMPRESA LEVAL\nCONFIRMADO\r03/12/2021 13:07--> Marcelo: Bobinar, rodamientos 6204, mto gral.\r2021-12-03 13:13:06--> admin: SE ENTREGA CON REMITO\r09/12/2021 10:16--> NICO: Bobinado listo para armar...\r09/12/2021 11:49--> MAURO: TERMINADO LISTO PARA ENTREGAR...\r2021-12-09 14:10:34--> MAURI:  ENTREGADO REMITO Nº: 1428','ENTREGADO','2021-12-09 14:10:34',0,0.00),(128,132,'2021-11-26 12:57:00','BOMBA SUMERGIBLE BTA220V 50HZ IPX8 900W CAUDAL MAX 240L/MIN\nESTABA ANDANDO Y SALIO HUMO (CAPACITOR ROTO)\r13/12/2021 15:04--> MAURO: *rodamientos 6201(x2)\n*capacitor\n*reten\n*secar al horno \r2021-12-14 10:25:23--> MAURI: EN ESPERA\r2021-12-14 10:26:41--> MAURI: CONFIRMADO PARA EL MIERCOLES\r15/12/2021 08:05--> MAURO: LISTOO PARA RETIRAR\n\r2021-12-16 14:28:41--> MAURI: ENTREGADO','ENTREGADO','2021-12-16 14:28:41',0,8500.00),(129,44,'2021-11-26 13:14:00','VENTILADOR CHATO 1 HP\nEN CORTO \r26/11/2021 12:19--> fabian: rebobinado\r26/11/2021 12:22--> fabian: rebobinado\r2021-11-29 15:30:37--> MAURI: ENTREGADO 26/11\nREMITO 1469\r2021-11-29 15:54:07--> admin: SALE CON REMITO\r2021-11-30 15:14:47--> admin: ENTREGAR CON REMITO\r2021-12-01 10:02:50--> MAURI:  ENTREGADO REMITO Nº: 1469','ENTREGADO','2021-12-01 10:02:50',0,0.00),(130,133,'2021-11-26 16:41:00','TRAFOS 380-48V-100VA\nCANTIDAD 2 \nREMITO 1471\r26/11/2021 15:44--> MAURO: listo terminadoo papáááaáááá\r2021-11-26 17:09:27--> MAURI:  ENTREGADO REMITO Nº: 1471','ENTREGADO','2021-11-26 17:09:27',0,9200.00),(131,134,'2021-11-29 08:18:00','MOTOR SIEMENS 0,75 CV 1400 RPM 380V \nA VERIFICAR\nSALIO HUMO( ANDUVE EL SÁBADO  DE 8 A 23 HS)\r30/11/2021 10:49--> Marcelo:  Mantenimiento general,  cambio de rodamientos 6004\r30/12/2021 12:18--> Marcelo: armado y limpieza\r2021-12-02 12:12:56--> MAURI: ENTREGADO','ENTREGADO','2021-12-02 12:12:56',0,4500.00),(132,135,'2021-11-29 08:40:00','MOTOR CORTINA ELECTRICA  VIVALDO  MOT. N 11258 FASE 1 HP 0,50 RPM 1400 VOLT 220 AMP 2,5 REDUCTOR RPM 28\r2021-11-29 08:43:20--> MAURI: SUBE LA PERCIANA PERO NO BAJA Y CALIENTA\nA VERIFICAR\r01/12/2021 12:16--> Marcelo: Bobinar, mto general, rodamientos\r2021-12-02 07:58:18--> MAURI: EN ESPERA\r2021-12-03 08:21:48--> MAURI: CONFIRMADO\r03/12/2021 12:50--> MAURO: rebobinado cap\r2021-12-03 16:23:46--> MAURI: ENTREGADO','ENTREGADO','2021-12-03 16:23:46',0,17600.00),(133,18,'2021-11-29 09:34:00','BOMBA ESPA 0,85 KW 230V 12 UF 3,8 A 2020W46-06898\nNO TIENE CAPOT\nA VERIFICAR\r2021-11-30 12:28:40--> MAURI: BOMBA DE AGROGREEN \nCONFIRMADA\r30/11/2021 12:47--> MAURO: *BOBINADO \n*RODAMIENTOS (6201 DE 1/2)\n*CAP 12,5\r06/12/2021 15:22--> MAURO: PELADO LISTO PARA BOBINAR \r13/12/2021 10:20--> NICO: Bobinado. Listo para armar\r14/12/2021 16:27--> MAURO: lista para entrgarr\r2021-12-15 14:39:33--> MAURI:  ENTREGADO REMITO Nº: 1489','ENTREGADO','2021-12-15 14:39:33',0,13500.00),(134,136,'2021-11-29 10:54:00','STATOR SOLO VULCANO N \nNO PIVA OJO\r2021-11-29 12:35:02--> MAURI: CONFIRMADO\r01/12/2021 10:14--> Marcelo: Bobinar, mto general\r03/12/2021 12:48--> MAURO: rebobinado\r2021-12-06 07:21:44--> MAURI: SE FINALIZO EL 2/12  ENTREGO (MIGUEL)','ENTREGADO','2021-12-06 07:21:44',0,8000.00),(135,41,'2021-11-29 12:32:00','STATOR SOLO CZ Z1\nEN CORTO\n (PIVA)\r2021-11-29 12:34:34--> MAURI: CONFIRMADO\n\r01/12/2021 10:58--> Marcelo: Bobinar, mto general\r06/12/2021 07:47--> fabian: rebobinado\r2021-12-14 10:08:01--> MAURI: ENTREGADO','ENTREGADO','2021-12-14 10:08:01',0,5200.00),(136,41,'2021-11-29 12:33:00','STATOR SOLO BOMBA VULCANO N 80\nEN CORTO\n(PIVA)\nCOMFIRMADO\n\r01/12/2021 10:59--> Marcelo: Bobinar, mto general\r02/12/2021 07:59--> fabian: REBOBINADO\r2021-12-02 14:18:10--> MAURI: ENTREGADO','ENTREGADO','2021-12-02 14:18:10',0,6400.00),(137,137,'2021-11-29 14:08:00','BOMBA VULCANO 0,5 HP\nESTABA FUNCIONANDO , SE PARO SOLO \r30/11/2021 07:51--> MAURO: _MANTENIMIENTO \n*RODAMIENTOS 6203(X2)\n*CAP12,5uf\n*SELLO AF DE 20mm\n*ARENADO Y PINTURA\r2021-11-30 08:15:07--> admin: SECADO DE BOBINADO \r2021-12-01 09:45:33--> MAURI: CONFIRMADO\r01/12/2021 11:45--> MAURO: listooo terminadooo\n\r2021-12-02 12:12:10--> MAURI: ENTREGADO','ENTREGADO','2021-12-02 12:12:10',0,8300.00),(138,107,'2021-11-29 15:16:00','MAQUINA DE PLASTIFICAR GMP IC-2301P\r07/12/2021 14:37--> NICO: Posible falla en la placa. Llevar a Robert.','DEMORADO',NULL,0,0.00),(139,118,'2021-11-30 07:18:00','MOTOR DE HORMIGONERA 0,55 KW (NEGRO)\nEN CORTO\nBOBINADO,ROD,PLAQUETA\r2021-12-01 10:22:23--> MAURI: CONFIRMADA\r13/12/2021 09:48--> fabian: rebobinado falta armar\r15/12/2021 12:29--> MAURO: listo para entregar....','FINALIZADO',NULL,0,12000.00),(140,138,'2021-11-30 08:44:00','GENERADOR GAMMA 950\n ENCIENDE BIEN, NO GENERA, LE FALTA UN RESORTE\n A VERIFICAR\n\r2021-11-30 15:17:34--> MAURI: LA TIENE LITO\n\r2021-12-07 18:10:00--> admin: EN GARANTIA\r2021-12-20 07:44:34--> MAURI: ENTREGADO','ENTREGADO','2021-12-20 07:44:34',0,0.00),(141,44,'2021-11-30 14:07:00','BOMBA GRUNFO 5,5 HP INOX\r2021-11-30 14:28:16--> MAURI: CANCELADO NO CORRESPONDE\r2021-11-30 15:17:20--> admin: SE CANCELA POR ERROR DE INGRESO, O SEA SE INGRESA DOS VECES POR ERROR','CANCELADO',NULL,0,0.00),(142,139,'2021-11-30 16:24:00','VENTILADOR INDUSTRIAL MORRIS 26\" MODELO FS-65 220V 50HZ POT. 210W\nSIN PALETAS\nA VERIFICAR\r2021-12-01 07:06:21--> MAURI: CONFIRMADO\r10/12/2021 14:56--> NICO: bobinado \r2021-12-13 16:52:20--> Admin: ENTREGADO','ENTREGADO','2021-12-13 16:52:20',0,9300.00),(143,140,'2021-12-01 10:14:00','VENTILADOR DE PIE, DESARMADO \nA VERIFICAR\nCAMBIO DE BUJES\r2021-12-21 08:53:45--> MAURI: 3364 389085 OSCAR, PROFESOR DE LA FRAY , PASAR PRESUPESTO','REVISIONAR',NULL,0,0.00),(144,44,'2021-12-01 12:44:00','MOTOR RODILLO 1HP\nA VERIFICAR\r2021-12-06 16:16:32--> MAURI: CAMBIO DE RODAMIENTOS, GARANTIA\r2021-12-07 11:59:47--> admin: SE ENTREGA CON REMITO\r2021-12-09 09:46:24--> MAURI: ENTREGADO','ENTREGADO','2021-12-09 09:46:24',0,0.00),(145,44,'2021-12-01 16:29:00','MOTOR CON BRIDA 5 HP APROX\nEN CORTO\nCONFIRMADO\nPRIORIDAD ALTO\nLO NECESITAN PARA EL VIERNES A LAS 17:00\r02/12/2021 07:42--> MAURO: *BOBINADO 3,5 HP\n*RODAMIENTOS 6205 2\n\r2021-12-03 13:12:10--> admin: SE ENTREGA CON REMITO\r2021-12-03 13:27:13--> MAURI: 1477\r2021-12-06 07:39:40--> MAURI:  ENTREGADO REMITO Nº: 1477','ENTREGADO','2021-12-06 07:39:40',0,0.00),(146,141,'2021-12-02 10:48:00','STATOR Y EJE BOMBA ESOA 0,85 KW\nEN CORTO\r2021-12-03 07:22:17--> MAURI: CONFIRMADA\r06/12/2021 15:39--> Marcelo: Lista para bobinar\r10/12/2021 14:35--> Marcelo: Armado\r2021-12-14 10:07:44--> MAURI: ENTREGADO','ENTREGADO','2021-12-14 10:07:44',0,11500.00),(147,41,'2021-12-02 14:21:00','STATOR SOLO VULCANO N70\nCONFIRMADO\r06/12/2021 07:59--> MAURO: PELADO LISTO PARA BOBINAR LN60\n\r10/12/2021 06:49--> NICO: bobinado\r2021-12-14 10:07:26--> MAURI: ENTREGADO','ENTREGADO','2021-12-14 10:07:26',0,6000.00),(148,41,'2021-12-02 14:25:00','STATOR SOLO ESPA N70\nCONFIRMADO\r15/12/2021 11:34--> Marcelo: Armado y listo\r2021-12-15 12:21:36--> MAURI: ENTREGADO','ENTREGADO','2021-12-15 12:21:36',0,7150.00),(149,44,'2021-12-02 14:30:00','BOMBA TIPO CZ Z6\nNO TIENE FUERZA\nA VERIFICAR\r06/12/2021 10:23--> MAURI: BOMBA MOTORARG 2 HP\r06/12/2021 15:42--> Marcelo: Sello, boluneria, arenado pintura y mto gral.\r2021-12-07 07:56:25--> admin: SE ENTREGA CON REMITO\r2021-12-07 14:32:24--> MAURI: CONFIRMADO\r15/12/2021 14:49--> Marcelo: Terminado\r2021-12-15 15:18:42--> MAURI:  ENTREGADO REMITO Nº: 1491','ENTREGADO','2021-12-15 15:18:42',0,0.00),(150,142,'2021-12-03 11:04:00','CORTADORA DE CESPED 3/4 HP KAWI \r06/12/2021 15:18--> MAURO: TERMINADO EN GARANTIA \r2021-12-07 07:56:08--> admin: TRABAJO EN GARANTIA\r07/12/2021 11:03--> Marcelo: terminado\r2021-12-09 07:51:19--> MAURI: ENTREGADO','ENTREGADO','2021-12-09 07:51:19',0,0.00),(151,143,'2021-12-03 12:56:00','BOMBA SUMERGIBLE 1HP ROTORPUMP\nMOD. CUBIC 10M 2800 RPM 1HP 0,75 KW\r07/12/2021 14:08--> MAURO: *BOBINADO\n*RODAMIENTO\n*SELLO MECANICO\n*RETE\n*ABRIR ESTATOR CON EL TORNO Y SOLDAR CON ARGON\r2021-12-09 16:55:38--> MAURI: A CONFIRMAR\r2021-12-16 12:49:29--> MAURI: CONFIRMADO\nJUEVES 23','EN REPARACIÓN',NULL,0,23600.00),(152,144,'2021-12-03 13:20:00','MOTOR CORRADI TIPO MTA- 80B/4\n0,75KW 1380 RPM 220/380 V\n A VERIFICAR\n\r06/12/2021 11:55--> Marcelo: Baja  aislación, 127 a 130 megones, se hizo puesta a tierra  y funciona, cambiar rodamientos \r2021-12-07 14:41:33--> MAURI: EN ESPERA\r2021-12-10 10:37:07--> MAURI: ENTREGADO','ENTREGADO','2021-12-10 10:37:07',0,1000.00),(153,43,'2021-12-06 08:17:00','AMOLADORA DEWALT 4 1/2  AM-6 \nCONFIRMADO\r06/12/2021 07:54--> NICO: inducido rodamientos carbones\r2021-12-06 08:57:41--> MAURI: REMITO 1478\n\r2021-12-06 11:10:02--> MAURI:  ENTREGADO REMITO Nº: 1478','ENTREGADO','2021-12-06 11:10:02',0,0.00),(154,145,'2021-12-06 08:27:00','(767) MOTOR 2 POTENCIA\n9HP 925 RPM/ 2,4 HP 250 RPM\n EN CORTO A VERIFICAR\r06/12/2021 07:31--> Marcelo: Tiene que ir al tornero de nuevo por los topes, muy duro el rotor\r2021-12-09 16:54:46--> admin: SE ENTREGA CON REMITO\r09/12/2021 15:55--> Marcelo: Finalizado y entregado \r2021-12-10 11:09:21--> MAURI: ENTREGADO','ENTREGADO','2021-12-10 11:09:21',0,0.00),(155,146,'2021-12-06 08:41:00','BOMBA TRIFASICA SIEMENS 1HP\nANDA BIEN, HACE RUIDO A RODAMIENTOS\nA VERIFICAR \r07/12/2021 13:56--> Marcelo: Encamisar eje del sello, mto. gral.; cambiar sello RC 14 mm, rodamientos 2 N° 6204; arenado pintura\r2021-12-14 08:55:29--> MAURI: EN ESPERA\r2021-12-14 10:17:08--> MAURI: CONFIRMADO','EN REPARACIÓN',NULL,0,7300.00),(156,147,'2021-12-06 11:42:00','MOTOR JCG 220V 1425 RPM 0,50 HP\nA VERIFICAR\r07/12/2021 10:58--> Marcelo: Anda bien, se mego y se le hizo prueba electrica.-\r2021-12-07 18:03:05--> admin: SE DESMONTA CAPACITOR , SE REALIZA MEDICION, ESTANDO DENTRO DEL SU VALOR NORMAL, SE ARMA.\r2021-12-09 16:54:37--> MAURI: confirmado\r13/12/2021 14:31--> Marcelo: Armado','FINALIZADO',NULL,0,2800.00),(157,148,'2021-12-07 08:23:00','MARTILLO POWER PAGIO MAGNUM LA TAPA DE FRENTE SE LA OLVIDO \n LE CUESTA ROMPER\nA VERIFICAR\r2021-12-07 08:29:29--> MAURI: NO ES TAPA DE FRENTE , ES TAPA DE CAMPO....','REVISIONAR',NULL,0,0.00),(158,149,'2021-12-07 11:35:00','MOTOR XR 250 \nBOBINAR 2 BOBINAS DE ENCENDIDO\r2021-12-15 14:26:59--> MAURI: SI ES POSIBLE PARA EL VIERNES!!!!!\r2021-12-17 19:30:10--> MAURI: ENTREGADO','ENTREGADO','2021-12-17 19:30:10',0,8500.00),(159,44,'2021-12-07 14:54:00','BOMBA WEG W22  2.2 KW 3 HP 220/380 \nSELLO NUEVO \nA VERIFICAR\r2021-12-07 14:58:03--> MAURI: CONFIRMADO\r10/12/2021 07:01--> Marcelo: Bobinar, rodamientos, mto. gral., boluneria oxidada \r13/12/2021 07:52--> Marcelo: Para bobinar\r14/12/2021 11:58--> Nico: Bobinado. Lista para armar.\r14/12/2021 16:20--> Marcelo: Armado y pintado\r2021-12-14 16:29:04--> MAURI: MIGUEL SABE NUMERO DE REMITO','ENTREGADO','2021-12-14 16:29:04',0,0.00),(160,44,'2021-12-07 15:04:00','ELECTRO FRENO 220V \nA BOBINAR\r2021-12-15 15:19:22--> MAURI: REMITO 1489\r2021-12-17 15:53:44--> admin: SE ENTREGA CON REMITO\r2021-12-17 15:57:18--> MAURI:  ENTREGADO REMITO Nº: 1491','ENTREGADO','2021-12-17 15:57:18',0,0.00),(161,123,'2021-12-09 10:21:00','BOMBA CENTRIFUGA GAMMA CP 80\nKW 0,53 HP 0,75 RPM 2800 220V\r2021-12-09 11:25:04--> MAURI: CAMBIAR ROD, CAP A VERIFICAR\n COMFIRMADA \r2021-12-14 10:41:25--> MAURI: ENCANIZ EJE INOX\r15/12/2021 08:09--> MAURO: *CAP (12,5 UF) \n*SELLO(AF12)\n* ENCAMISAR EJE (INOX DE 12)\n*ARENADO Y OINTURA\r2021-12-20 10:50:01--> MAURI: PAGO A MIGUEL','ENTREGADO','2021-12-20 10:50:01',0,6000.00),(162,82,'2021-12-09 10:57:00','AMOLADORAS BOSCH 7 GWS 20-180\nDEJO DE FUNCIONAR, POSIBLEMENTE INDUCIDO EN CORTO\nA VERIFICAR\r2021-12-20 18:28:59--> admin: REEMPLAZAR INDUCIDO, CARBONES , RODAMIENTOS','COTIZADO',NULL,0,14600.00),(163,150,'2021-12-09 11:57:00','MOTOR CON BRIDA Y REDUCTOR ALTIUM 1HP\n PRUEVA DE FUNCIONAMIENTO','FINALIZADO',NULL,0,500.00),(164,18,'2021-12-09 11:59:00','BOMBA ESPA 0,85 KW\nEN CORTO\nA VERIFICAR\r15/12/2021 11:57--> Marcelo: Capacitor, bornera, mto. gral.; limpieza\r2021-12-15 12:35:26--> admin: bobinado\r15/12/2021 16:52--> MAURO: listo terminada\r2021-12-16 12:09:03--> MAURI:  ENTREGADO REMITO Nº: 1489','ENTREGADO','2021-12-16 12:09:03',0,14000.00),(165,151,'2021-12-10 09:46:00','MOTOR ASINCRONICO MONOFASICO 0,50 HP, 220V , TIPO 402 FASE 1\n LO DESARMO Y NO LO SUPO ARMAR A VERIFICAR','REVISIONAR',NULL,0,0.00),(166,44,'2021-12-10 09:55:00','BOMBA INOX WEG 3HP\nA VERIFICAR\r2021-12-10 11:01:42--> MAURI: CONFIRMADO\r13/12/2021 08:43--> Marcelo: A maza, bobinar, mto. gral.; pintar\r2021-12-14 08:22:46--> admin: SE ENTREGA CON REMITO\r15/12/2021 15:19--> Nico: Bobinado listo para armar\r16/12/2021 11:31--> Marcelo: Falta orrin de 610 mm por 5 mm en un  aro de 194.15 de diametro\r2021-12-21 08:36:41--> MAURI:  ENTREGADO REMITO Nº: 1495','ENTREGADO','2021-12-21 08:36:41',0,0.00),(167,44,'2021-12-10 10:00:00','MOTOR ESTABLECIMIENTO ESPERANZA 1,5 HP 380V 1390 RPM,\r2021-12-10 11:01:59--> MAURI: CONFIRMADO\r13/12/2021 10:39--> MAURO: bobinado y rodamientos..\npelado aisldo y bobinas ya hechas \r13/12/2021 12:54--> NICO: bobinado listo para armar\r2021-12-14 08:09:17--> admin: SE ENTREGA CON REMITO\r2021-12-14 14:58:59--> MAURI:  ENTREGADO REMITO Nº: 1487','ENTREGADO','2021-12-14 14:58:59',0,0.00),(168,152,'2021-12-10 10:55:00','BOBINA DE FRENO + GIA\r2021-12-15 15:02:22--> MAURI: CONFIRMADO','EN REPARACIÓN',NULL,0,12000.00),(169,41,'2021-12-10 13:28:00','STATOR SOLO VULCANO N70\nA BOBINAR\r2021-12-10 13:29:09--> MAURI: CONFIRMADO\r14/12/2021 12:21--> Marcelo: Lista para bobinar\r2021-12-15 14:16:59--> MAURI: ENTREGADO','ENTREGADO','2021-12-15 14:16:59',0,6500.00),(170,153,'2021-12-10 15:53:00','AMASADORA IND. 220V \nA VERIFICAR\r2021-12-20 18:36:05--> admin: ARENADO Y PINTURA EPOXI BLANCO-REPARAR EJE -CAMBIAR 6 RODAMMIENTOS Y RETENES-CAMBIAR GRASA DE REDUCTOR-CAMBIAR LLAVE DE ENSENDIDO.','COTIZADO',NULL,0,26000.00),(171,154,'2021-12-11 20:05:00','HIDRO\nA VERIFICAR\r2021-12-20 18:26:31--> admin: bobinado y rodamiento','COTIZADO',NULL,0,22000.00),(172,44,'2021-12-14 07:19:00','MOTOR  CON BRIDA KAIFA MOTOR\nHP 0,50 RPM 1370/1644 V380 \n A VERIFICAR\r2021-12-20 18:37:41--> admin: SE ENTREGA CON REMITO\r21/12/2021 11:23--> Nico: Bobinado listo para armar ','EN REPARACIÓN',NULL,0,0.00),(173,155,'2021-12-14 07:30:00','LIJADORA BYD (ROJO) CD 400 - AR 135 W 220V\r16/12/2021 08:27--> Nico: El buje se desclavo del alojamiento. Lo pegué y lubrique. Agregue grasa a torrinton. Mantenimiento Gral.\nLista!\r16/12/2021 14:33--> Nico: Me olvidé de cambiar estado.🤷‍♂️\r2021-12-20 08:46:52--> MAURI: ENTREGADO','ENTREGADO','2021-12-20 08:46:52',0,2500.00),(174,156,'2021-12-14 07:38:00','BOMBA CENTRIFUGA GAMMA CP100\nKW0,75 HP 1 V220 DESARMADA\r15/12/2021 12:30--> MAURO: *rodamientos(6202x2)\n*sello(AF14)\n*encamisar eje inox\r15/12/2021 12:40--> MAURO: lista para entregar\r2021-12-15 14:36:13--> MAURI: ENTREGADO','ENTREGADO','2021-12-15 14:36:13',0,5000.00),(175,157,'2021-12-14 07:48:00','BOMBA CZ Z1 \nA VERIFICAR\r2021-12-14 12:48:14--> admin: BOBINADO Y CAPACITOR\r14/12/2021 12:47--> Marcelo: lista para bobinar\r16/12/2021 10:39--> fabian: rebobinado\r2021-12-16 10:44:40--> Admin: Falta solo armado','FINALIZADO',NULL,0,9500.00),(176,62,'2021-12-14 07:51:00',' MOTOR TURBINA HIDRO PUCARA \n A VERIFICAR\n\r2021-12-20 18:40:08--> admin: BOBINADO Y CAMBIO DE RODAMIENTOS\r2021-12-21 08:59:07--> MAURI: EN ESPERA','COTIZADO',NULL,0,16300.00),(177,133,'2021-12-14 08:04:00','TRAFOS 380/220 -24V 10VA\n CANTIDAD 2\r2021-12-14 16:58:33--> MAURI: ENTREGADO 13/12   REMITO 1484\r15/12/2021 15:23--> MAURO: ya lo tremine y lo entregaron listooo\r2021-12-17 07:30:25--> admin: SE ENTREGA CON REMITO\r2021-12-17 15:45:00--> MAURI:  ENTREGADO REMITO Nº: 1484','ENTREGADO','2021-12-17 15:45:00',0,0.00),(178,158,'2021-12-14 08:08:00','MOTOR VENTILADOR \r17/12/2021 10:32--> fabian: cambio de bujes.mantenimiento\r2021-12-20 10:35:31--> MAURI: ENTREGADO','ENTREGADO','2021-12-20 10:35:31',0,3500.00),(179,44,'2021-12-14 13:14:00','MOTOR CON RODILLO 1 HP\nEN CORTO\r2021-12-14 14:44:22--> MAURI: REMITO 1487\r10/12/2021 11:00--> Nico: Desarme, reemplazar cable de salida y armado. \r2021-12-14 14:46:08--> admin: SE ENTREGA CON REMITO\r2021-12-14 14:58:21--> MAURI:  ENTREGADO REMITO Nº: 1487','ENTREGADO','2021-12-14 14:58:21',0,0.00),(180,41,'2021-12-14 14:14:00','ESTATOR SOLO BOMBA VULCANO NUCLEO 50\nEN CORTO\nCONFIRMADO\r15/12/2021 08:42--> Marcelo: Listo para bobinar \r16/12/2021 14:20--> Nico: Bobinado\r2021-12-17 15:57:51--> MAURI: ENTREGADO','ENTREGADO','2021-12-17 15:57:51',0,5100.00),(181,41,'2021-12-14 14:17:00','ESTATOR SOLO VULCANO N80\nEN CORTO\nCONFIRMADO\r2021-12-16 17:24:59--> MAURI: ENTREGADO','ENTREGADO','2021-12-16 17:24:59',0,7000.00),(182,82,'2021-12-15 07:15:00','MOTOR HORMIGONERA DAF 0,55 KW','REVISIONAR',NULL,0,0.00),(183,81,'2021-12-15 12:43:00','BOMBA CZ Z4 \nA VERIFICAR \nCONFIRMNADA\r20/12/2021 08:00--> fabian: rebobinado.falta armar','EN REPARACIÓN',NULL,0,18000.00),(184,159,'2021-12-15 15:31:00','MARTILLO B Y D  KD1250-AR\nA VERIFICAR','REVISIONAR',NULL,0,0.00),(185,81,'2021-12-15 15:48:00','BOMBA CZ Z 4 \n EN CORTO \nCONFIRMADA\r17/12/2021 16:11--> Marcelo: Bobinar, mto. gral. rodamientos, sello\r20/12/2021 09:32--> Marcelo: lista para bobinar','EN REPARACIÓN',NULL,0,18000.00),(186,36,'2021-12-16 11:58:00','EN VENTA BOMBA CENTRIFUGA 3/4 HP\nREPARADA A NUEVO','REVISIONAR',NULL,0,0.00),(187,73,'2021-12-16 12:19:00','BOMBA CZ Z2 CAJA DE CONEXION ROTA\nEN CORTO A VERIFICAR\r20/12/2021 10:59--> Marcelo: Bobinar, mto. gral., rodamientos, arenado y pintura','EN REPARACIÓN',NULL,0,19550.00),(188,160,'2021-12-16 12:25:00','GENERADOR XIFEL 220V, RPM 19 AMP 10 N° 5993 HZ 50 AÑO 1964 VOLT 32\nMANTENIMIENTO GENERAL\nPRESUPUESTO\nSI ES APROBADO PINTAR AZUL BANDERA','REVISIONAR',NULL,0,0.00),(189,44,'2021-12-16 16:33:00','BOMBA WEG 3HP 380V\r2021-12-16 16:54:57--> MAURI: CONFIRMADO\r17/12/2021 09:46--> Marcelo: Bobinar, mto gral.\r2021-12-20 07:39:04--> admin: SE ENTREGA CON REMITO','EN REPARACIÓN',NULL,0,0.00),(190,41,'2021-12-16 20:37:00','Stator solo Vulcano núcleo 70 \nEn corto\nBobinar\nConfirmado\r17/12/2021 07:00--> Marcelo: Bobinar, arenar\r2021-12-17 07:28:43--> admin: BOMBA IMPORTADA NUCLEO 80mm\r17/12/2021 15:27--> NICO: ES NÚCLEO 80!!\nBobinada\r2021-12-20 07:49:18--> MAURI: ENTREGADO','ENTREGADO','2021-12-20 07:49:18',0,7000.00),(191,67,'2021-12-17 07:36:00','NUCLEO SOLO 40MM \nEN CORTO A VERIFICAR\r2021-12-17 13:37:28--> MAURI: CONFIRMADO\r17/12/2021 15:30--> Marcelo: Listo para bobinar\r20/12/2021 10:04--> Nico: Bobinado listo para armar \r2021-12-20 12:35:24--> MAURI: REMITO 1493','FINALIZADO',NULL,0,6000.00),(192,161,'2021-12-17 08:46:00','MOTOR WEG 4 HP 2900 RPM 220/380 V\n EN CORTO A VERIFICAR\r20/12/2021 12:38--> Marcelo: Bobinar, mto gral., boluneria \r2021-12-21 08:56:39--> MAURI: EN ESPERA','COTIZADO',NULL,0,23500.00),(193,162,'2021-12-17 11:15:00','BOMBA CENTRIFUGA 7,5 HP DOBLE TURBINA\nEN CORTO A VERIFICAR\r20/12/2021 15:24--> MAURO: MANTENIMIENTO GENERAL\n*rod(6205 6306)\n*sello mecanico (RC20)\n*horno\n*arenado y pintura \r2021-12-21 13:08:06--> MAURI: PARA EL 05/01/22','EN REPARACIÓN',NULL,0,19200.00),(194,163,'2021-12-17 11:22:00','BOMBA VULCANO BAE 50-2 0,5 HP 0,37KW\nARRANCA Y SE PARA \nA VERIFICAR\r20/12/2021 10:49--> Marcelo: Muy baja aislacion, mucha fatiga del bobinado, Bobinar mto. gral.','COTIZADO',NULL,0,13200.00),(195,163,'2021-12-17 11:29:00','BOMBA VULCANO BAE-50-2 0,5 HP\n FUNCIONA UN RATO Y SE PARA \nA VERIFICAR\r20/12/2021 10:10--> Marcelo: En corto, medicion 6 amp placa 3.2; mto gral','COTIZADO',NULL,0,13200.00),(196,116,'2021-12-17 13:44:00','MOTOR ANGAR MODELO HE\n0,25 KW , 220V 50 HZ , 2,6 A 500 W A450 RPM\nJULIO 3364292545\r20/12/2021 12:35--> MAURO: bobinado rodamientos y capacitor motor hormigonera con tapas de plastico 3/4\r2021-12-21 08:55:58--> MAURI: EN ESPERA','COTIZADO',NULL,0,13000.00),(197,164,'2021-12-17 14:56:00','MOTOR HORMIGONERA\n JCG 220V 5 AMP FASE 1 RPM 1400\nEN CORTO A VERIFICAR','REVISIONAR',NULL,0,0.00),(198,41,'2021-12-17 20:39:00','Stator solo Vulcano n60\nEn corto\n\r17/12/2021 20:41--> MAURI: Confirmado \nPiva','EN REPARACIÓN',NULL,0,5800.00),(199,165,'2021-12-20 08:37:00','BOMBA PORTATIL 0,50 HP \nFUNCIONA, SALE AGUA POR ABAJO Y NO ASPIRA\n A VERIFICAR\r20/12/2021 11:33--> Marcelo: Bobinar, mto. gral. arenado y pintura\r2021-12-20 19:09:11--> MAURI: A confirmar','CANCELADO',NULL,0,12900.00),(200,96,'2021-12-20 08:54:00','MOTOR FORZADOR CON PALETA \nDESARMADO, SIN TAPA TRASERA 1/2 HP 380V  8 POLOS\r2021-12-20 12:14:10--> MAURI: TRAJO LA TAPA QUE FALTABA\n CONFIRMADO\r2021-12-21 08:04:50--> admin: SOLO ARMADO Y PRUEBA DE FUNCIONAMIENTO.','EN REPARACIÓN',NULL,0,1600.00),(201,166,'2021-12-20 09:38:00','BOMBA ESPA 0,65 KW 220V \nSIN BOLUTA\nEN CORTO A VERIFICAR\r20/12/2021 15:46--> Marcelo:  Se la prueba electricamente, anda bien sin el termico, resistencia 1.3, rebarnizado, arenado pintura\r2021-12-20 16:35:45--> admin: SE REPARA CORTOCICUITO EN CABEZA DE BOBINA , SECADO , BARNIZADO, PUESTA EN MARCHA.\r2021-12-20 18:31:16--> MAURI: En espera\r2021-12-20 18:33:43--> MAURI: Confirmado\r21/12/2021 16:29--> Marcelo:  Finalizado, faltan bulones 4 (cuatro de la tapa de accionamiento de motor)','FINALIZADO',NULL,0,8500.00),(202,96,'2021-12-20 09:39:00','MOTOR FORZADOR 1/2 HP 380V\nVER SI FUNCIONA E IDENTIFICAR LOS CABLES\n NADA MAS\r20/12/2021 11:46--> MAURO: medí resistencia obnica y aislacion  , identifique los cables y\nse probo... listooo ','EN REPARACIÓN',NULL,0,600.00),(203,41,'2021-12-20 18:16:00','ESTATOR SOLO BOMBA VULCANO N 60\nPARA EL MIÉRCOLES..','EN REPARACIÓN',NULL,0,5800.00),(204,41,'2021-12-20 18:18:00','ESTATOR SOLO BOMBA ESPA N60\nPARA EL MIÉRCOLES\r2021-12-21 13:55:19--> MAURI: Bomba marca fluvial','EN REPARACIÓN',NULL,0,7800.00),(205,44,'2021-12-21 11:40:00','MOTOR FORZADOR 220V 1/2HP\nA VERIFICAR\nCONFIRMADO','REVISIONAR',NULL,0,0.00),(206,167,'2021-12-21 12:26:00','PIEDRA DE BANCO (NARANJA)  1HP RPM 2980 380V\nNECESITA UN CHICOTE DE 1 METRO DE CABLE Y FICHA 380 V 4 PATAS','REVISIONAR',NULL,0,0.00),(207,167,'2021-12-21 12:40:00','PIEDRA DE BANCO 2 HP ( A VERIFICAR) 380V \n NECESITA UN CHICOTE DE UN METRO CON FICHA MACHO 4 PATAS\nPRESUPUESTO','REVISIONAR',NULL,0,0.00),(208,168,'2021-12-21 14:12:00','BOMBA VULCANO 0,5 HP FUNCIONA, \nEMPEZO A HACER RUIDO Y NO LA PRENDIO MAS\nA VERIFICAR\nSIN TAPA , SIN FILTRO','REVISIONAR',NULL,0,0.00);
/*!40000 ALTER TABLE `o_trabajos` ENABLE KEYS */;
UNLOCK TABLES;

--
-- Table structure for table `recibos`
--

DROP TABLE IF EXISTS `recibos`;
/*!40101 SET @saved_cs_client     = @@character_set_client */;
/*!40101 SET character_set_client = utf8 */;
CREATE TABLE `recibos` (
  `id` bigint(20) NOT NULL AUTO_INCREMENT,
  `id_empresa` bigint(20) NOT NULL,
  `id_cliente` int(11) NOT NULL,
  `fecha` date NOT NULL,
  `numero` bigint(20) NOT NULL,
  `total` decimal(20,2) NOT NULL,
  `obser` varchar(100) NOT NULL,
  `m_pago` varchar(30) NOT NULL,
  PRIMARY KEY (`id`)
) ENGINE=InnoDB AUTO_INCREMENT=14 DEFAULT CHARSET=utf8mb4;
/*!40101 SET character_set_client = @saved_cs_client */;

--
-- Dumping data for table `recibos`
--

LOCK TABLES `recibos` WRITE;
/*!40000 ALTER TABLE `recibos` DISABLE KEYS */;
INSERT INTO `recibos` VALUES (1,2,12,'2020-11-06',3,10.00,'UN JINJA','TRANSFERENCIA'),(2,2,12,'2020-11-06',1,5369.30,'un monje','EFECTIVO'),(4,1,12,'2020-11-06',3,10.00,'UN JINJA','TRANSFERENCIA'),(10,1,12,'2020-11-09',5,15.50,'Cosme Fulanito SRL  12/12/2020  BANCO MACRO  45689/','CHEQUE'),(11,1,12,'2021-05-06',6,500.00,'koka','EFECTIVO'),(12,1,9,'2021-05-07',7,55.00,'','EFECTIVO'),(13,1,9,'2021-06-24',8,3000.00,'','EFECTIVO');
/*!40000 ALTER TABLE `recibos` ENABLE KEYS */;
UNLOCK TABLES;

--
-- Table structure for table `rubros`
--

DROP TABLE IF EXISTS `rubros`;
/*!40101 SET @saved_cs_client     = @@character_set_client */;
/*!40101 SET character_set_client = utf8 */;
CREATE TABLE `rubros` (
  `id_rubro` int(11) NOT NULL AUTO_INCREMENT,
  `rubro` varchar(30) NOT NULL,
  `id_empresa` bigint(20) NOT NULL,
  PRIMARY KEY (`id_rubro`),
  UNIQUE KEY `rubros_un` (`rubro`)
) ENGINE=InnoDB AUTO_INCREMENT=11 DEFAULT CHARSET=utf8mb4;
/*!40101 SET character_set_client = @saved_cs_client */;

--
-- Dumping data for table `rubros`
--

LOCK TABLES `rubros` WRITE;
/*!40000 ALTER TABLE `rubros` DISABLE KEYS */;
INSERT INTO `rubros` VALUES (1,'ALMACÉN',1),(2,'VERDULERÍA',1),(8,'PRUEBA',1),(9,'KEVIN',7),(10,'URRACAS',7);
/*!40000 ALTER TABLE `rubros` ENABLE KEYS */;
UNLOCK TABLES;

--
-- Table structure for table `trabajos`
--

DROP TABLE IF EXISTS `trabajos`;
/*!40101 SET @saved_cs_client     = @@character_set_client */;
/*!40101 SET character_set_client = utf8 */;
CREATE TABLE `trabajos` (
  `id_ot` int(11) NOT NULL,
  `desc_job` varchar(5000) DEFAULT NULL,
  `hs_trab` int(11) DEFAULT NULL,
  `id_job` int(11) NOT NULL AUTO_INCREMENT,
  `id_clie` int(11) NOT NULL,
  `estado` varchar(100) DEFAULT NULL,
  `fecha` datetime DEFAULT NULL,
  `usuario` varchar(100) DEFAULT NULL,
  PRIMARY KEY (`id_job`)
) ENGINE=InnoDB AUTO_INCREMENT=313 DEFAULT CHARSET=utf8mb4;
/*!40101 SET character_set_client = @saved_cs_client */;

--
-- Dumping data for table `trabajos`
--

LOCK TABLES `trabajos` WRITE;
/*!40000 ALTER TABLE `trabajos` DISABLE KEYS */;
INSERT INTO `trabajos` VALUES (1,'bobinar ',4,1,0,'PRESUPUESTAR','2021-11-02 17:10:00',NULL),(1,'boinado',5,3,0,'EN REPARACIÓN','2021-11-07 18:00:00',NULL),(1,'terminad',1,4,0,'FINALIZADO','2021-11-07 18:01:00',NULL),(4,'desarmar , enderezar eje, cambio de rodamientos,arenar y pintar',1,5,0,'PRESUPUESTAR','2021-11-09 15:21:00',NULL),(3,'desarmar armar, endezar eje',1,6,0,'PRESUPUESTAR','2021-11-09 15:22:00',NULL),(4,'ver neutro',1,7,0,'PRESUPUESTAR','2021-11-10 06:02:00',NULL),(2,'lavar, secado, reparación en bornera. cambiar rodamientos.',6,8,0,'PRESUPUESTAR','2021-11-10 06:12:00',NULL),(5,'rebobinar',8,9,0,'PRESUPUESTAR','2021-11-10 06:13:00',NULL),(5,'hacer molde',2,10,0,'EN REPARACIÓN','2021-11-10 06:15:00',NULL),(7,'cambio de bujes y mantenimiento',1,11,0,'REVISIONAR','2021-11-13 07:10:00',NULL),(7,'cambio de capacitor',1,12,0,'REVISIONAR','2021-11-13 07:11:00',NULL),(7,'rre',1,13,0,'PRESUPUESTAR','2021-11-13 07:12:00',NULL),(8,'cambio de bujes por rodamientos\n\n\n\n\n\n\n\n\n',-1,15,0,'REVISIONAR','2021-11-13 11:56:00',NULL),(12,'  ventilador industrial ',1,16,0,'PRESUPUESTAR','2021-11-13 14:13:00',NULL),(12,'correccion a ventilador ind.',2,18,0,'PRESUPUESTAR','2021-10-26 08:56:00',NULL),(13,'cambiar centrifugo, armardo completo , llego desarmado ,cambio de capacitor,pintura',3,19,0,'PRESUPUESTAR','2021-11-14 14:22:00',NULL),(10,'Miguel mando foto al proveedor consultando pieza y modelo',1,20,0,'PRESUPUESTAR','2021-10-25 14:26:00',NULL),(11,'Inducido en corto. \nTiene los resortes que agarran los campos con los porta carbones fundidos( si se consiguen pedirlos).\nMantenimiento Gral.',1,21,0,'PRESUPUESTAR','2021-10-26 14:27:00',NULL),(13,'soldar tapa ',1,22,0,'PRESUPUESTAR','2021-10-26 14:33:00',NULL),(12,'Se clavo el pistón y rompió el sist. de golpe y rotación. Dar de baja o enviar a bosch',1,23,0,'PRESUPUESTAR','2021-10-26 14:38:00',NULL),(9,'modifique la cabeza de coneccion porque no entraba la placa de diodos.\npinte con barniz de terminación en su totalidad para tapar marcas de calentamiento provocadas por la pistola de calor y horno',2,24,0,'PRESUPUESTAR','2021-10-26 08:41:00',NULL),(14,'bobinado en corto',1,25,0,'PRESUPUESTAR','2021-10-26 15:42:00',NULL),(12,'se envia a pedir precio a Bosch',1,26,0,'DEMORADO','2021-10-26 16:09:00',NULL),(14,'se coloca en chatarra dado que pason 3años ',1,27,0,'CANCELADO','2021-10-26 16:17:00',NULL),(15,'Bobinado',2,28,0,'PRESUPUESTAR','2021-10-27 06:10:00',NULL),(13,'listo',1,29,0,'FINALIZADO','2021-10-27 07:57:00',NULL),(19,'RODAMIENTO CAP CELLO MANTENIMIENTO COMPLETO',1,30,0,'PRESUPUESTAR','2021-10-27 11:22:00',NULL),(20,'bobinado',-1,31,0,'PRESUPUESTAR','2021-10-27 11:42:00',NULL),(15,'listo',2,32,0,'FINALIZADO','2021-10-27 11:47:00',NULL),(9,'listo',1,33,0,'FINALIZADO','2021-10-27 11:49:00',NULL),(4,'saque 1 cable de la punta de estrella',1,34,0,'EN REPARACIÓN','2021-10-27 11:52:00',NULL),(4,'eje en el tornero',1,35,0,'DEMORADO','2021-10-27 11:55:00',NULL),(3,'eje en el tornero',1,36,0,'DEMORADO','2021-10-27 11:56:00',NULL),(23,'bobinado, rodamientos y sello',1,37,0,'PRESUPUESTAR','2021-10-28 08:14:00',NULL),(24,'CAMBIAR LLAVE Y REPARAR PUNTAS DE BOBINA',4,38,0,'PRESUPUESTAR','2021-10-29 12:00:00',NULL),(18,'BOBINADO',10,39,0,'PRESUPUESTAR','2021-10-29 12:03:00',NULL),(28,'FALLA EN LA PLACA, LO DEJO A TU CRITERIO...',1,40,0,'PRESUPUESTAR','2021-10-29 11:12:00',NULL),(20,'largo de Nucleo:???\n',1,41,0,'REVISIONAR','2021-10-30 15:18:00',NULL),(26,'Bobinar, rodamientos y cap. Faltan los 4 tornillos de sujeción de tapa.',1,42,0,'PRESUPUESTAR','2021-11-01 06:27:00',NULL),(20,'60mm de largo de núcleo.',1,43,0,'PRESUPUESTAR','2021-11-01 06:33:00',NULL),(27,'cambiar rodamientos y cap.',1,44,0,'PRESUPUESTAR','2021-11-01 07:11:00',NULL),(29,'trafo de boyero ',1,45,0,'PRESUPUESTAR','2021-11-01 08:42:00',NULL),(19,'cambie rod. y sello... LISTA!!',1,46,0,'FINALIZADO','2021-11-01 10:17:00',NULL),(25,'bobinado dos rodamiento 6311 bornera soldar ventilador en alumio cambiar toda la tornilleria motor 25hp',1,47,0,'PRESUPUESTAR','2021-11-01 10:46:00',NULL),(32,'cambiar rodamientos, lavado y secado, cambiar bornera, soldar ventilador ',8,48,0,'PRESUPUESTAR','2021-11-02 11:52:00',NULL),(31,'bobinado,rodamientos,capacitor,sello mecánico',8,49,0,'PRESUPUESTAR','2021-11-02 11:55:00',NULL),(30,'bobinado 5,5HP -RODAMIENTOS 6306-ARENADO Y PINTURA.\ncambiar 4 tornillos (3/8 x 50) con arandelas :8planas y 4grower.',1,50,0,'PRESUPUESTAR','2021-11-01 13:26:00',NULL),(28,'Se lo llevo Mauro (dueño)',1,51,0,'CANCELADO','2021-11-01 15:08:00',NULL),(35,'Se ve todo ok.',1,52,0,'PRESUPUESTAR','2021-11-02 06:16:00',NULL),(34,'bobinar campos (reforzar) y rodamientos.',1,53,0,'PRESUPUESTAR','2021-11-02 07:44:00',NULL),(36,'bobinado listo',1,54,0,'PRESUPUESTAR','2021-11-02 11:38:00',NULL),(21,'reparar bobina secundaria, hacer salidas nuevas ,cambiar  bulones de bronce nuevos, cable y pinsa de masa,pintura',6,55,0,'PRESUPUESTAR','2021-11-02 13:39:00',NULL),(26,'se necesita colocar otro motor , dado que su reparac. es dudosa',4,56,0,'PRESUPUESTAR','2021-11-02 13:44:00',NULL),(16,'reparar bobina de exitacion, desarmar y arme del equipo, 1litor de nafta, ensayos',4,57,0,'PRESUPUESTAR','2021-11-04 09:31:00',NULL),(16,'ANTES DE PASAR PRECIO LLAMAR PARA QUE VEA SI ASÍ GENERA LO DESEADO',1,58,0,'COTIZADO','2021-11-04 09:34:00',NULL),(27,'rebobinado rodamientos capacitor',3,59,0,'FINALIZADO','2021-11-03 09:47:00',NULL),(33,'15 LITROS DE NAFTA',1,60,0,'EN REPARACIÓN','2021-11-03 16:28:00',NULL),(31,'ENTREGA VIERNES 15:00 HS. ',1,61,0,'EN REPARACIÓN','2021-11-03 16:32:00',NULL),(30,'FALTAN TORNILLOS , SEGÚN MUESTRA (4)',1,62,0,'EN REPARACIÓN','2021-11-03 16:34:00',NULL),(33,'mantenimiento completo',7,63,0,'FINALIZADO','2021-11-03 15:56:00',NULL),(30,'bobinado, cambio de rodamientos tras extraer polea multiplican. armado y pintado. se cambiaron los tornillos de la base.',1,64,0,'FINALIZADO','2021-11-04 10:38:00',NULL),(32,'listo mantenimiento completo ',15,65,0,'FINALIZADO','2021-11-04 11:13:00',NULL),(40,'bobinado 1/2hp rodamientos 6203 cap12,5uf',1,66,0,'PRESUPUESTAR','2021-11-04 11:16:00',NULL),(39,'bobinado z1 rodamientos sello cap encamizar eje',1,67,0,'PRESUPUESTAR','2021-11-04 11:17:00',NULL),(31,'se bobino y se armo sin cambiar rodamientos ni sello. En el ensayo se escucho ok. ',1,68,0,'FINALIZADO','2021-11-05 07:19:00',NULL),(6,'LO TIENE ROBER ..',1,69,0,'REVISIONAR','2021-11-08 07:11:00',NULL),(43,'cambie conexión en bobinado de estrella a triangulo. ',1,70,0,'PRESUPUESTAR','2021-11-08 07:50:00',NULL),(44,'bobinado rodamientos encamisar tapa\n',1,71,0,'PRESUPUESTAR','2021-11-08 08:30:00',NULL),(43,'REMITO 1247',1,72,0,'PRESUPUESTAR','2021-11-08 13:40:00',NULL),(45,'modificar turbina encamisar eje inox\n',1,73,0,'PRESUPUESTAR','2021-11-08 13:07:00',NULL),(41,'rebobinado rodamientos cap. llave velocidades',1,74,0,'PRESUPUESTAR','2021-11-08 14:11:00',NULL),(46,'bobinado y rodamientos',1,75,0,'PRESUPUESTAR','2021-11-08 14:39:00',NULL),(49,'bobinado y rodamientos 6303',1,76,0,'PRESUPUESTAR','2021-11-09 07:54:00',NULL),(49,'bobinado y rodamientos 6303',1,77,0,'PRESUPUESTAR','2021-11-09 07:54:00',NULL),(47,'bobinado y rodamientos 6303\n',1,78,0,'PRESUPUESTAR','2021-11-09 07:55:00',NULL),(39,'LISTO BOBINADO HECHO POR NICO\n',10,79,0,'FINALIZADO','2021-11-09 10:57:00',NULL),(8,'NO SE REALIZO EL TRABAJO, PRESUPUESTO ALTO',1,80,0,'EN REPARACIÓN','2021-11-09 13:53:00',NULL),(62,'BOBINADO, TAPAS, RODAMIENTOS.-',1,81,0,'PRESUPUESTAR','2021-11-09 13:56:00',NULL),(60,'YA ESTA TERMINADO ',1,82,0,'PRESUPUESTAR','2021-11-09 15:23:00',NULL),(67,'mantenimiento general, cambio de rodamientos 6205, arenado y pintura',3,83,0,'PRESUPUESTAR','2021-11-10 13:38:00',NULL),(58,'bobinado y rodamientos',1,84,0,'PRESUPUESTAR','2021-11-10 14:00:00',NULL),(60,'carrete:48-24\nesp:2250\ndiámetro de alambre:0,18',1,85,0,'FINALIZADO','2021-11-10 14:06:00',NULL),(59,'bobinar, cambio de rodamientos 6202 y mantenimiento general',1,86,0,'PRESUPUESTAR','2021-11-10 14:39:00',NULL),(63,'CAMBIO DE CAP 12,5 UF (FABIAN)',1,87,0,'PRESUPUESTAR','2021-11-10 16:14:00',NULL),(64,'2250 esp de alambre 0,18 ',1,88,0,'REVISIONAR','2021-11-11 07:51:00',NULL),(65,'bobinado rodamientos cap\n0,75hp------6202-----12,5uf        ',1,89,0,'PRESUPUESTAR','2021-11-11 08:56:00',NULL),(64,'carrete 48--24 alambre 0,18 2250esp \n4 trafos nuevo sin nucleo ',1,90,0,'PRESUPUESTAR','2021-11-11 09:02:00',NULL),(59,'encamizar eje inoxidable, cambiar sello mecanico',2,91,0,'PRESUPUESTAR','2021-11-12 09:40:00',NULL),(55,'PELADO Y PREPARADO',1,92,0,'PRESUPUESTAR','2021-11-11 11:04:00',NULL),(61,'BOMBA SUMERGIBLE NÚCLEO NO DESCLAVABLE BOBINADO RODAMIENTO CAP ENCAMIZAR EJE Y CELLO MECANICO ',1,93,0,'PRESUPUESTAR','2021-11-11 11:13:00',NULL),(48,'RODAMIENTOS Y PINTURA\n',1,94,0,'PRESUPUESTAR','2021-11-11 13:44:00',NULL),(50,'BOBINADO Y RODAMIENTOS',1,95,0,'PRESUPUESTAR','2021-11-11 13:45:00',NULL),(58,'terminadoooo!!!! tritri!!!!!!!!!',1,96,0,'FINALIZADO','2021-11-11 14:21:00',NULL),(68,'cambio de bujes cap',0,97,0,'PRESUPUESTAR','2021-11-12 08:46:00',NULL),(65,'PELEDO Y PREPARADA ',1,98,0,'EN REPARACIÓN','2021-11-12 12:11:00',NULL),(67,'Mantenimiento general, cambio de rodamientos',3,99,0,'FINALIZADO','2021-11-12 12:19:00',NULL),(76,'BOMBA Z1 LN:77 PELADA Y PREPARADA',1,100,0,'PRESUPUESTAR','2021-11-12 14:04:00',NULL),(42,'TERMINADO \nBOBINADO, CAMBIO DE RODAMIENTO CORTE DE ESTATOR CON EL TORNO Y VUELTO A TORNEAR.',1,101,0,'PRESUPUESTAR','2021-11-12 15:05:00',NULL),(72,'BOBINADO CAP MANTENIMIENTO ',1,102,0,'PRESUPUESTAR','2021-11-12 16:25:00',NULL),(72,'BOBINADO CAP MANTENIMIENTO ',1,103,0,'PRESUPUESTAR','2021-11-12 16:25:00',NULL),(68,'LISTO',2,104,0,'FINALIZADO','2021-11-12 15:37:00',NULL),(45,'eje en el tornero',1,105,0,'DEMORADO','2021-11-15 06:10:00',NULL),(71,'MANTENIMIENTO\nturbina doblada cambiar\n*cap (8uf)\n*rodanientos 6201 (eje 1/2)\n*sello mecanico eje 12 AF \n*arenado y pintura',1,106,0,'PRESUPUESTAR','2021-11-15 06:47:00',NULL),(77,'*BOBINADO cv:0,75\n*rodamientos(6203)x2\n*bornera\n*encamisar eje inox\n*sello mecanico 12AF',1,107,0,'PRESUPUESTAR','2021-11-15 10:29:00',NULL),(79,'MANTENIMIENTO:  \n*SELLO \n*RODAMIENTOS \n*TERMINALES \n*LIMPIEZA DE INOX VOLUTA\n*ENCAMISAR EJE\n*CAMBIAR ESPÁRRAGOS Y TORNILLOS DE VOLUTA ',1,108,0,'PRESUPUESTAR','2021-11-15 13:16:00',NULL),(57,'BOBINADO Y RODAMIENTOS \nYA ESTA PARA BOBINAR',1,109,0,'PRESUPUESTAR','2021-11-15 13:23:00',NULL),(56,'BOBINADO Y RODAMIENTOS \nLISTO PARA BOBINAR',1,110,0,'PRESUPUESTAR','2021-11-15 13:25:00',NULL),(53,'BOBINADO Y RODAMIENTO \nPELADO LISTO PARA BOBINAR',1,111,0,'PRESUPUESTAR','2021-11-15 13:26:00',NULL),(78,'*BINADO(50HP)\n*RODAMIENTOS (6313)X2\n*BULONES:\n_8 DE (3/8X80) CON GROWER\n_8DE (11X30) CON GROWER',1,112,0,'PRESUPUESTAR','2021-11-15 13:39:00',NULL),(82,'ya esta preparada para bobinar. (LN:70mm)!!!',1,113,0,'PRESUPUESTAR','2021-11-16 07:47:00',NULL),(83,'\n\nMOTOR 0,5HP CON REDUCTOR\nMANTENIMIENTO:\n*ENCAMISAR TAPA \n*CAMBIAR RODAMIENTOS (6202)X2\n*MATENIMIENTO DE REDUCTOR \n_LIMPIAR \n_CAMBIAR GRASA\n*PITAR\n',1,114,0,'PRESUPUESTAR','2021-11-16 09:57:00',NULL),(69,'BOBINAR, RODAMIENTOS 6310; 6210 Y RETENES 8290 (50-67-8), ARENAR, PINTAR.\nEJE RECTIFICAR.\nBORNERAS NUEVA.',3,115,0,'PRESUPUESTAR','2021-11-16 10:37:00',NULL),(65,'LISTO PARA ENTREGAR\n',1,116,0,'FINALIZADO','2021-11-16 11:20:00',NULL),(82,'REBOBINADO     ',3,117,0,'FINALIZADO','2021-11-16 13:02:00',NULL),(76,'REBOBINADO',3,118,0,'FINALIZADO','2021-11-16 13:05:00',NULL),(71,'LISTOOOO\n',1,119,0,'FINALIZADO','2021-11-16 15:22:00',NULL),(77,'pelado y preparado',1,120,0,'EN REPARACIÓN','2021-11-17 06:50:00',NULL),(77,'pelado y preparado',1,121,0,'EN REPARACIÓN','2021-11-17 06:50:00',NULL),(88,'VENTILADORES   CANTIDAD 2',1,122,0,'PRESUPUESTAR','2021-11-16 08:09:00',NULL),(87,'quemado arranque, cambio de rodamientos, capacitor, arenado y pintura',1,123,0,'PRESUPUESTAR','2021-11-17 07:21:00',NULL),(88,'gygyjklhj',0,124,0,'EN REPARACIÓN','2021-11-17 08:27:00',NULL),(88,'gvhgjhghbjk',0,125,0,'FINALIZADO','2021-11-17 08:28:00',NULL),(80,'MANTENIMIENTO GENERAL Y CAMBIO DE RODAMIENTOS',1,126,0,'PRESUPUESTAR','2021-11-17 08:59:00',NULL),(82,'BOBINADA..',1,127,0,'FINALIZADO','2021-11-17 09:30:00',NULL),(90,'AL DESPEGAR PLAQUETA ROSABA CABLE=(\nEN GARANTÍA!!!!!!!',1,128,0,'PRESUPUESTAR','2021-11-17 09:46:00',NULL),(85,'Bobinado (quedo en 2 fases), rodamientos y comprar llave trifasica',1,129,0,'PRESUPUESTAR','2021-11-17 11:07:00',NULL),(55,'REBOBINAD0',3,130,0,'EN REPARACIÓN','2021-11-17 11:34:00',NULL),(38,'Falla llave térmica  9A. En mundo-sierra cuesta 1500 aprox.',1,131,0,'PRESUPUESTAR','2021-11-17 14:46:00',NULL),(54,'rebobinado',3,132,0,'PRESUPUESTAR','2021-11-17 15:30:00',NULL),(81,'Mantenimiento general, cambio de rodamiento 6204; relleno tapa accion y base, arenado y pintura',1,133,0,'PRESUPUESTAR','2021-11-18 08:39:00',NULL),(99,'INDUSIDO, CAMPOS, CARBONES KIT DE COMPRESION ',1,134,0,'REVISIONAR','2021-11-18 10:50:00',NULL),(98,'BOMBA DE VACIO DOSIVAC DVR 95\nEN CORTO \nPRESUPUESTO',1,135,0,'REVISIONAR','2021-11-18 10:55:00',NULL),(84,'Tapas con bujes, verificar cambio a rodamientos, bobinar mantenimiento general.-.',2,136,0,'PRESUPUESTAR','2021-11-18 10:00:00',NULL),(89,'LISTOOOO!!!!!\n',3,137,0,'FINALIZADO','2021-11-18 10:09:00',NULL),(26,'REABLEABOBINADO ROD. CAP. CABLE 2METR0S FICHA',3,138,0,'FINALIZADO','2021-11-18 10:56:00',NULL),(50,'BOBINADO LISTO PARA ARMAR',3,139,0,'EN REPARACIÓN','2021-11-18 11:29:00',NULL),(38,'Se reemplazo llave térmica.  ',1,140,0,'FINALIZADO','2021-11-18 11:32:00',NULL),(6,'Lo tiene robert, amigo de miguel.',1,141,0,'DEMORADO','2021-11-08 11:37:00',NULL),(95,'inducido y campos en corto. Cambiar carbones y Mant. Gral.',1,142,0,'PRESUPUESTAR','2021-11-18 13:26:00',NULL),(96,'Inducido en corto. Cambiar carbones y Mant. Gral.',1,143,0,'PRESUPUESTAR','2021-11-18 13:28:00',NULL),(52,'listo para bobinar',1,144,0,'PRESUPUESTAR','2021-11-18 13:37:00',NULL),(51,'bobinar y rodamientos. lista para bobinar',1,145,0,'PRESUPUESTAR','2021-11-18 13:38:00',NULL),(91,'en corto y rodamientos\n',1,146,0,'PRESUPUESTAR','2021-11-18 14:24:00',NULL),(70,'lo tiene lito',0,147,0,'REVISIONAR','2021-11-18 14:28:00',NULL),(100,'*bobinado\n*rodamientos\n*cap\n*sello mecánico\n',1,148,0,'PRESUPUESTAR','2021-11-18 14:35:00',NULL),(86,'Presostato trabado... solucionado\nLa parte eléctrica quedo funcionando, la parte mecánica no la pude probar ya que no tenia lanza. ',1,149,0,'PRESUPUESTAR','2021-11-18 15:00:00',NULL),(93,'mamtenimiento rodamientos capacitor arenado y pintura\n6303 x2\ncap 12,5 uf\n\n(terminales palas salida de cable con toma macho)',1,150,0,'PRESUPUESTAR','2021-11-18 15:39:00',NULL),(94,'bobinado \nrodamientos \nplaqueta \n',1,151,0,'PRESUPUESTAR','2021-11-18 15:40:00',NULL),(92,'inducido en corto',1,152,0,'PRESUPUESTAR','2021-11-18 15:41:00',NULL),(96,'CAMBIO DE RODAMIENTOS DE INDUCIDO\nCAMBIAR LUBRICACION EN ENGRANAJES DE REDUCTOR',1,153,0,'PRESUPUESTAR','2021-11-19 16:29:00',NULL),(97,'bobinar',1,154,0,'PRESUPUESTAR','2021-11-18 06:26:00',NULL),(84,'rebobinado',0,155,0,'EN REPARACIÓN','2021-11-19 11:11:00',NULL),(47,'armado y cambio de rodamiento 6203',1,156,0,'FINALIZADO','2021-11-19 11:15:00',NULL),(45,'terminado listo  para entregar',1,157,0,'FINALIZADO','2021-11-19 12:11:00',NULL),(84,'bobinado lubricado',3,158,0,'FINALIZADO','2021-11-19 15:47:00',NULL),(84,'bobinado lubricado',3,159,0,'FINALIZADO','2021-11-19 15:47:00',NULL),(54,'Armado, rodamientos 6203. pintura',2,160,0,'FINALIZADO','2021-11-23 16:00:00',NULL),(52,'Armado, rodamiento 6203 y 6202. Pintura',2,161,0,'FINALIZADO','2021-11-23 16:02:00',NULL),(50,'Armado, rodamientos. Pintura',2,162,0,'FINALIZADO','2021-11-23 16:15:00',NULL),(93,'listoooo\n',1,163,0,'FINALIZADO','2021-11-23 16:19:00',NULL),(104,'*BOBINADO\n*RODAMIENTOS 6203X2\n*SELLO DE 12\n*CAP 14UF\n*TERMINALES\n*ARENADO Y PINTURA',1,164,0,'PRESUPUESTAR','2021-11-23 16:20:00',NULL),(73,'Se cruzo la tapa porque estaba quebrada... La soldó Clark y lo volví a armar previo lubricado de bujes y pulido de eje... ',2,165,0,'PRESUPUESTAR','2021-11-23 16:31:00',NULL),(106,'*bobinado \n*rodamientos (6302-6202)\n*sello mecánico eje 19\n*cap 20-UF\n*arenado y pintura',1,166,0,'REVISIONAR','2021-11-24 08:22:00',NULL),(103,'pelado listo para bobinar LN:60mm',1,167,0,'PRESUPUESTAR','2021-11-24 09:47:00',NULL),(102,'pelado listo para bobinar LN:60mm',1,168,0,'PRESUPUESTAR','2021-11-24 09:48:00',NULL),(111,'cambie rodamientos, falta carbones y colocar enchufe.',1,169,0,'PRESUPUESTAR','2021-11-24 10:09:00',NULL),(110,'cambie rodamientos, carbones y puse ficha macho. \nLISTA!!',1,170,0,'PRESUPUESTAR','2021-11-24 10:33:00',NULL),(100,'preparada para bobinar\n',1,171,0,'EN REPARACIÓN','2021-11-24 11:00:00',NULL),(72,'PELADO LISTO PARA BOBINAR',1,172,0,'EN REPARACIÓN','2021-11-24 12:20:00',NULL),(109,'MARTILLO DEWALT D25980 2100W \nTIENE CORTADA LA BIELA. RECOMIENDO CAMBIAR RODAMIENTOS CARBONES Y KIT DE COMPRESIÓN\n',1,173,0,'PRESUPUESTAR','2021-11-24 14:46:00',NULL),(108,'TIENE CORTADA LA BIELA. RECOMIENDO CAMBIAR RODAMIENTOS CARBONES Y KIT DE COMPRESIÓN\nNO HAY GRASA PARA POSIBLE REPARACIÓN \n',1,174,0,'PRESUPUESTAR','2021-11-24 14:47:00',NULL),(105,'Bobinar, rodamientos, arenado mto general',1,175,0,'PRESUPUESTAR','2021-11-24 15:39:00',NULL),(107,'bobinar, mto general, arenado, pintura',1,176,0,'PRESUPUESTAR','2021-11-24 15:45:00',NULL),(114,'La desarmo Ramirito. Tenia agua en la parte eléctrica y bobinado quemado. Dar de baja',1,177,0,'PRESUPUESTAR','2021-11-24 16:26:00',NULL),(103,'CONFIRMADO',1,178,0,'PRESUPUESTAR','2021-11-24 16:55:00',NULL),(106,'en la ficha anterior, perdoonn!!=(',1,179,0,'PRESUPUESTAR','2021-11-25 07:42:00',NULL),(121,'Mantenimiento General,  rodamientos 6203, sello RC de eje de 18 mm; arenado pintura, buloneria 4 de 10 mm x 34 mm',1,180,0,'PRESUPUESTAR','2021-11-25 08:25:00',NULL),(104,'ya está bobinada',2,181,0,'EN REPARACIÓN','2021-11-25 11:12:00',NULL),(73,'Se cruzo la tapa porque estaba quebrada... La soldó Clark y lo volví a armar previo lubricado de bujes y pulido de eje... ',1,182,0,'FINALIZADO','2021-11-25 11:54:00',NULL),(92,'Llevamos inducido a bobinar a zippe.',1,183,0,'DEMORADO','2021-11-25 12:14:00',NULL),(25,'motor 25hp no de 15 como dice la descripcion... listo',1,184,0,'FINALIZADO','2021-11-26 08:48:00',NULL),(57,'bobinado listo para armar...',1,185,0,'EN REPARACIÓN','2021-11-26 08:49:00',NULL),(66,'lo desarmamos y no encontramos falla. el borne de 24 esta anulado',1,186,0,'PRESUPUESTAR','2021-11-26 08:50:00',NULL),(123,'Lo probe y funciona normalmente... falta la tapa con el eje de sujeción( la tiene el cliente.. en teoriaaa)',1,187,0,'PRESUPUESTAR','2021-11-26 08:59:00',NULL),(121,'Falta sello RC paraq eje de 18 mm',1,188,0,'DEMORADO','2021-11-26 11:44:00',NULL),(129,'rebobinado',3,189,0,'REVISIONAR','2021-11-26 12:19:00',NULL),(129,'rebobinado',3,190,0,'PRESUPUESTAR','2021-11-26 12:22:00',NULL),(112,'terminadooooo',1,191,0,'FINALIZADO','2021-11-26 13:10:00',NULL),(124,'Bobinado, rodamiento 6202 dos, mto general y pintura.\nListo finalizado.-',1,192,0,'PRESUPUESTAR','2021-11-26 13:13:00',NULL),(55,'Mto General y pintura',1,193,0,'FINALIZADO','2021-11-26 13:17:00',NULL),(130,'listo terminadoo papáááaáááá',1,194,0,'PRESUPUESTAR','2021-11-26 15:44:00',NULL),(117,'bobinar, pelar y pintar',1,195,0,'PRESUPUESTAR','2021-11-29 06:39:00',NULL),(116,'bobinar, pelar, arenar y pintar',1,196,0,'PRESUPUESTAR','2021-11-29 06:41:00',NULL),(100,'rebobinado listo para armar',3,197,0,'EN REPARACIÓN','2021-11-29 09:26:00',NULL),(100,'LISTOOOO\n',1,198,0,'FINALIZADO','2021-11-29 11:04:00',NULL),(87,'Bobinadado completo, rodamientos, cap, porta cap y esparragos.\nLista!!',1,199,0,'FINALIZADO','2021-11-29 11:07:00',NULL),(115,'Bobinar, arenar, sello RC para eje 18 mm, rodamientos 6204 y 6203; pintura',3,200,0,'PRESUPUESTAR','2021-11-29 12:19:00',NULL),(107,'A bobinar, resto arenado y limpieza',1,201,0,'EN REPARACIÓN','2021-11-29 15:55:00',NULL),(137,'_MANTENIMIENTO \n*RODAMIENTOS 6203(X2)\n*CAP12,5uf\n*SELLO AF DE 20mm\n*ARENADO Y PINTURA',1,202,0,'PRESUPUESTAR','2021-11-30 07:51:00',NULL),(131,' Mantenimiento general,  cambio de rodamientos 6004',1,203,0,'PRESUPUESTAR','2021-11-30 10:49:00',NULL),(133,'*BOBINADO \n*RODAMIENTOS (6201 DE 1/2)\n*CAP 12,5',1,204,0,'PRESUPUESTAR','2021-11-30 12:47:00',NULL),(116,'BOBINADO',3,205,0,'FINALIZADO','2021-11-30 14:14:00',NULL),(117,'REBOBINADO',3,206,0,'FINALIZADO','2021-11-30 14:16:00',NULL),(120,'Mantenimiento general, cambio de bujes por rodamientos hacer camisas',1,207,0,'PRESUPUESTAR','2021-12-01 10:03:00',NULL),(134,'Bobinar, mto general',1,208,0,'PRESUPUESTAR','2021-12-01 10:14:00',NULL),(135,'Bobinar, mto general',1,209,0,'PRESUPUESTAR','2021-12-01 10:58:00',NULL),(136,'Bobinar, mto general',1,210,0,'PRESUPUESTAR','2021-12-01 10:59:00',NULL),(137,'listooo terminadooo\n',1,211,0,'FINALIZADO','2021-12-01 11:45:00',NULL),(132,'Bobinar, mto general, rodamientos',1,212,0,'PRESUPUESTAR','2021-12-01 12:16:00',NULL),(131,'armado y limpieza',2,213,0,'FINALIZADO','2021-12-30 12:18:00',NULL),(107,'rebobinado.falta armar',3,214,0,'EN REPARACIÓN','2021-12-01 14:06:00',NULL),(106,'listo la hice completa desarme, bobine y arme yo, yo jajajajaj',1,215,0,'FINALIZADO','2021-12-01 15:04:00',NULL),(115,'TERMINADA LISTA PARA RETIRAR',1,216,0,'FINALIZADO','2021-12-01 16:38:00',NULL),(69,'Bobinado listo para armar',1,217,0,'EN REPARACIÓN','2021-12-02 07:41:00',NULL),(145,'*BOBINADO 3,5 HP\n*RODAMIENTOS 6205 2\n',1,218,0,'PRESUPUESTAR','2021-12-02 07:42:00',NULL),(136,'REBOBINADO',4,219,0,'FINALIZADO','2021-12-02 07:59:00',NULL),(107,'ARMADO Y PINTURA ',2,220,0,'FINALIZADO','2021-12-02 08:28:00',NULL),(69,'TERMINADO',2,221,0,'FINALIZADO','2021-12-03 08:20:00',NULL),(134,'rebobinado',4,222,0,'FINALIZADO','2021-12-03 12:48:00',NULL),(132,'rebobinado cap',4,223,0,'FINALIZADO','2021-12-03 12:50:00',NULL),(127,'Bobinar, rodamientos 6204, mto gral.',2,224,0,'PRESUPUESTAR','2021-12-03 13:07:00',NULL),(79,'LISTOOOOOOOO\n',1,225,0,'FINALIZADO','2021-12-03 16:09:00',NULL),(147,'PELADO LISTO PARA BOBINAR LN60\n',1,226,0,'PRESUPUESTAR','2021-12-06 07:59:00',NULL),(154,'Tiene que ir al tornero de nuevo por los topes, muy duro el rotor',1,227,0,'DEMORADO','2021-12-06 07:31:00',NULL),(135,'rebobinado',4,228,0,'FINALIZADO','2021-12-06 07:47:00',NULL),(153,'inducido rodamientos carbones',1,229,0,'PRESUPUESTAR','2021-12-06 07:54:00',NULL),(98,'*soldar 1 cable de la llave\n*limpiar y pintar',1,230,0,'PRESUPUESTAR','2021-12-06 09:36:00',NULL),(149,'BOMBA MOTORARG 2 HP',1,231,0,'REVISIONAR','2021-12-06 10:23:00',NULL),(152,'Baja  aislación, 127 a 130 megones, se hizo puesta a tierra  y funciona, cambiar rodamientos ',1,232,0,'PRESUPUESTAR','2021-12-06 11:55:00',NULL),(150,'TERMINADO EN GARANTIA ',1,233,0,'PRESUPUESTAR','2021-12-06 15:18:00',NULL),(133,'PELADO LISTO PARA BOBINAR ',1,234,0,'EN REPARACIÓN','2021-12-06 15:22:00',NULL),(146,'Lista para bobinar',1,235,0,'REVISIONAR','2021-12-06 15:39:00',NULL),(149,'Sello, boluneria, arenado pintura y mto gral.',2,236,0,'PRESUPUESTAR','2021-12-06 15:42:00',NULL),(125,'*Rodamientos \n*Sello mecanico\n*Cap 20UF\n(MANTENIMIENTO COMPLETO)',1,237,0,'PRESUPUESTAR','2021-12-07 10:32:00',NULL),(156,'Anda bien, se mego y se le hizo prueba electrica.-',1,238,0,'PRESUPUESTAR','2021-12-07 10:58:00',NULL),(150,'terminado',1,239,0,'FINALIZADO','2021-12-07 11:03:00',NULL),(155,'Encamisar eje del sello, mto. gral.; cambiar sello RC 14 mm, rodamientos 2 N° 6204; arenado pintura',1,240,0,'PRESUPUESTAR','2021-12-07 13:56:00',NULL),(151,'*BOBINADO\n*RODAMIENTO\n*SELLO MECANICO\n*RETE\n*ABRIR ESTATOR CON EL TORNO Y SOLDAR CON ARGON',1,241,0,'PRESUPUESTAR','2021-12-07 14:08:00',NULL),(138,'Posible falla en la placa. Llevar a Robert.',1,242,0,'DEMORADO','2021-12-07 14:37:00',NULL),(127,'Bobinado listo para armar...',1,243,0,'EN REPARACIÓN','2021-12-09 10:16:00','NICO'),(127,'TERMINADO LISTO PARA ENTREGAR...',1,244,0,'FINALIZADO','2021-12-09 11:49:00','MAURO'),(154,'Finalizado y entregado ',6,245,0,'FINALIZADO','2021-12-09 15:55:00','Marcelo'),(147,'bobinado',1,246,0,'FINALIZADO','2021-12-10 06:49:00','NICO'),(2,'Bobinar, rodamientos, mto. gral., boluneria oxidada ',1,247,0,'PRESUPUESTAR','2021-12-10 07:01:00','Marcelo'),(146,'Armado',2,248,0,'FINALIZADO','2021-12-10 14:35:00','Marcelo'),(120,'Armado, probado y pintado',1,249,0,'FINALIZADO','2021-12-10 14:36:00','Marcelo'),(142,'bobinado ',3,250,0,'FINALIZADO','2021-12-10 14:56:00','NICO'),(159,'Para bobinar',1,251,0,'EN REPARACIÓN','2021-12-13 07:52:00','Marcelo'),(166,'A maza, bobinar, mto. gral.; pintar',2,252,0,'PRESUPUESTAR','2021-12-13 08:43:00','Marcelo'),(133,'Bobinado. Listo para armar',3,253,0,'EN REPARACIÓN','2021-12-13 10:20:00','NICO'),(167,'bobinado y rodamientos..\npelado aisldo y bobinas ya hechas ',1,254,0,'PRESUPUESTAR','2021-12-13 10:39:00','MAURO'),(105,'rebobinado.falta armar',4,255,0,'EN REPARACIÓN','2021-12-13 12:37:00','fabian'),(167,'bobinado listo para armar',3,256,0,'PRESUPUESTAR','2021-12-13 12:54:00','NICO'),(156,'Armado',1,257,0,'FINALIZADO','2021-12-13 14:31:00','Marcelo'),(128,'*rodamientos 6201(x2)\n*capacitor\n*reten\n*secar al horno ',1,258,0,'PRESUPUESTAR','2021-12-13 15:04:00','MAURO'),(139,'rebobinado falta armar',4,259,0,'EN REPARACIÓN','2021-12-13 09:48:00','fabian'),(159,'Bobinado. Lista para armar.',3,260,0,'EN REPARACIÓN','2021-12-14 11:58:00','Nico'),(99,'Lo descripto en el estado anterior ',1,261,0,'PRESUPUESTAR','2021-12-14 12:20:00','Nico'),(169,'Lista para bobinar',1,262,0,'PRESUPUESTAR','2021-12-14 12:21:00','Marcelo'),(175,'lista para bobinar',1,263,0,'REVISIONAR','2021-12-14 12:47:00','Marcelo'),(179,'Desarme, reemplazar cable de salida y armado. ',1,264,0,'PRESUPUESTAR','2021-12-10 11:00:00','Nico'),(159,'Armado y pintado',2,265,0,'FINALIZADO','2021-12-14 16:20:00','Marcelo'),(77,'listooo para entregar\n',2,266,0,'FINALIZADO','2021-12-14 16:25:00','MAURO'),(98,'lista para entregar',2,267,0,'EN REPARACIÓN','2021-12-14 16:26:00','MAURO'),(133,'lista para entrgarr',2,268,0,'FINALIZADO','2021-12-14 16:27:00','MAURO'),(72,'Bobinado. Lista para armar.',3,269,0,'EN REPARACIÓN','2021-12-14 16:47:00','Nico'),(128,'LISTOO PARA RETIRAR\n',1,270,0,'FINALIZADO','2021-12-15 08:05:00','MAURO'),(161,'*CAP (12,5 UF) \n*SELLO(AF12)\n* ENCAMISAR EJE (INOX DE 12)\n*ARENADO Y OINTURA',1,271,0,'PRESUPUESTAR','2021-12-15 08:09:00','MAURO'),(180,'Listo para bobinar ',1,272,0,'REVISIONAR','2021-12-15 08:42:00','Marcelo'),(148,'Armado y listo',1,273,0,'FINALIZADO','2021-12-15 11:34:00','Marcelo'),(164,'Capacitor, bornera, mto. gral.; limpieza',1,274,0,'PRESUPUESTAR','2021-12-15 11:57:00','Marcelo'),(105,'Armado, pintura. Finalizado',2,275,0,'FINALIZADO','2021-12-14 12:16:00','Marcelo'),(139,'listo para entregar....',2,276,0,'FINALIZADO','2021-12-15 12:29:00','MAURO'),(174,'*rodamientos(6202x2)\n*sello(AF14)\n*encamisar eje inox',2,277,0,'PRESUPUESTAR','2021-12-15 12:30:00','MAURO'),(174,'lista para entregar',1,278,0,'FINALIZADO','2021-12-15 12:40:00','MAURO'),(149,'Terminado',2,279,0,'FINALIZADO','2021-12-15 14:49:00','Marcelo'),(72,'lista para entregar\n',1,280,0,'FINALIZADO','2021-12-15 15:19:00','MAURO'),(166,'Bobinado listo para armar',3,281,0,'EN REPARACIÓN','2021-12-15 15:19:00','Nico'),(64,'listoooo',1,282,0,'FINALIZADO','2021-12-15 15:20:00','MAURO'),(177,'ya lo tremine y lo entregaron listooo',1,283,0,'PRESUPUESTAR','2021-12-15 15:23:00','MAURO'),(164,'listo terminada',1,284,0,'FINALIZADO','2021-12-15 16:52:00','MAURO'),(175,'rebobinado',3,285,0,'FINALIZADO','2021-12-16 10:39:00','fabian'),(166,'Falta orrin de 610 mm por 5 mm en un  aro de 194.15 de diametro',2,286,0,'EN REPARACIÓN','2021-12-16 11:31:00','Marcelo'),(180,'Bobinado',2,287,0,'PRESUPUESTAR','2021-12-16 14:20:00','Nico'),(173,'El buje se desclavo del alojamiento. Lo pegué y lubrique. Agregue grasa a torrinton. Mantenimiento Gral.\nLista!',1,288,0,'REVISIONAR','2021-12-16 08:27:00','Nico'),(173,'Me olvidé de cambiar estado.🤷‍♂️',1,289,0,'PRESUPUESTAR','2021-12-16 14:33:00','Nico'),(190,'Bobinar, arenar',1,290,0,'PRESUPUESTAR','2021-12-17 07:00:00','Marcelo'),(189,'Bobinar, mto gral.',1,291,0,'PRESUPUESTAR','2021-12-17 09:46:00','Marcelo'),(178,'cambio de bujes.mantenimiento',3,292,0,'PRESUPUESTAR','2021-12-17 10:32:00','fabian'),(190,'ES NÚCLEO 80!!\nBobinada',3,293,0,'FINALIZADO','2021-12-17 15:27:00','NICO'),(191,'Listo para bobinar',1,294,0,'REVISIONAR','2021-12-17 15:30:00','Marcelo'),(185,'Bobinar, mto. gral. rodamientos, sello',1,295,0,'PRESUPUESTAR','2021-12-17 16:11:00','Marcelo'),(198,'Confirmado \nPiva',1,296,0,'REVISIONAR','2021-12-17 20:41:00','MAURI'),(183,'rebobinado.falta armar',3,297,0,'REVISIONAR','2021-12-20 08:00:00','fabian'),(185,'lista para bobinar',1,298,0,'EN REPARACIÓN','2021-12-20 09:32:00','Marcelo'),(191,'Bobinado listo para armar ',3,299,0,'PRESUPUESTAR','2021-12-20 10:04:00','Nico'),(195,'En corto, medicion 6 amp placa 3.2; mto gral',1,300,0,'PRESUPUESTAR','2021-12-20 10:10:00','Marcelo'),(194,'Muy baja aislacion, mucha fatiga del bobinado, Bobinar mto. gral.',1,301,0,'PRESUPUESTAR','2021-12-20 10:49:00','Marcelo'),(187,'Bobinar, mto. gral., rodamientos, arenado y pintura',1,302,0,'PRESUPUESTAR','2021-12-20 10:59:00','Marcelo'),(199,'Bobinar, mto. gral. arenado y pintura',1,303,0,'PRESUPUESTAR','2021-12-20 11:33:00','Marcelo'),(202,'medí resistencia obnica y aislacion  , identifique los cables y\nse probo... listooo ',2,304,0,'PRESUPUESTAR','2021-12-20 11:46:00','MAURO'),(196,'bobinado rodamientos y capacitor motor hormigonera con tapas de plastico 3/4',1,305,0,'PRESUPUESTAR','2021-12-20 12:35:00','MAURO'),(53,'Bobinado listo para armar',3,306,0,'EN REPARACIÓN','2021-12-20 12:40:00','Nico'),(192,'Bobinar, mto gral., boluneria ',1,307,0,'PRESUPUESTAR','2021-12-20 12:38:00','Marcelo'),(51,'bobinada listo para armar',3,308,0,'EN REPARACIÓN','2021-12-16 14:55:00','NICO'),(193,'MANTENIMIENTO GENERAL\n*rod(6205 6306)\n*sello mecanico (RC20)\n*horno\n*arenado y pintura ',2,309,0,'PRESUPUESTAR','2021-12-20 15:24:00','MAURO'),(201,' Se la prueba electricamente, anda bien sin el termico, resistencia 1.3, rebarnizado, arenado pintura',2,310,0,'PRESUPUESTAR','2021-12-20 15:46:00','Marcelo'),(172,'Bobinado listo para armar ',3,311,0,'EN REPARACIÓN','2021-12-21 11:23:00','Nico'),(201,' Finalizado, faltan bulones 4 (cuatro de la tapa de accionamiento de motor)',2,312,0,'FINALIZADO','2021-12-21 16:29:00','Marcelo');
/*!40000 ALTER TABLE `trabajos` ENABLE KEYS */;
UNLOCK TABLES;

--
-- Table structure for table `usuarios`
--

DROP TABLE IF EXISTS `usuarios`;
/*!40101 SET @saved_cs_client     = @@character_set_client */;
/*!40101 SET character_set_client = utf8 */;
CREATE TABLE `usuarios` (
  `id_usuario` int(11) NOT NULL AUTO_INCREMENT,
  `usuario` varchar(100) NOT NULL,
  `password` varchar(100) NOT NULL,
  `nivel` varchar(100) DEFAULT NULL,
  `otros` varchar(4000) DEFAULT NULL,
  PRIMARY KEY (`id_usuario`)
) ENGINE=InnoDB AUTO_INCREMENT=8 DEFAULT CHARSET=utf8mb4;
/*!40101 SET character_set_client = @saved_cs_client */;

--
-- Dumping data for table `usuarios`
--

LOCK TABLES `usuarios` WRITE;
/*!40000 ALTER TABLE `usuarios` DISABLE KEYS */;
INSERT INTO `usuarios` VALUES (1,'admin','admin','admin',NULL),(2,'NICO','MOT126',NULL,NULL),(3,'MAURO','MOT598','',NULL),(4,'MARCELO','DES421','',NULL),(5,'FABIAN','BOB396',NULL,NULL),(6,'RAMI','TRA739',NULL,NULL),(7,'MAURI','OFI329','supervisor',NULL);
/*!40000 ALTER TABLE `usuarios` ENABLE KEYS */;
UNLOCK TABLES;
/*!40103 SET TIME_ZONE=@OLD_TIME_ZONE */;

/*!40101 SET SQL_MODE=@OLD_SQL_MODE */;
/*!40014 SET FOREIGN_KEY_CHECKS=@OLD_FOREIGN_KEY_CHECKS */;
/*!40014 SET UNIQUE_CHECKS=@OLD_UNIQUE_CHECKS */;
/*!40101 SET CHARACTER_SET_CLIENT=@OLD_CHARACTER_SET_CLIENT */;
/*!40101 SET CHARACTER_SET_RESULTS=@OLD_CHARACTER_SET_RESULTS */;
/*!40101 SET COLLATION_CONNECTION=@OLD_COLLATION_CONNECTION */;
/*!40111 SET SQL_NOTES=@OLD_SQL_NOTES */;

-- Dump completed on 2021-12-21 17:58:51
