-- MariaDB dump 10.19  Distrib 10.4.20-MariaDB, for Win64 (AMD64)
--
-- Host: localhost    Database: taller
-- ------------------------------------------------------
-- Server version	10.4.20-MariaDB

/*!40101 SET @OLD_CHARACTER_SET_CLIENT=@@CHARACTER_SET_CLIENT */;
/*!40101 SET @OLD_CHARACTER_SET_RESULTS=@@CHARACTER_SET_RESULTS */;
/*!40101 SET @OLD_COLLATION_CONNECTION=@@COLLATION_CONNECTION */;
/*!40101 SET NAMES utf8mb4 */;
/*!40103 SET @OLD_TIME_ZONE=@@TIME_ZONE */;
/*!40103 SET TIME_ZONE='+00:00' */;
/*!40014 SET @OLD_UNIQUE_CHECKS=@@UNIQUE_CHECKS, UNIQUE_CHECKS=0 */;
/*!40014 SET @OLD_FOREIGN_KEY_CHECKS=@@FOREIGN_KEY_CHECKS, FOREIGN_KEY_CHECKS=0 */;
/*!40101 SET @OLD_SQL_MODE=@@SQL_MODE, SQL_MODE='NO_AUTO_VALUE_ON_ZERO' */;
/*!40111 SET @OLD_SQL_NOTES=@@SQL_NOTES, SQL_NOTES=0 */;

--
-- Table structure for table `articulos`
--

DROP TABLE IF EXISTS `articulos`;
/*!40101 SET @saved_cs_client     = @@character_set_client */;
/*!40101 SET character_set_client = utf8 */;
CREATE TABLE `articulos` (
  `id_art` int(11) NOT NULL AUTO_INCREMENT,
  `codigo` varchar(12) NOT NULL,
  `articulo` varchar(150) NOT NULL,
  `id_rubro` int(11) NOT NULL,
  `costo` decimal(12,2) NOT NULL,
  `precio1` decimal(12,2) NOT NULL,
  `precio2` decimal(12,2) NOT NULL,
  `iva` decimal(6,2) NOT NULL,
  `id_empresa` int(11) NOT NULL,
  PRIMARY KEY (`id_art`)
) ENGINE=InnoDB AUTO_INCREMENT=19 DEFAULT CHARSET=utf8mb4;
/*!40101 SET character_set_client = @saved_cs_client */;

--
-- Dumping data for table `articulos`
--

LOCK TABLES `articulos` WRITE;
/*!40000 ALTER TABLE `articulos` DISABLE KEYS */;
INSERT INTO `articulos` VALUES (3,'3','MAZANA',2,40.00,180.00,70.00,0.00,1),(5,'4','BANANA',1,0.00,160.00,0.00,21.00,1),(6,'5','NARANJA',2,50.00,120.00,0.00,0.00,1),(7,'6','TOMATE ',2,0.00,73.00,0.00,0.00,1),(9,'911111141111','PERA',2,0.00,120.00,0.00,21.00,1),(17,'4','MONJES BUDISTAS',9,43.00,4.00,4.00,0.00,7),(18,'5.0','MONJES BUDISTAS 99',9,34.00,34.00,34.00,10.50,7);
/*!40000 ALTER TABLE `articulos` ENABLE KEYS */;
UNLOCK TABLES;

--
-- Table structure for table `cdiva`
--

DROP TABLE IF EXISTS `cdiva`;
/*!40101 SET @saved_cs_client     = @@character_set_client */;
/*!40101 SET character_set_client = utf8 */;
CREATE TABLE `cdiva` (
  `codigo` smallint(6) NOT NULL,
  `cond_iva` text NOT NULL,
  PRIMARY KEY (`codigo`)
) ENGINE=InnoDB DEFAULT CHARSET=utf8mb4;
/*!40101 SET character_set_client = @saved_cs_client */;

--
-- Dumping data for table `cdiva`
--

LOCK TABLES `cdiva` WRITE;
/*!40000 ALTER TABLE `cdiva` DISABLE KEYS */;
INSERT INTO `cdiva` VALUES (1,'Resp. Inscripto  '),(2,'Resp. No Inscri. '),(3,'No Responsable   '),(4,'Exento           '),(5,'Consumidor Final '),(6,'Resp.Monotributo ');
/*!40000 ALTER TABLE `cdiva` ENABLE KEYS */;
UNLOCK TABLES;

--
-- Table structure for table `clientes`
--

DROP TABLE IF EXISTS `clientes`;
/*!40101 SET @saved_cs_client     = @@character_set_client */;
/*!40101 SET character_set_client = utf8 */;
CREATE TABLE `clientes` (
  `id` int(11) NOT NULL AUTO_INCREMENT,
  `cliente` varchar(50) NOT NULL,
  `domicilio` varchar(50) NOT NULL,
  `telefonos` varchar(50) NOT NULL,
  `email` varchar(80) NOT NULL,
  `cuit` varchar(13) NOT NULL,
  `iva` smallint(6) NOT NULL,
  `localidad` varchar(50) NOT NULL,
  `cp` varchar(10) NOT NULL,
  `id_empresa` bigint(20) NOT NULL,
  `dni` varchar(10) NOT NULL,
  `cl_web` varchar(10) NOT NULL,
  PRIMARY KEY (`id`)
) ENGINE=InnoDB AUTO_INCREMENT=111 DEFAULT CHARSET=utf8mb4;
/*!40101 SET character_set_client = @saved_cs_client */;

--
-- Dumping data for table `clientes`
--

LOCK TABLES `clientes` WRITE;
/*!40000 ALTER TABLE `clientes` DISABLE KEYS */;
INSERT INTO `clientes` VALUES (13,'JUAN CARLOS','TERRASSON 357','336451349','ntizzano@gmail.com','30-99900513-2',1,'SAN NICOLAS','2900',7,'1234569','754'),(14,'BUITER CINTIA CECILIA','GERÓNIMO COSTA 34 BIS','03364312416','ceciliabuiter67@gmail.com','',5,'SAN NICOLAS','2900',7,'27045505','812'),(15,'AIR LIQUIDE S.A.','FDO. DE LA LEGUA 936 1°P','01140063900','','30-50085213-1',1,'MARTINEZ','1640',1,'0','870'),(17,'TECNOCLIMA S.A','COLECTORA NORTE 921','3364537840','tecnoclima@intercom.com.ar','30-66767145-7',1,'CAMPANA','2000',1,'0','986'),(18,'AGROGREEN S.A','SAVIO 148','3364537840','','30-65637306-3',1,'SAN NICOLAS','2900',1,'65637306','1044'),(19,'RIVAS MARIO FABIAN','MORTEO 792','3364623888','','20-22435319-8',2,'SAN NICOLAS','2900',1,'22435319','1102'),(20,'FAMEIN S.A','25 DE MAYO 1435','','','30-59562409-2',1,'SAN NICOLAS','2900',1,'59562409','1160'),(21,'REY.SE S.A','ACERO ARGENTINO 785','3364591776 GONZALO','','30-71068191-7',1,'SAN NICOLAS','2900',1,'71068191','1218'),(23,'CULLIA','LOS OMBU 1375','154580677','','',5,'SAN NICOLAS','2900',1,'7963099','1334'),(24,'ENRIQUE','COMISRSA','3364','','',5,'SAN NICOLAS','2900',1,'369852','1392'),(25,'BARRETTO MAURICIO','OBLIGADO 348','3364695084','','',5,'SAN NICOLAS','2900',1,'30683974','1450'),(26,'BARRETO MIGUEL','PYNIERO 502','3364648642','','',5,'SAN NICOLAS','2900',1,'1485267','1508'),(27,'BAEZ DIEGO','REYNOSO 28','3364288180','','',5,'SAN NICOLAS','2900',1,'25515412','1566'),(28,'FARRARO','VALDES 936','3364408089','','',5,'SAN NICOLAS','2900',1,'3255652586','1624'),(29,'GONZALES HUGO','LAS PALMAS 158','3364214240','','',5,'SAN NICOLAS','2900',1,'5467879','1682'),(30,'LIRA','ALMAFUERTE 695','3364493959','','',5,'SAN NICOLAS','2900',1,'2555556536','1740'),(32,'GUZZIENI GERMAN','DON BOSCO 897','3364535218 / 3364373231','','',5,'SAN NICOLAS','2900',1,'2556585','1856'),(33,'JUAN \"CAMPEON\"','MMMMM','','','',5,'SAN NICOLAS','2900',1,'258654878','1914'),(34,'LEO KIOSCO','AV MORENO 465','','','',5,'SAN NICOLAS','2900',1,'18787617','1972'),(35,'LARREA HUGO','LA PAZ 1524','3364241493','','',5,'SAN NICOLAS','2900',1,'06510654','2030'),(36,'MAFELETRIC S.A','AV MORENO 462','','','20-21489328-3',1,'SAN NICOLAS','2900',1,'21489328','2088'),(37,'MARCATELLI','AMERICA 1496','3364662058','','',5,'SAN NICOLAS','2900',1,'798536','2146'),(39,'MATEO ESPOSITO','JOSE INGENIERO 565','3364286424','','',5,'SAN NICOLAS','2900',1,'54385054','2262'),(40,'TALLERES GOMEZ','ALVEAR 576','3364300694','','',5,'SAN NICOLAS','2900',1,'92189','2320'),(41,'PIVA HERNAN','FALCON 398','3364547092','','',5,'SAN NICOLAS','2900',1,'97','2378'),(42,'CARPINTERO ANIBAL','GRGT','F','','',5,'SAN NICOLAS','2900',1,'HGNHYNT','2436'),(43,'ARENERA SAN NICOLAS/RIVADAVIA','ALMAFUERTE 240','3364629680 LUCIANO, 1154522871 AGUSTIN','','',5,'SAN NICOLAS','2900',1,'01','2494'),(44,'LABORATORIO RAMALLO S.N','COMIRSA','','','',5,'SAN NICOLAS','2900',1,'0','2552'),(46,'SCHUENMER GUSTAVO HOSPITAL','NACION 31','3364661471','','',5,'SAN NICOLAS','2900',1,'41','2668'),(47,'TECNOFRIO','BELGRANO','4425311 - 3364190963 leo','','',5,'SAN NICOLAS','2900',1,'12','2726'),(48,'GALLARDO MARCELO','ALVEAR 602','3364672576','','',5,'SAN NICOLAS','2900',1,'112','2784'),(49,'SUCHELLA ','AMERICA 258','4420694 fijo pacheco 3364575947','','',5,'SAN NICOLAS','2900',1,'21','2842'),(50,'NICO','25 DE MAYO 148','3364423635','','',5,'SAN NICOLAS','2900',1,'0','2900'),(51,'LEVAL S.A','AV MORENO 1122','3364410449','','',5,'SAN NICOLAS','2900',1,'1256987','2958'),(52,'BRUNO','AV MORENO 450','','','',5,'SAN NICOLAS','2900',1,'15','3016'),(53,'NOUS SRL','SARMIENTO 410','3364665144','','33-70743674-9',1,'SAN NICOLAS','2900',1,'70743674','3074'),(54,'PONTE RICARDO','CORRIENTES 85','3364340774','','',5,'SAN NICOLAS','2900',1,'1','3132'),(55,'ELECTRO BOYS OSCAR','AV MORENO ','3364421137','','',5,'SAN NICOLAS','2900',1,'0','3190'),(56,'HECTOR TORNERO','AV MORENO 611','','','',5,'SAN NICOLAS','2900',1,'0','3248'),(57,'BANDERA SANTIAGO','PERON 839','3364411392','','',5,'SAN NICOLAS','2900',1,'1','3306'),(58,'COLKER JOSE','LA MADRID 156','3364180278    FIJO424124','','',5,'SAN NICOLAS','2900',1,'0','3364'),(59,'MAGNANI PICHI','MAIPU90','3364612657','','',5,'SAN NICOLAS','2900',1,'0','3422'),(60,'MARCATELLI PESCADOR','UU','','','',5,'SAN NICOLAS','2900',1,'01','3480'),(61,'EDISAN S.A','COMIRSA','3364060078','','',5,'SAN NICOLAS','2900',1,'0','3538'),(62,'CASIUS S.A','SAVIO 336','4427895','casius@casius.com.ar','30-71541994-3',1,'SAN NICOLAS','2900',1,'71541994','3596'),(63,'ARENERA RAMALLO(CANTERA DEL PARANA)','RAMALLO','','','',5,'SAN NICOLAS','2900',1,'F','3654'),(64,'CALUA','EWEE','3364523662','','',5,'SAN NICOLAS','2900',1,'11','3712'),(65,'ANDRADA FEDERICO','HIRIGOYEN 581','3364190556','','',5,'SAN NICOLAS','2900',1,'25','3770'),(66,'BERON MARCELO','PELLEGRINI 1156','3364259517','','',5,'SAN NICOLAS','2900',1,'11','3828'),(67,'FORTUNATO MARCELO','PAVAN Y MORENO','3364688112','','',5,'SAN NICOLAS','2900',1,'0','3886'),(68,'CIANCIO','25 DE MAYO 293','4428099 FIJO','','',5,'SAN NICOLAS','2900',1,'121','3944'),(69,'CISNERO JUAN CARLOS','LAS PALMAS25863','3364585900','','',5,'SAN NICOLAS','2900',1,'21253','4002'),(70,'FLORES HUGO','BROWN Y PRIMAVERA','3364220343 SOLO LLAMADA','','',5,'SAN NICOLAS','2900',1,'RFE','4060'),(71,'BRUZZESI DARIO ','LAS ROSAS 1356','03407 155824','','',5,'RAMALLO','2900',1,'105','4118'),(73,'MONJE POCHO ','BOLIVAR 411','3364515903','','',5,'SAN NICOLAS','2900',1,'0503','4234'),(74,'METALURGICA INDUSTRIAL','SAN NICOLAS 815 COMIRSA','3364 460696 / 3364527171','','30-70723770-4',1,'SAN NICOLAS','2900',1,'70723770','4292'),(75,'AGUIRRE','OLLEROS 997','3364659461','','',5,'SAN NICOLAS','2900',1,'gfcgfcr','4350'),(76,'TALLERES ASTILLEROS MARTINS','KM 332 DEL RIO PARANA','2215546257','','',5,'SAN NICOLAS','2900',1,'65268924','4408'),(77,'FRANCO RAMON','ALVEAR 1568','4461990 FIJO','','',5,'SAN NICOLAS','2900',1,'65651','4466'),(78,'GONZALES RICARDO','AMERICA 1450','3364666030','','',5,'SAN NICOLAS','2900',1,'64487','4524'),(79,'NAZI MARIA LAURA','BARRIO PARQUE NORTE','3364683667','','',5,'SAN NICOLAS','2900',1,'6525','4582'),(80,'EL CRUCE ALBERTO ','ALCORTA 558','3364281007','','',5,'SAN NICOLAS','2900',1,'65654','4640'),(81,'HELADERIA SIVERIA','SAVIO 599','3364354651','','',5,'SAN NICOLAS','2900',1,'66226','4698'),(82,'GOMEZ CRISTIAN','VICENTE FORTE 306','3364638394','','',5,'SAN NICOLAS','2900',1,'641','4756'),(83,'ATANOR S.C.A','RIVADAVIA S/N','','','',5,'SAN NICOLAS','2900',1,'51165','4814'),(84,'RUIZ DIA','MMMM','3364273256','','',5,'SAN NICOLAS','2900',1,'OI,JI,09J','4872'),(85,'TRAVAL SNAC','NNBV','3364303661','','',5,'SAN NICOLAS','2900',1,'87841','4930'),(86,'MAURO AIRE ACOND.','MNHGY','3364610883','','',5,'SAN NICOLAS','2900',1,'49845952','4988'),(87,'FARIAS MARCELO','MORENO 583','3364610645','','',5,'SAN NICOLAS','2900',1,'HGHHH','5046'),(88,'FEDE','LAS HERAS 564','3364530886','','',5,'SAN NICOLAS','2900',1,'5414','5104'),(89,'MSD S.A','SAN MARTIN 4686','3364410720 LUIS LAMBERTI','','',5,'VILLA CONSTITUCION','',1,'655185..9','5162'),(90,'KITO','LA MADRID','3364373775','','',5,'SAN NICOLAS','2900',1,' JNLKNMLIK','5220'),(91,'VIRAGO ALTERNADOR','YYYY','3460692118','','',5,'','',1,'6887','5278'),(92,'CARLETTI','SAVIO 1853','3364537428','','',5,'SAN NICOLAS','2900',1,'0','5336'),(93,'GALVEZ','MORENO 729','4437958','','',5,'SAN NICOLAS','2900',1,'628984512','5394'),(94,'DORRONZORO JOSE','SOLER 80','0111558450659','','',5,'SAN NICOLAS','2900',1,'6021+965','5452'),(95,'GONZALEZ','CHACABUCO 635','3364639433','','',5,'SAN NICOLAS','2900',1,'648858','5510'),(96,'DISTEFANO','GARIBALDI 335','3364524550','','',5,'SAN NICOLAS','2900',1,'15425','5568'),(97,'A.F.A S.A','CALLE 13 COMIRSA 2','341 3727988 GABRIEL CAMPILOBO','','',5,'SAN NICOLAS','2900',1,'858189',''),(98,'LUCIANO BANGIORI','SARMIENTO  21','3364536173','','',5,'SAN NICOLAS','2900',1,'51878/1828',''),(99,'LOSADA ADRIAN','PAVAN 358','3364574489','','',5,'SAN NICOLAS','2900',1,'8521',''),(100,'VEGA GUSTAVO','ALMAFUERTE 1245','3364512830 / 3364335938','','',5,'SAN NICOLAS','2900',1,'8865245',''),(101,'TUKI ANGEL OMAR','BOER  445','3364324308','','',5,'SAN NICOLAS','2900',1,'595',''),(102,'VALIA VICTOR','LAS PALMAS 123','3364567081','','',5,'SAN NICOLAS','2900',1,'2561865',''),(103,'FONTANA DANIEL','LAS HERAS 321','3364561332','','',5,'SAN NICOLAS','2900',1,'8545',''),(104,'LUBRITECH ARG.','SEGUNDO GARCIA 657','01152210732','','',5,'SAN NICOLAS','2900',1,'366954 ',''),(105,'PERUCHENA EDUARDO','ROJAS 1259','3364309305','','',5,'SAN NICOLAS','2900',1,'2561',''),(106,'JETZT S.A','MONTEVIDEO 116','3364390032','','',5,'SAN NICOLAS','2900',1,'2155',''),(107,'VERCELLI EVHSA ','AV. PRES. JUAN DOMINGO PERON 2425','3364310275 / JUAN 3364357079','','',5,'SAN NICOLAS','2900',1,'58585',''),(108,'CHINO','....','3364686060','','',5,'SAN NICOLAS','2900',1,'02212',''),(109,'HUERTA HURBANO ','SARMIENTO 288','3364 4431913 FIJO','','',5,'SAN NICOLAS','2900',1,'525885',''),(110,'AREJO JORGE','MUTUAL SAVIO','3364678891','','',5,'SAN NICOLAS','2900',1,'88952','');
/*!40000 ALTER TABLE `clientes` ENABLE KEYS */;
UNLOCK TABLES;

--
-- Table structure for table `cod_afip`
--

DROP TABLE IF EXISTS `cod_afip`;
/*!40101 SET @saved_cs_client     = @@character_set_client */;
/*!40101 SET character_set_client = utf8 */;
CREATE TABLE `cod_afip` (
  `cod_afip` int(11) NOT NULL,
  `id_iva` int(11) NOT NULL,
  `letra` varchar(3) NOT NULL,
  `id_iva_compra` int(11) NOT NULL,
  `cod_afip_t` varchar(3) NOT NULL,
  `id_tipo_comp` int(11) NOT NULL COMMENT '1 fac 2 nd 3 nc',
  `id` int(11) NOT NULL AUTO_INCREMENT,
  PRIMARY KEY (`id`)
) ENGINE=InnoDB AUTO_INCREMENT=62 DEFAULT CHARSET=utf8mb4;
/*!40101 SET character_set_client = @saved_cs_client */;

--
-- Dumping data for table `cod_afip`
--

LOCK TABLES `cod_afip` WRITE;
/*!40000 ALTER TABLE `cod_afip` DISABLE KEYS */;
INSERT INTO `cod_afip` VALUES (1,1,'A',1,'001',1,1),(2,1,'A',1,'002',2,2),(3,1,'A',1,'003',3,3),(6,1,'B',2,'006',1,4),(7,1,'B',2,'007',2,5),(8,1,'B',2,'008',3,6),(11,6,'C',1,'011',1,7),(12,6,'C',1,'012',2,8),(13,6,'C',1,'013',3,9),(6,1,'B',3,'006',1,10),(6,1,'B',4,'006',1,11),(6,1,'B',5,'006',1,12),(6,1,'B',6,'006',1,13),(7,1,'B',3,'007',2,14),(7,1,'B',4,'007',2,15),(7,1,'B',5,'007',2,16),(7,1,'B',6,'007',2,17),(8,1,'B',3,'008',3,18),(8,1,'B',4,'008',3,19),(8,1,'B',5,'008',3,20),(8,1,'B',6,'008',3,21),(11,6,'C',2,'011',1,22),(12,6,'C',2,'012',2,23),(13,6,'C',2,'013',3,24),(11,6,'C',3,'011',1,25),(12,6,'C',3,'012',2,26),(13,6,'C',3,'013',3,27),(12,6,'C',4,'012',2,28),(13,6,'C',4,'013',3,29),(11,6,'C',4,'011',1,30),(12,6,'C',5,'012',2,31),(13,6,'C',5,'013',3,32),(11,6,'C',5,'011',1,33),(12,6,'C',6,'012',2,34),(13,6,'C',6,'013',3,35),(11,6,'C',6,'011',1,36),(11,4,'C',1,'011',1,44),(12,4,'C',1,'012',2,45),(13,4,'C',1,'013',3,46),(11,4,'C',2,'011',1,47),(12,4,'C',2,'012',2,48),(13,4,'C',2,'013',3,49),(11,4,'C',3,'011',1,50),(12,4,'C',3,'012',2,51),(13,4,'C',3,'013',3,52),(12,4,'C',4,'012',2,53),(13,4,'C',4,'013',3,54),(11,4,'C',4,'011',1,55),(12,4,'C',5,'012',2,56),(13,4,'C',5,'013',3,57),(11,4,'C',5,'011',1,58),(12,4,'C',6,'012',2,59),(13,4,'C',6,'013',3,60),(11,4,'C',6,'011',1,61);
/*!40000 ALTER TABLE `cod_afip` ENABLE KEYS */;
UNLOCK TABLES;

--
-- Table structure for table `empresa_punto`
--

DROP TABLE IF EXISTS `empresa_punto`;
/*!40101 SET @saved_cs_client     = @@character_set_client */;
/*!40101 SET character_set_client = utf8 */;
CREATE TABLE `empresa_punto` (
  `id_empresa` int(11) NOT NULL,
  `punto` int(11) NOT NULL,
  `tipo` int(11) NOT NULL,
  `ultimo` int(11) NOT NULL
) ENGINE=InnoDB DEFAULT CHARSET=utf8mb4;
/*!40101 SET character_set_client = @saved_cs_client */;

--
-- Dumping data for table `empresa_punto`
--

LOCK TABLES `empresa_punto` WRITE;
/*!40000 ALTER TABLE `empresa_punto` DISABLE KEYS */;
INSERT INTO `empresa_punto` VALUES (1,13,1,46);
/*!40000 ALTER TABLE `empresa_punto` ENABLE KEYS */;
UNLOCK TABLES;

--
-- Table structure for table `empresas`
--

DROP TABLE IF EXISTS `empresas`;
/*!40101 SET @saved_cs_client     = @@character_set_client */;
/*!40101 SET character_set_client = utf8 */;
CREATE TABLE `empresas` (
  `id_empresa` bigint(20) NOT NULL AUTO_INCREMENT,
  `razon_soc` varchar(50) NOT NULL,
  `cuit` varchar(13) NOT NULL,
  `direccion` varchar(50) NOT NULL,
  `email` varchar(100) NOT NULL,
  `datos` varchar(4000) NOT NULL,
  `clave` varchar(20) NOT NULL,
  `certi_ruta` varchar(100) NOT NULL,
  `certi_nombre` varchar(100) NOT NULL,
  `puerto_fe` int(11) NOT NULL,
  `ruta_comun` varchar(100) NOT NULL,
  `cond_iva` int(11) NOT NULL,
  `ult_comp` int(11) NOT NULL DEFAULT 1,
  `fe_ini_act` varchar(10) NOT NULL,
  `nro_iibb` varchar(20) NOT NULL,
  `localidad` varchar(70) NOT NULL,
  `provincia` varchar(50) NOT NULL,
  `cp` int(11) NOT NULL,
  PRIMARY KEY (`id_empresa`),
  UNIQUE KEY `empresas_id_empresa_idx` (`id_empresa`) USING BTREE,
  UNIQUE KEY `empresas_cuit_IDX` (`cuit`) USING BTREE
) ENGINE=InnoDB AUTO_INCREMENT=8 DEFAULT CHARSET=utf8mb4;
/*!40101 SET character_set_client = @saved_cs_client */;

--
-- Dumping data for table `empresas`
--

LOCK TABLES `empresas` WRITE;
/*!40000 ALTER TABLE `empresas` DISABLE KEYS */;
INSERT INTO `empresas` VALUES (1,'MAFELECTRIC','20-20385210-0','Gerónimo costa 34 Bis.','','','123123123','/usr/facele/20-20385210-0/','pablito.crt',13,'/usr/facele/',1,41,'01/05/2013','9024802820','','',0);
/*!40000 ALTER TABLE `empresas` ENABLE KEYS */;
UNLOCK TABLES;

--
-- Table structure for table `estados`
--

DROP TABLE IF EXISTS `estados`;
/*!40101 SET @saved_cs_client     = @@character_set_client */;
/*!40101 SET character_set_client = utf8 */;
CREATE TABLE `estados` (
  `id_estado` int(11) NOT NULL AUTO_INCREMENT,
  `estado` varchar(100) DEFAULT NULL,
  PRIMARY KEY (`id_estado`)
) ENGINE=InnoDB AUTO_INCREMENT=9 DEFAULT CHARSET=utf8mb4;
/*!40101 SET character_set_client = @saved_cs_client */;

--
-- Dumping data for table `estados`
--

LOCK TABLES `estados` WRITE;
/*!40000 ALTER TABLE `estados` DISABLE KEYS */;
INSERT INTO `estados` VALUES (1,'REVISIONAR'),(2,'PRESUPUESTAR'),(3,'COTIZADO'),(4,'CANCELADO'),(5,'EN REPARACIÓN'),(6,'DEMORADO'),(7,'FINALIZADO'),(8,'ENTREGADO');
/*!40000 ALTER TABLE `estados` ENABLE KEYS */;
UNLOCK TABLES;

--
-- Table structure for table `factura_items`
--

DROP TABLE IF EXISTS `factura_items`;
/*!40101 SET @saved_cs_client     = @@character_set_client */;
/*!40101 SET character_set_client = utf8 */;
CREATE TABLE `factura_items` (
  `id` bigint(20) NOT NULL AUTO_INCREMENT,
  `id_factura` bigint(20) NOT NULL,
  `id_art` bigint(20) NOT NULL,
  `articulo` varchar(150) NOT NULL,
  `costo` decimal(20,2) NOT NULL,
  `precio` decimal(20,2) NOT NULL,
  `iva` decimal(6,2) NOT NULL,
  `cantidad` decimal(10,2) NOT NULL,
  `dto` decimal(6,2) NOT NULL,
  PRIMARY KEY (`id`)
) ENGINE=InnoDB AUTO_INCREMENT=117 DEFAULT CHARSET=utf8mb4;
/*!40101 SET character_set_client = @saved_cs_client */;

--
-- Dumping data for table `factura_items`
--

LOCK TABLES `factura_items` WRITE;
/*!40000 ALTER TABLE `factura_items` DISABLE KEYS */;
INSERT INTO `factura_items` VALUES (1,1,5,'BANANA',0.00,120.00,0.00,1.00,0.00),(2,1,3,'MAZANA',0.00,65.00,27.00,1.00,0.00),(3,1,6,'NARANJA',0.00,80.00,21.00,1.00,0.00),(4,1,9,'PERA',0.00,90.00,10.50,1.00,0.00),(5,2,3,'MAZANA',0.00,65.00,27.00,1.00,0.00),(6,2,6,'NARANJA',0.00,80.00,21.00,1.00,0.00),(7,3,6,'NARANJA',0.00,80.00,21.00,1.00,0.00),(8,4,6,'NARANJA',0.00,80.00,21.00,1.00,0.00),(9,5,5,'BANANA',0.00,120.00,0.00,1.00,0.00),(10,6,9,'PERA',0.00,90.00,10.50,1.00,0.00),(11,7,9,'PERA',0.00,90.00,10.50,1.00,0.00),(12,7,3,'MAZANA',0.00,65.00,27.00,1.00,0.00),(13,8,5,'BANANA',0.00,120.00,0.00,1.00,0.00),(14,9,3,'MAZANA',0.00,65.00,27.00,1.00,0.00),(15,9,6,'NARANJA',0.00,80.00,21.00,1.00,0.00),(16,10,9,'PERA',0.00,90.00,10.50,1.00,0.00),(17,10,5,'BANANA',0.00,120.00,0.00,1.00,0.00),(18,11,5,'BANANA',0.00,120.00,0.00,1.00,0.00),(19,12,5,'BANANA',0.00,120.00,0.00,1.00,0.00),(20,13,3,'MAZANA',0.00,65.00,27.00,1.00,0.00),(21,14,6,'NARANJA',0.00,80.00,21.00,1.00,0.00),(22,15,5,'BANANA',0.00,120.00,0.00,1.00,0.00),(23,16,5,'BANANA',0.00,120.00,0.00,1.00,0.00),(24,17,3,'MAZANA',0.00,65.00,27.00,1.00,0.00),(25,18,5,'BANANA',0.00,120.00,0.00,1.00,0.00),(26,19,5,'BANANA',0.00,120.00,0.00,1.00,0.00),(27,20,5,'BANANA',0.00,120.00,0.00,1.00,0.00),(28,21,5,'BANANA',0.00,120.00,0.00,1.00,0.00),(29,22,5,'BANANA',0.00,120.00,0.00,1.00,0.00),(30,23,3,'MAZANA',0.00,65.00,27.00,1.00,0.00),(31,23,6,'NARANJA',0.00,80.00,21.00,1.00,0.00),(32,24,9,'PERA',0.00,90.00,10.50,1.00,0.00),(33,25,5,'BANANA',0.00,120.00,0.00,1.00,0.00),(34,26,3,'MAZANA',0.00,65.00,27.00,1.00,0.00),(35,27,17,'MONJES BUDISTAS',0.00,4.00,0.00,1.00,0.00),(36,28,17,'MONJES BUDISTAS',0.00,4.00,0.00,1.00,0.00),(37,29,18,'MONJES BUDISTAS 99',0.00,34.00,10.50,1.00,0.00),(38,30,17,'MONJES BUDISTAS',0.00,4.00,0.00,1.00,5.00),(40,32,18,'MONJES BUDISTAS 99',0.00,34.00,10.50,1.00,0.00),(42,34,5,'BANANA',0.00,120.00,0.00,1.00,0.00),(45,37,6,'NARANJA',0.00,80.00,21.00,1.00,0.00),(51,42,7,'TOMATE PELLILLI',0.00,73.00,10.50,1.00,0.00),(53,44,5,'BANANA',0.00,120.00,0.00,1.00,0.00),(54,45,3,'MAZANA',0.00,65.00,27.00,1.00,0.00),(55,46,3,'MAZANA',0.00,65.00,27.00,3.00,0.00),(56,47,3,'MAZANA',0.00,65.00,27.00,3.00,0.00),(57,48,5,'BANANA',0.00,120.00,0.00,1.00,0.00),(58,48,3,'MAZANA',0.00,65.00,27.00,1.00,0.00),(59,48,6,'NARANJA',0.00,80.00,21.00,1.00,0.00),(60,48,9,'PERA',0.00,90.00,10.50,1.00,0.00),(61,49,3,'MAZANA',0.00,65.00,27.00,1.00,0.00),(62,49,6,'NARANJA',0.00,80.00,21.00,1.00,0.00),(63,50,5,'BANANA',0.00,120.00,0.00,1.00,0.00),(64,51,5,'BANANA',0.00,120.00,0.00,1.00,0.00),(65,52,5,'BANANA',0.00,120.00,0.00,1.00,0.00),(66,53,3,'MAZANA',0.00,65.00,27.00,1.00,0.00),(67,54,9,'PERA',0.00,90.00,10.50,1.00,0.00),(68,55,6,'NARANJA',0.00,80.00,21.00,1.00,0.00),(69,56,6,'NARANJA',0.00,80.00,21.00,1.00,0.00),(70,57,3,'MAZANA',0.00,65.00,27.00,1.00,0.00),(71,58,3,'MAZANA',0.00,65.00,27.00,1.00,0.00),(72,59,7,'TOMATE PELLILLI',0.00,73.00,10.50,1.00,0.00),(73,60,7,'TOMATE ',0.00,73.00,0.00,1.00,0.00),(74,61,7,'TOMATE ',0.00,73.00,0.00,1.00,0.00),(75,62,5,'BANANA',0.00,160.00,21.00,1.00,0.00),(76,63,5,'BANANA',0.00,160.00,21.00,1.00,0.00),(77,64,5,'BANANA',0.00,160.00,21.00,1.00,0.00),(78,65,5,'Mant. Post Vta. y Monitoreo Diario de Backups. Corresponde a Marzo 2021 Aplica %15 ENERO paridad conv. colec. emp. comercio (4,5%+10,5%)',0.00,160.00,21.00,1.00,0.00),(79,66,5,'BANANA',0.00,160.00,21.00,1.00,0.00),(80,67,5,'BANANA',0.00,160.00,21.00,1.00,0.00),(81,68,5,'BANANA',0.00,160.00,21.00,1.00,0.00),(82,69,3,'MAZANA',0.00,180.00,0.00,1.00,0.00),(83,70,6,'NARANJA',0.00,120.00,0.00,1.00,0.00),(84,71,5,'BANANA',0.00,160.00,21.00,1.00,0.00),(85,71,6,'NARANJA',0.00,120.00,0.00,1.00,0.00),(86,72,3,'MAZANA',0.00,180.00,0.00,1.00,0.00),(87,73,7,'TOMATE ',0.00,73.00,0.00,1.00,0.00),(88,73,7,'TOMATE ',0.00,73.00,0.00,1.00,0.00),(89,74,5,'BANANA',0.00,160.00,21.00,1.00,0.00),(90,74,9,'PERA',0.00,120.00,21.00,1.00,0.00),(91,75,6,'NARANJA',0.00,120.00,0.00,1.00,0.00),(92,76,5,'BANANA',0.00,160.00,21.00,1.00,0.00),(93,77,5,'BANANA',0.00,160.00,21.00,1.00,0.00),(94,78,5,'BANANA',0.00,160.00,21.00,1.00,0.00),(95,79,5,'BANANA',0.00,160.00,21.00,1.00,0.00),(96,80,5,'BANANA',0.00,160.00,21.00,1.00,0.00),(97,81,5,'BANANA',0.00,160.00,21.00,1.00,0.00),(98,82,3,'MAZANA',0.00,180.00,0.00,1.00,0.00),(99,83,6,'NARANJA',0.00,120.00,0.00,2.00,0.00),(100,84,5,'BANANA',0.00,160.00,21.00,2.00,0.00),(101,85,5,'BANANA',0.00,160.00,21.00,3.00,0.00),(102,86,5,'BANANA',0.00,160.00,21.00,1.00,0.00),(103,87,9,'PERA',0.00,120.00,21.00,1.00,0.00),(104,88,3,'MAZANA',0.00,180.00,0.00,1.00,0.00),(105,89,7,'TOMATE ',0.00,73.00,0.00,2.00,0.00),(106,90,5,'BANANA',0.00,160.00,21.00,1.00,0.00),(107,91,6,'NARANJA',0.00,120.00,0.00,1.00,0.00),(108,92,5,'BANANA',0.00,160.00,21.00,1.00,0.00),(109,93,7,'TOMATE ',0.00,73.00,0.00,1.00,0.00),(110,94,9,'PERA',0.00,120.00,21.00,1.00,0.00),(111,95,5,'BANANA',0.00,160.00,21.00,1.00,0.00),(112,96,3,'MAZANA',0.00,180.00,0.00,1.00,0.00),(113,97,5,'BANANA',0.00,160.00,21.00,1.00,0.00),(116,100,5,'BANANA NO TEN CAROZO MA TEN FILAMENTO GROZO A PAPA MONO CON BANANAS VERDES. PUTO EL QUE LEE ESTA SOCOGARCHA YA NO SE MAS QUE ESCRIBIR LA PUTA MADRE NO',0.00,160.00,21.00,1.00,0.00);
/*!40000 ALTER TABLE `factura_items` ENABLE KEYS */;
UNLOCK TABLES;

--
-- Table structure for table `factura_tmp`
--

DROP TABLE IF EXISTS `factura_tmp`;
/*!40101 SET @saved_cs_client     = @@character_set_client */;
/*!40101 SET character_set_client = utf8 */;
CREATE TABLE `factura_tmp` (
  `id_empresa` bigint(20) NOT NULL,
  `usuario` int(11) NOT NULL,
  `id_art` int(11) NOT NULL,
  `articulo` varchar(150) DEFAULT NULL,
  `precio` decimal(20,2) NOT NULL,
  `dto` decimal(6,2) NOT NULL,
  `iva` decimal(6,2) NOT NULL,
  `cantidad` decimal(12,2) NOT NULL DEFAULT 0.00,
  `id_tmp` int(11) NOT NULL AUTO_INCREMENT,
  `fecha` date NOT NULL,
  `id_cliente` int(11) NOT NULL,
  `tipo_comp` int(11) NOT NULL COMMENT '( 1 FActura 2 ND 3 NC  4 Interno)',
  `obs` varchar(300) NOT NULL,
  `Estado` char(1) NOT NULL COMMENT 'E=para enviar , R=Rechazado ',
  `costo` decimal(20,2) NOT NULL,
  `dni` bigint(11) NOT NULL,
  `cliente` varchar(50) NOT NULL,
  `bandera` bigint(20) NOT NULL,
  `observacion` varchar(100) NOT NULL,
  PRIMARY KEY (`id_tmp`)
) ENGINE=InnoDB AUTO_INCREMENT=22 DEFAULT CHARSET=utf8mb4;
/*!40101 SET character_set_client = @saved_cs_client */;

--
-- Dumping data for table `factura_tmp`
--

LOCK TABLES `factura_tmp` WRITE;
/*!40000 ALTER TABLE `factura_tmp` DISABLE KEYS */;
/*!40000 ALTER TABLE `factura_tmp` ENABLE KEYS */;
UNLOCK TABLES;

--
-- Table structure for table `facturas`
--

DROP TABLE IF EXISTS `facturas`;
/*!40101 SET @saved_cs_client     = @@character_set_client */;
/*!40101 SET character_set_client = utf8 */;
CREATE TABLE `facturas` (
  `id_factura` bigint(20) NOT NULL AUTO_INCREMENT,
  `id_cliente` int(11) NOT NULL,
  `fecha` date NOT NULL,
  `total` decimal(20,2) NOT NULL,
  `puerto` int(11) NOT NULL,
  `numero` bigint(20) NOT NULL,
  `cod_afip` int(11) NOT NULL COMMENT '1 factura A 2 Factura B.... segun Afip',
  `iva21` decimal(20,2) NOT NULL,
  `iva105` decimal(20,2) NOT NULL,
  `neto` decimal(20,2) NOT NULL,
  `cae` varchar(100) NOT NULL,
  `cae_vence` varchar(100) NOT NULL,
  `cae_resultado` varchar(100) NOT NULL,
  `cae_obs` varchar(100) NOT NULL,
  `cond_iva` int(11) NOT NULL,
  `observacion` varchar(100) NOT NULL,
  `ctacte` char(1) NOT NULL COMMENT 'Cuetna Corriente = "1" contado ="0"',
  `id_empresa` bigint(20) NOT NULL,
  `iva0` decimal(20,2) NOT NULL,
  `iva27` decimal(20,2) NOT NULL,
  `neto27` decimal(20,2) NOT NULL,
  `neto0` decimal(20,2) NOT NULL,
  `neto21` decimal(20,2) NOT NULL,
  `neto105` decimal(20,2) NOT NULL,
  `iva` decimal(20,2) NOT NULL,
  `excento` decimal(20,2) NOT NULL DEFAULT 0.00,
  `letra` varchar(1) NOT NULL,
  `tipo_comp` int(11) NOT NULL,
  `codigo_comp` varchar(3) NOT NULL,
  `id_tipo_comp` int(11) NOT NULL,
  `dni` bigint(20) NOT NULL,
  `cliente` varchar(50) NOT NULL,
  `bandera` bigint(20) NOT NULL,
  `usuario` bigint(20) NOT NULL,
  PRIMARY KEY (`id_factura`)
) ENGINE=InnoDB AUTO_INCREMENT=101 DEFAULT CHARSET=utf8mb4;
/*!40101 SET character_set_client = @saved_cs_client */;

--
-- Dumping data for table `facturas`
--

LOCK TABLES `facturas` WRITE;
/*!40000 ALTER TABLE `facturas` DISABLE KEYS */;
INSERT INTO `facturas` VALUES (1,12,'2020-10-24',355.00,13,3,6,13.89,8.55,318.75,'70430875368205','2020-11-05','A','',1,'','',1,0.00,13.82,51.18,120.00,66.12,81.45,36.26,0.00,'B',6,'006',1,0,'',0,0),(2,12,'2020-10-25',145.00,13,4,6,13.89,0.00,117.30,'70430875397737','2020-11-05','A','',1,'','',1,0.00,13.82,51.18,0.00,66.12,0.00,27.71,0.00,'B',6,'006',1,0,'',0,0),(3,9,'2020-10-26',80.00,13,5,6,13.89,0.00,66.12,'70430875402279','2020-11-05','A','',1,'','',1,0.00,0.00,0.00,0.00,66.12,0.00,13.89,0.00,'B',6,'006',1,0,'',0,0),(4,12,'2020-10-26',80.00,13,6,6,13.89,0.00,66.12,'70430875403458','2020-11-05','A','',1,'','',1,0.00,0.00,0.00,0.00,66.12,0.00,13.89,0.00,'B',6,'006',1,0,'',0,0),(5,0,'2020-11-11',120.00,13,7,6,0.00,0.00,120.00,'70460898906872','2020-11-21','A','',1,'','',1,0.00,0.00,0.00,120.00,0.00,0.00,0.00,0.00,'B',6,'006',1,20385210,'UN MONJE',0,0),(6,0,'2020-11-12',90.00,1,1,0,0.00,0.00,0.00,'','','','',0,'','',1,0.00,0.00,0.00,0.00,0.00,0.00,0.00,0.00,'I',0,'',4,0,'',0,0),(7,0,'2020-11-12',155.00,1,2,0,0.00,0.00,0.00,'','','','',0,'','',1,0.00,0.00,0.00,0.00,0.00,0.00,0.00,0.00,'I',0,'',4,20385210,'RE PABLO GUSTAVO',0,0),(8,9,'2020-11-18',120.00,13,8,6,0.00,0.00,120.00,'70470899794958','2020-11-28','A','',1,'','',1,0.00,0.00,0.00,120.00,0.00,0.00,0.00,0.00,'B',6,'006',1,23247147519,'',152108,30565),(9,9,'2020-11-18',145.00,13,9,6,13.89,0.00,117.30,'70470899810075','2020-11-28','A','',1,'','',1,0.00,13.82,51.18,0.00,66.12,0.00,27.71,0.00,'B',6,'006',1,23247147519,'',598725,30565),(10,0,'2020-11-18',210.00,13,10,6,0.00,8.55,201.45,'70470899840053','2020-11-28','A','',1,'','',1,0.00,0.00,0.00,120.00,0.00,81.45,8.55,0.00,'B',6,'006',1,20385210,'un monje yerbatero',747565,3217),(11,9,'2020-11-18',120.00,13,11,6,0.00,0.00,120.00,'70470899840566','2020-11-28','A','',1,'','',1,0.00,0.00,0.00,120.00,0.00,0.00,0.00,0.00,'B',6,'006',1,23247147519,'',144287,3217),(12,9,'2020-11-18',120.00,13,12,6,0.00,0.00,120.00,'70470899840744','2020-11-28','A','',1,'','',1,0.00,0.00,0.00,120.00,0.00,0.00,0.00,0.00,'B',6,'006',1,23247147519,'',843559,35823),(13,9,'2020-11-18',65.00,13,13,6,0.00,0.00,51.18,'70470899841407','2020-11-28','A','',1,'','',1,0.00,13.82,51.18,0.00,0.00,0.00,13.82,0.00,'B',6,'006',1,23247147519,'',981309,98630),(14,9,'2020-11-18',80.00,13,14,6,13.89,0.00,66.12,'70470899842042','2020-11-28','A','',1,'','',1,0.00,0.00,0.00,0.00,66.12,0.00,13.89,0.00,'B',6,'006',1,23247147519,'',162780,5682),(15,9,'2020-11-18',120.00,13,15,6,0.00,0.00,120.00,'70470899842102','2020-11-28','A','',1,'','',1,0.00,0.00,0.00,120.00,0.00,0.00,0.00,0.00,'B',6,'006',1,23247147519,'',939409,5682),(16,9,'2020-11-18',120.00,13,16,6,0.00,0.00,120.00,'70470899846017','2020-11-28','A','',1,'','',1,0.00,0.00,0.00,120.00,0.00,0.00,0.00,0.00,'B',6,'006',1,23247147519,'',304534,5682),(17,9,'2020-11-18',65.00,13,17,6,0.00,0.00,51.18,'70470899846237','2020-11-28','A','',1,'','',1,0.00,13.82,51.18,0.00,0.00,0.00,13.82,0.00,'B',6,'006',1,23247147519,'',681817,5682),(18,9,'2020-11-18',120.00,13,18,6,0.00,0.00,120.00,'70470899846300','2020-11-28','A','',1,'','',1,0.00,0.00,0.00,120.00,0.00,0.00,0.00,0.00,'B',6,'006',1,23247147519,'',49460,5682),(19,9,'2020-11-23',120.00,13,19,6,0.00,0.00,120.00,'70470900131167','2020-12-03','A','',1,'','',1,0.00,0.00,0.00,120.00,0.00,0.00,0.00,0.00,'B',6,'006',1,23247147519,'',43250,9267),(20,9,'2020-11-23',120.00,13,20,6,0.00,0.00,120.00,'70470900131214','2020-12-03','A','',1,'','',1,0.00,0.00,0.00,120.00,0.00,0.00,0.00,0.00,'B',6,'006',1,23247147519,'',834476,9267),(21,9,'2020-11-23',120.00,13,21,6,0.00,0.00,120.00,'70470900131285','2020-12-03','A','',1,'','',1,0.00,0.00,0.00,120.00,0.00,0.00,0.00,0.00,'B',6,'006',1,23247147519,'',643779,9267),(22,9,'2020-11-23',120.00,13,22,6,0.00,0.00,120.00,'70470900134806','2020-12-03','A','',1,'','',1,0.00,0.00,0.00,120.00,0.00,0.00,0.00,0.00,'B',6,'006',1,23247147519,'',726600,9267),(23,9,'2020-11-23',145.00,13,23,6,13.89,0.00,117.30,'70470900134851','2020-12-03','A','',1,'','',1,0.00,13.82,51.18,0.00,66.12,0.00,27.71,0.00,'B',6,'006',1,23247147519,'',625263,9267),(24,9,'2020-11-23',90.00,13,24,6,0.00,8.55,81.45,'70470900134880','2020-12-03','A','',1,'','',1,0.00,0.00,0.00,0.00,0.00,81.45,8.55,0.00,'B',6,'006',1,23247147519,'',200596,9267),(25,9,'2020-11-23',120.00,13,25,6,0.00,0.00,120.00,'70470900134911','2020-12-03','A','',1,'','',1,0.00,0.00,0.00,120.00,0.00,0.00,0.00,0.00,'B',6,'006',1,23247147519,'',682770,9267),(26,9,'2020-11-23',65.00,13,26,6,0.00,0.00,51.18,'70470900134937','2020-12-03','A','',1,'','',1,0.00,13.82,51.18,0.00,0.00,0.00,13.82,0.00,'B',6,'006',1,23247147519,'NICO T',271571,9267),(27,0,'2020-11-27',4.00,11,1,11,0.00,0.00,4.00,'70489901074093','2020-12-07','A','',6,'','',7,0.00,0.00,0.00,4.00,0.00,0.00,0.00,0.00,'C',11,'011',1,4686602,'Marcelo',296442,43611),(28,0,'2020-11-27',4.00,11,2,11,0.00,0.00,4.00,'70489901074242','2020-12-07','A','',6,'','',7,0.00,0.00,0.00,4.00,0.00,0.00,0.00,0.00,'C',11,'011',1,4686601,'Juan Carlos',415529,43611),(29,13,'2020-11-27',34.00,11,3,11,0.00,3.23,30.77,'70489901075065','2020-12-07','A','',6,'','',7,0.00,0.00,0.00,0.00,0.00,30.77,3.23,0.00,'C',11,'011',1,30999005132,'JUAN CARLOS',239900,43611),(30,0,'2020-11-27',3.80,11,4,11,0.00,0.00,3.80,'70489901075638','2020-12-07','A','',6,'','',7,0.00,0.00,0.00,3.80,0.00,0.00,0.00,0.00,'C',11,'011',1,9999888,'Luchi Luchite',776438,43611),(45,0,'2020-11-30',65.00,1,3,0,0.00,0.00,0.00,'','','','',0,'','',1,0.00,0.00,0.00,0.00,0.00,0.00,0.00,0.00,'I',0,'',4,27045505,'BUITER CINTIA CECILIA',0,0),(46,0,'2020-11-30',195.00,1,4,0,0.00,0.00,0.00,'','','','',0,'','',1,0.00,0.00,0.00,0.00,0.00,0.00,0.00,0.00,'I',0,'',4,27045505,'BUITER CINTIA CECILIA',0,0),(47,0,'2020-11-30',195.00,1,5,0,0.00,0.00,0.00,'','','','',0,'','',1,0.00,0.00,0.00,0.00,0.00,0.00,0.00,0.00,'I',0,'',4,27045505,'BUITER CINTIA CECILIA',0,0),(48,0,'2020-11-30',355.00,1,6,0,0.00,0.00,0.00,'','','','',0,'','',1,0.00,0.00,0.00,0.00,0.00,0.00,0.00,0.00,'I',0,'',4,27045505,'BUITER CINTIA CECILIA',0,0),(49,0,'2020-11-30',145.00,1,7,0,0.00,0.00,0.00,'','','','',0,'','',1,0.00,0.00,0.00,0.00,0.00,0.00,0.00,0.00,'I',0,'',4,27045505,'BUITER CINTIA CECILIA',0,0),(50,9,'2020-12-01',120.00,13,27,6,0.00,0.00,120.00,'70480901571205','2020-12-11','A','',1,'','',1,0.00,0.00,0.00,120.00,0.00,0.00,0.00,0.00,'B',6,'006',1,23247147519,'TIZZANO NICOLAS',823297,79924),(51,11,'2021-02-02',120.00,1,8,0,0.00,0.00,0.00,'','','','',0,'','',1,0.00,0.00,0.00,0.00,0.00,0.00,0.00,0.00,'I',0,'',4,0,'',0,0),(52,9,'2021-02-02',120.00,13,28,6,0.00,0.00,120.00,'71050909720860','2021-02-12','A','',1,'','',1,0.00,0.00,0.00,120.00,0.00,0.00,0.00,0.00,'B',6,'006',1,23247147519,'TIZZANO NICOLAS',850568,42457),(53,9,'2021-02-02',65.00,13,29,6,0.00,0.00,51.18,'71050909721141','2021-02-12','A','',1,'','',1,0.00,13.82,51.18,0.00,0.00,0.00,13.82,0.00,'B',6,'006',1,23247147519,'TIZZANO NICOLAS',791658,42457),(54,9,'2021-02-02',90.00,13,30,6,0.00,8.55,81.45,'71050909755903','2021-02-12','A','',1,'','',1,0.00,0.00,0.00,0.00,0.00,81.45,8.55,0.00,'B',6,'006',1,23247147519,'TIZZANO NICOLAS',451785,68636),(55,12,'2021-02-02',80.00,13,31,6,13.89,0.00,66.12,'71050909767490','2021-02-12','A','',1,'','',1,0.00,0.00,0.00,0.00,66.12,0.00,13.89,0.00,'B',6,'006',1,20385210,'BUITER CINTIA CECILIA',920929,75466),(56,9,'2021-02-03',80.00,13,32,6,13.89,0.00,66.12,'71050911850460','2021-02-13','A','',1,'','',1,0.00,0.00,0.00,0.00,66.12,0.00,13.89,0.00,'B',6,'006',1,23247147519,'TIZZANO NICOLAS',925509,88434),(57,9,'2021-02-03',65.00,13,33,6,0.00,0.00,51.18,'71050911851209','2021-02-13','A','',1,'','',1,0.00,13.82,51.18,0.00,0.00,0.00,13.82,0.00,'B',6,'006',1,23247147519,'TIZZANO NICOLAS',901575,11560),(58,9,'2021-02-03',65.00,13,34,6,0.00,0.00,51.18,'71050911851296','2021-02-13','A','',1,'','',1,0.00,13.82,51.18,0.00,0.00,0.00,13.82,0.00,'B',6,'006',1,23247147519,'TIZZANO NICOLAS',584084,5377),(59,9,'2021-02-03',73.00,13,35,6,0.00,6.94,66.06,'71050911852488','2021-02-13','A','',1,'','',1,0.00,0.00,0.00,0.00,0.00,66.06,6.94,0.00,'B',6,'006',1,23247147519,'TIZZANO NICOLAS',891310,5377),(60,9,'2021-05-07',73.00,13,36,6,0.00,0.00,73.00,'71190936999218','2021-05-17','A','',1,'','',1,0.00,0.00,0.00,73.00,0.00,0.00,0.00,0.00,'B',6,'006',1,23247147519,'TIZZANO NICOLAS',124670,68391),(61,12,'2021-05-07',73.00,13,37,6,0.00,0.00,73.00,'71190937108197','2021-05-17','A','',1,'','',1,0.00,0.00,0.00,73.00,0.00,0.00,0.00,0.00,'B',6,'006',1,20385210,'BUITER CINTIA CECILIA ',24213,68391),(62,9,'2021-05-20',160.00,13,38,6,27.77,0.00,132.23,'71200940984675','2021-05-30','A','',1,'','',1,0.00,0.00,0.00,0.00,132.23,0.00,27.77,0.00,'B',6,'006',1,23247147519,'TIZZANO NICOLAS',834955,43614),(63,9,'2021-05-20',160.00,13,39,6,27.77,0.00,132.23,'71200940985312','2021-05-30','A','',1,'','',1,0.00,0.00,0.00,0.00,132.23,0.00,27.77,0.00,'B',6,'006',1,23247147519,'TIZZANO NICOLAS',968078,1154),(64,9,'2021-05-20',160.00,13,40,6,27.77,0.00,132.23,'71200940986693','2021-05-30','A','',1,'','',1,0.00,0.00,0.00,0.00,132.23,0.00,27.77,0.00,'B',6,'006',1,23247147519,'TIZZANO NICOLAS',791655,1154),(65,9,'2021-05-20',160.00,13,41,6,27.77,0.00,132.23,'71200940987607','2021-05-30','A','',1,'','',1,0.00,0.00,0.00,0.00,132.23,0.00,27.77,0.00,'B',6,'006',1,23247147519,'TIZZANO NICOLAS',964352,37793),(66,9,'2021-05-20',160.00,13,42,6,27.77,0.00,132.23,'71200940988506','2021-05-30','A','',1,'','',1,0.00,0.00,0.00,0.00,132.23,0.00,27.77,0.00,'B',6,'006',1,23247147519,'TIZZANO NICOLAS',622165,37793),(67,9,'2021-05-20',160.00,13,43,6,27.77,0.00,132.23,'71200940988519','2021-05-30','A','',1,'','',1,0.00,0.00,0.00,0.00,132.23,0.00,27.77,0.00,'B',6,'006',1,23247147519,'TIZZANO NICOLAS',917954,37793),(68,9,'2021-05-20',160.00,13,44,6,27.77,0.00,132.23,'71200940988700','2021-05-30','A','',1,'','',1,0.00,0.00,0.00,0.00,132.23,0.00,27.77,0.00,'B',6,'006',1,23247147519,'TIZZANO NICOLAS',417181,37793),(69,9,'2021-05-20',180.00,13,45,6,0.00,0.00,180.00,'71200940990551','2021-05-30','A','',1,'','',1,0.00,0.00,0.00,180.00,0.00,0.00,0.00,0.00,'B',6,'006',1,23247147519,'TIZZANO NICOLAS',702460,37793),(70,9,'2021-05-20',120.00,13,46,6,0.00,0.00,120.00,'71200941006710','2021-05-30','A','',1,'','',1,0.00,0.00,0.00,120.00,0.00,0.00,0.00,0.00,'B',6,'006',1,23247147519,'TIZZANO NICOLAS',482995,37793),(71,9,'2021-05-20',280.00,13,47,6,27.77,0.00,252.23,'71200941076876','2021-05-30','A','',1,'','',1,0.00,0.00,0.00,120.00,132.23,0.00,27.77,0.00,'B',6,'006',1,23247147519,'TIZZANO NICOLAS',837461,47725),(72,9,'2021-05-21',180.00,13,48,6,0.00,0.00,180.00,'71210941327156','2021-05-31','A','',1,'','',1,0.00,0.00,0.00,180.00,0.00,0.00,0.00,0.00,'B',6,'006',1,23247147519,'TIZZANO NICOLAS',562117,21847),(73,9,'2021-05-21',146.00,13,1,1,0.00,0.00,146.00,'71210941327449','2021-05-31','A','',1,'','',1,0.00,0.00,0.00,146.00,0.00,0.00,0.00,0.00,'A',1,'001',1,23247147519,'TIZZANO NICOLAS',505145,74911),(74,9,'2021-05-27',280.00,13,2,1,48.60,0.00,231.40,'71210942775496','2021-06-06','A','',1,'','',1,0.00,0.00,0.00,0.00,231.40,0.00,48.60,0.00,'A',1,'001',1,23247147519,'TIZZANO NICOLAS',880909,4317),(75,0,'2021-05-27',120.00,13,49,6,0.00,0.00,120.00,'71210942780499','2021-06-06','A','',1,'','',1,0.00,0.00,0.00,120.00,0.00,0.00,0.00,0.00,'B',6,'006',1,49985341,'Juan carlos',343036,83439),(76,0,'2021-05-27',160.00,13,50,6,27.77,0.00,132.23,'71210942792282','2021-06-06','A','',1,'','',1,0.00,0.00,0.00,0.00,132.23,0.00,27.77,0.00,'B',6,'006',1,49985341,'Juan carlos',858004,25046),(77,9,'2021-05-27',160.00,13,3,1,27.77,0.00,132.23,'71210942795989','2021-06-06','A','',1,'','',1,0.00,0.00,0.00,0.00,132.23,0.00,27.77,0.00,'A',1,'001',1,23247147519,'TIZZANO NICOLAS',355485,18760),(78,0,'2021-05-27',160.00,1,9,0,0.00,0.00,0.00,'','','','',0,'','',1,0.00,0.00,0.00,0.00,0.00,0.00,0.00,0.00,'I',0,'',4,24714751,'Juan Perez',0,0),(79,9,'2021-05-27',160.00,1,10,0,0.00,0.00,0.00,'','','','',0,'','',1,0.00,0.00,0.00,0.00,0.00,0.00,0.00,0.00,'I',0,'',4,0,'',0,0),(80,9,'2021-05-27',160.00,13,4,1,27.77,0.00,132.23,'71220942830583','2021-06-06','A','',1,'','',1,0.00,0.00,0.00,0.00,132.23,0.00,27.77,0.00,'A',1,'001',1,23247147519,'TIZZANO NICOLAS',170576,81049),(81,9,'2021-06-09',160.00,13,5,1,27.77,0.00,132.23,'71230945561847','2021-06-19','A','',1,'','',1,0.00,0.00,0.00,0.00,132.23,0.00,27.77,0.00,'A',1,'001',1,23247147519,'TIZZANO NICOLAS',921413,50888),(82,9,'2021-06-09',180.00,13,6,1,0.00,0.00,180.00,'71230945561907','2021-06-19','A','',1,'','',1,0.00,0.00,0.00,180.00,0.00,0.00,0.00,0.00,'A',1,'001',1,23247147519,'TIZZANO NICOLAS',435347,50888),(83,9,'2021-06-09',240.00,13,7,1,0.00,0.00,240.00,'71230945562555','2021-06-19','A','',1,'','',1,0.00,0.00,0.00,240.00,0.00,0.00,0.00,0.00,'A',1,'001',1,23247147519,'TIZZANO NICOLAS',27558,93430),(84,9,'2021-06-09',320.00,13,8,1,55.54,0.00,264.46,'71230945562571','2021-06-19','A','',1,'','',1,0.00,0.00,0.00,0.00,264.46,0.00,55.54,0.00,'A',1,'001',1,23247147519,'TIZZANO NICOLAS',134738,93430),(85,9,'2021-06-09',480.00,13,9,1,83.30,0.00,396.69,'71230945562864','2021-06-19','A','',1,'','',1,0.00,0.00,0.00,0.00,396.69,0.00,83.30,0.00,'A',1,'001',1,23247147519,'TIZZANO NICOLAS',524727,93430),(86,9,'2021-06-09',160.00,13,10,1,27.77,0.00,132.23,'71230945562982','2021-06-19','A','',1,'','',1,0.00,0.00,0.00,0.00,132.23,0.00,27.77,0.00,'A',1,'001',1,23247147519,'TIZZANO NICOLAS',427244,93430),(87,9,'2021-06-09',120.00,13,11,1,20.83,0.00,99.17,'71230945582019','2021-06-19','A','',1,'','',1,0.00,0.00,0.00,0.00,99.17,0.00,20.83,0.00,'A',1,'001',1,23247147519,'TIZZANO NICOLAS',336216,57947),(88,9,'2021-06-09',180.00,13,12,1,0.00,0.00,180.00,'71230945582226','2021-06-19','A','',1,'','',1,0.00,0.00,0.00,180.00,0.00,0.00,0.00,0.00,'A',1,'001',1,23247147519,'TIZZANO NICOLAS',990989,57947),(89,9,'2021-06-09',146.00,13,13,1,0.00,0.00,146.00,'71230945582328','2021-06-19','A','',1,'','',1,0.00,0.00,0.00,146.00,0.00,0.00,0.00,0.00,'A',1,'001',1,23247147519,'TIZZANO NICOLAS',919884,57947),(90,9,'2021-06-10',160.00,13,14,1,27.77,0.00,132.23,'71230945686285','2021-06-20','A','',1,'','',1,0.00,0.00,0.00,0.00,132.23,0.00,27.77,0.00,'A',1,'001',1,23247147519,'TIZZANO NICOLAS',171401,70224),(91,9,'2021-06-10',120.00,13,15,1,0.00,0.00,120.00,'71230945686963','2021-06-20','A','',1,'','',1,0.00,0.00,0.00,120.00,0.00,0.00,0.00,0.00,'A',1,'001',1,23247147519,'TIZZANO NICOLAS',202110,70224),(92,9,'2021-06-10',160.00,13,16,1,27.77,0.00,132.23,'71230945687922','2021-06-20','A','',1,'','',1,0.00,0.00,0.00,0.00,132.23,0.00,27.77,0.00,'A',1,'001',1,23247147519,'TIZZANO NICOLAS',698217,70224),(93,9,'2021-06-10',73.00,13,17,1,0.00,0.00,73.00,'71230945688494','2021-06-20','A','',1,'','',1,0.00,0.00,0.00,73.00,0.00,0.00,0.00,0.00,'A',1,'001',1,23247147519,'TIZZANO NICOLAS',324205,88833),(94,9,'2021-06-10',120.00,13,18,1,20.83,0.00,99.17,'71230945697035','2021-06-20','A','',1,'','',1,0.00,0.00,0.00,0.00,99.17,0.00,20.83,0.00,'A',1,'001',1,23247147519,'TIZZANO NICOLAS',139088,88833),(95,9,'2021-06-10',160.00,13,19,1,27.77,0.00,132.23,'71230945699126','2021-06-20','A','',1,'','',1,0.00,0.00,0.00,0.00,132.23,0.00,27.77,0.00,'A',1,'001',1,23247147519,'TIZZANO NICOLAS',669263,88833),(96,9,'2021-06-10',180.00,13,20,1,0.00,0.00,180.00,'71230945701212','2021-06-20','A','',1,'','',1,0.00,0.00,0.00,180.00,0.00,0.00,0.00,0.00,'A',1,'001',1,23247147519,'TIZZANO NICOLAS',15161,88833),(97,9,'2021-06-24',160.00,13,21,1,27.77,0.00,132.23,'71250949493820','2021-07-04','A','',1,'','',1,0.00,0.00,0.00,0.00,132.23,0.00,27.77,0.00,'A',1,'001',1,23247147519,'TIZZANO NICOLAS',978260,46987),(100,12,'2021-08-04',160.00,1,1,0,0.00,0.00,0.00,'','','','',0,'','',1,0.00,0.00,0.00,0.00,0.00,0.00,0.00,0.00,'I',0,'',4,0,'',0,0);
/*!40000 ALTER TABLE `facturas` ENABLE KEYS */;
UNLOCK TABLES;

--
-- Table structure for table `facturas_mpagos`
--

DROP TABLE IF EXISTS `facturas_mpagos`;
/*!40101 SET @saved_cs_client     = @@character_set_client */;
/*!40101 SET character_set_client = utf8 */;
CREATE TABLE `facturas_mpagos` (
  `m_pago` varchar(30) NOT NULL,
  `importe` decimal(20,2) NOT NULL,
  `id_empresa` bigint(20) NOT NULL,
  `fecha` date NOT NULL,
  `obs` varchar(300) NOT NULL,
  `id_fact_mp` bigint(20) NOT NULL AUTO_INCREMENT,
  `id_factura` bigint(20) NOT NULL,
  PRIMARY KEY (`id_fact_mp`)
) ENGINE=InnoDB AUTO_INCREMENT=102 DEFAULT CHARSET=utf8mb4;
/*!40101 SET character_set_client = @saved_cs_client */;

--
-- Dumping data for table `facturas_mpagos`
--

LOCK TABLES `facturas_mpagos` WRITE;
/*!40000 ALTER TABLE `facturas_mpagos` DISABLE KEYS */;
INSERT INTO `facturas_mpagos` VALUES ('CTA-CTE.',355.00,1,'2020-10-24','',1,1),('CTA-CTE.',145.00,1,'2020-10-25','',2,2),('CTA-CTE.',80.00,1,'2020-10-26','',3,3),('CHEQUE',80.00,1,'2020-10-26','un jinja',4,4),('EFECTIVO',120.00,1,'2020-11-11','',5,5),('EFECTIVO',90.00,1,'2020-11-12','',6,6),('EFECTIVO',90.00,1,'2020-11-12','',7,7),('TARJETA',65.00,1,'2020-11-12','',8,7),('EFECTIVO',120.00,1,'2020-11-18','',9,8),('EFECTIVO',145.00,1,'2020-11-18','',10,9),('EFECTIVO',210.00,1,'2020-11-18','',11,10),('EFECTIVO',120.00,1,'2020-11-18','',12,11),('EFECTIVO',120.00,1,'2020-11-18','',13,12),('EFECTIVO',65.00,1,'2020-11-18','',14,13),('EFECTIVO',80.00,1,'2020-11-18','',15,14),('EFECTIVO',120.00,1,'2020-11-18','',16,15),('EFECTIVO',120.00,1,'2020-11-18','',17,16),('EFECTIVO',65.00,1,'2020-11-18','',18,17),('EFECTIVO',120.00,1,'2020-11-18','',19,18),('EFECTIVO',120.00,1,'2020-11-23','',20,19),('EFECTIVO',120.00,1,'2020-11-23','',21,20),('EFECTIVO',120.00,1,'2020-11-23','',22,21),('EFECTIVO',120.00,1,'2020-11-23','',23,22),('EFECTIVO',145.00,1,'2020-11-23','',24,23),('EFECTIVO',90.00,1,'2020-11-23','',25,24),('EFECTIVO',120.00,1,'2020-11-23','',26,25),('EFECTIVO',65.00,1,'2020-11-23','',27,26),('EFECTIVO',4.00,7,'2020-11-27','KOKA',28,27),('EFECTIVO',4.00,7,'2020-11-27','',29,28),('CTA-CTE.',34.00,7,'2020-11-27','',30,29),('TARJETA',4.00,7,'2020-11-27','one monj',31,30),('EFECTIVO',34.00,7,'2020-11-27','',33,32),('EFECTIVO',120.00,1,'2020-11-28','',35,34),('EFECTIVO',80.00,1,'2020-11-28','',38,37),('EFECTIVO',73.00,1,'2020-11-28','',43,42),('EFECTIVO',120.00,1,'2020-11-30','',45,44),('EFECTIVO',65.00,1,'2020-11-30','',46,45),('EFECTIVO',195.00,1,'2020-11-30','',47,46),('EFECTIVO',195.00,1,'2020-11-30','',48,47),('EFECTIVO',355.00,1,'2020-11-30','',49,48),('EFECTIVO',145.00,1,'2020-11-30','',50,49),('EFECTIVO',120.00,1,'2020-12-01','',51,50),('CTA-CTE.',120.00,1,'2021-02-02','',52,51),('CTA-CTE.',120.00,1,'2021-02-02','',53,52),('CTA-CTE.',65.00,1,'2021-02-02','',54,53),('CTA-CTE.',90.00,1,'2021-02-02','',55,54),('CTA-CTE.',80.00,1,'2021-02-02','',56,55),('EFECTIVO',80.00,1,'2021-02-03','',57,56),('EFECTIVO',65.00,1,'2021-02-03','A FAVOR DE LEANDRO',58,57),('EFECTIVO',65.00,1,'2021-02-03','',59,58),('EFECTIVO',73.00,1,'2021-02-03','cheque ',60,59),('EFECTIVO',73.00,1,'2021-05-07','',61,60),('CTA-CTE.',73.00,1,'2021-05-07','',62,61),('EFECTIVO',160.00,1,'2021-05-20','',63,62),('EFECTIVO',160.00,1,'2021-05-20','',64,63),('EFECTIVO',160.00,1,'2021-05-20','',65,64),('EFECTIVO',160.00,1,'2021-05-20','',66,65),('EFECTIVO',160.00,1,'2021-05-20','',67,66),('EFECTIVO',160.00,1,'2021-05-20','',68,67),('CTA-CTE.',160.00,1,'2021-05-20','',69,68),('CTA-CTE.',180.00,1,'2021-05-20','',70,69),('EFECTIVO',120.00,1,'2021-05-20','',71,70),('CTA-CTE.',280.00,1,'2021-05-20','',72,71),('EFECTIVO',180.00,1,'2021-05-21','',73,72),('CHEQUE',146.00,1,'2021-05-21','',74,73),('EFECTIVO',280.00,1,'2021-05-27','',75,74),('EFECTIVO',120.00,1,'2021-05-27','',76,75),('EFECTIVO',160.00,1,'2021-05-27','',77,76),('EFECTIVO',160.00,1,'2021-05-27','',78,77),('EFECTIVO',160.00,1,'2021-05-27','',79,78),('EFECTIVO',160.00,1,'2021-05-27','',80,79),('EFECTIVO',160.00,1,'2021-05-27','',81,80),('CTA-CTE.',160.00,1,'2021-06-09','',82,81),('CTA-CTE.',180.00,1,'2021-06-09','',83,82),('CTA-CTE.',240.00,1,'2021-06-09','',84,83),('CTA-CTE.',320.00,1,'2021-06-09','',85,84),('EFECTIVO',480.00,1,'2021-06-09','',86,85),('CTA-CTE.',160.00,1,'2021-06-09','',87,86),('CTA-CTE.',120.00,1,'2021-06-09','',88,87),('CTA-CTE.',180.00,1,'2021-06-09','',89,88),('CTA-CTE.',146.00,1,'2021-06-09','',90,89),('CTA-CTE.',160.00,1,'2021-06-10','',91,90),('CTA-CTE.',120.00,1,'2021-06-10','',92,91),('CTA-CTE.',160.00,1,'2021-06-10','',93,92),('CTA-CTE.',73.00,1,'2021-06-10','',94,93),('EFECTIVO',120.00,1,'2021-06-10','',95,94),('CTA-CTE.',160.00,1,'2021-06-10','',96,95),('CTA-CTE.',180.00,1,'2021-06-10','',97,96),('EFECTIVO',160.00,1,'2021-06-24','',98,97),('CTA-CTE.',160.00,1,'2021-08-04','BANANA NO TEN CAROZO',99,98),('CTA-CTE.',160.00,1,'2021-08-04','',101,100);
/*!40000 ALTER TABLE `facturas_mpagos` ENABLE KEYS */;
UNLOCK TABLES;

--
-- Table structure for table `m_pagos_tmp`
--

DROP TABLE IF EXISTS `m_pagos_tmp`;
/*!40101 SET @saved_cs_client     = @@character_set_client */;
/*!40101 SET character_set_client = utf8 */;
CREATE TABLE `m_pagos_tmp` (
  `m_pago` varchar(30) NOT NULL,
  `importe` decimal(20,2) NOT NULL,
  `id_empresa` bigint(20) NOT NULL,
  `usuario` bigint(20) NOT NULL,
  `fecha` date NOT NULL,
  `id_mpago` bigint(20) NOT NULL AUTO_INCREMENT,
  `obs` varchar(300) NOT NULL,
  PRIMARY KEY (`id_mpago`)
) ENGINE=InnoDB AUTO_INCREMENT=22 DEFAULT CHARSET=utf8mb4;
/*!40101 SET character_set_client = @saved_cs_client */;

--
-- Dumping data for table `m_pagos_tmp`
--

LOCK TABLES `m_pagos_tmp` WRITE;
/*!40000 ALTER TABLE `m_pagos_tmp` DISABLE KEYS */;
/*!40000 ALTER TABLE `m_pagos_tmp` ENABLE KEYS */;
UNLOCK TABLES;

--
-- Table structure for table `o_trabajos`
--

DROP TABLE IF EXISTS `o_trabajos`;
/*!40101 SET @saved_cs_client     = @@character_set_client */;
/*!40101 SET character_set_client = utf8 */;
CREATE TABLE `o_trabajos` (
  `id_ot` int(11) NOT NULL AUTO_INCREMENT,
  `id_clie` int(11) NOT NULL,
  `fecha` datetime DEFAULT NULL,
  `descrip` varchar(5000) DEFAULT NULL,
  `estado` varchar(100) DEFAULT NULL,
  `fecha_entrega` datetime DEFAULT NULL,
  `estimado` int(11) DEFAULT 0,
  `importe` float(14,2) DEFAULT 0.00,
  PRIMARY KEY (`id_ot`)
) ENGINE=InnoDB AUTO_INCREMENT=83 DEFAULT CHARSET=utf8mb4;
/*!40101 SET character_set_client = @saved_cs_client */;

--
-- Dumping data for table `o_trabajos`
--

LOCK TABLES `o_trabajos` WRITE;
/*!40000 ALTER TABLE `o_trabajos` DISABLE KEYS */;
INSERT INTO `o_trabajos` VALUES (1,41,'2021-10-14 17:59:00','ESTATOR SPA 70MM\r14-10-2021 17:59:00-->MAURO :bobinar \r14-10-2021 17:59:00-->MAURI :paso a  reparación\r14-10-2021 17:59:00-->MAURO :boinado\r14-10-2021 17:59:00-->MAURO :terminad','ENTREGADO',NULL,0,7150.00),(2,72,'2021-10-21 12:22:00','BOMBA CZERWENY TRIFASICA ZETA 6 N°06 2018 S1 IP 54 V200/380 HZ 50\nESTA MOJADA, NO FUNCIONA. A VERIFICAR\n   \r21-10-2021 12:22:00-->MAURO :lavar, secado, reparación en bornera. cambiar rodamientos.','ENTREGADO',NULL,0,6500.00),(3,74,'2021-10-21 14:05:00','MOTOR REDUCTOR WEG 1 HP                                                            \"TRABAJO ANTERIOR 00744\"\nEJE TORCIDO, A VERIFICAR\n\nOB: SIN VENTILADOR, CAPOT (LO TIENEN ELLOS)\r21-10-2021 14:05:00-->MAURO :desarmar armar, endezar eje\r27/10/2021 11:56-->mauro :eje en el tornero','ENTREGADO','1970-01-01 00:00:00',0,4500.00),(4,74,'2021-10-21 14:10:00','MOTOR REDUCTOR WEG 1HP, 0,75 KW 220/380 V 50HZ 3,37 / 1,95 A\nEJE TORCIDO, A VERIFICAR \nOB: SIN CAPOT ( LO TIENEN ELLOS)\r21-10-2021 14:10:00-->MAURO :desarmar , enderezar eje, cambio de rodamientos,arenar y pintar\r21-10-2021 14:10:00-->MAURO :ver neutro\r27/10/2021 11:52-->nico :saque 1 cable de la punta de estrella\r27/10/2021 11:55-->MAURO :eje en el tornero','ENTREGADO','1970-01-01 00:00:00',0,4500.00),(5,43,'2021-10-21 16:54:00','ELECTRO IMAN \nA NUEVO\r21-10-2021 16:54:00-->MAURO :rebobinar\r21-10-2021 16:54:00-->MAURO :hacer molde','ENTREGADO',NULL,0,23600.00),(6,43,'2021-10-22 07:09:00','CARGADOR DE BATERÍA ENERGIT MODEL :MASTER CHARGER \n ENTR. 220V   40A  50HZ ,SALID.CC 12V  40A ,24V  200A\r08/11/2021 07:11-->MAURI :LO TIENE ROBER ..','REVISIONAR',NULL,0,0.00),(7,75,'2021-10-22 07:20:00','VENTILADOR ABON GARDEN , CIRCULAR MODELO P25  M25 TENSION 220V\nA VERIFICAR\r22-10-2021 07:20:00-->fabian :cambio de bujes y mantenimiento\r22-10-2021 07:20:00-->fabian :cambio de capacitor\r','ENTREGADO',NULL,0,4600.00),(8,17,'2021-10-22 15:11:00','MOTOR FORZ 1/8 HP\n PRESUPUESTO \"CAMBIAR BUJES POR RODAMIENTOS\"\n SOLO PRESUPUESTO \n22-10-2021 15:11:00-->fabian :cambio de bujes por rodamientos\n09/11/2021 13:53-->MAURI :NO SE REALIZO EL TRABAJO, PRESUPUESTO ALTO','CANCELADO','1970-01-01 00:00:00',0,4800.00),(9,76,'2021-10-22 16:36:00','EXITATRIZ A VERIFICAR\r26/10/2021 08:41-->nico :modifique la cabeza de coneccion porque no entraba la placa de diodos.\npinte con barniz de terminación en su totalidad para tapar marcas de calentamiento provocadas por la pistola de calor y horno\r27/10/2021 11:49-->nico :listo','ENTREGADO',NULL,0,6500.00),(10,61,'2021-10-25 11:36:00','DESTORNILLADOR MAKITA SIN PLACA\nNO FUNCIONA, OBRA ECHERRARRIA\r25/10/2021 14:26-->nico :Miguel mando foto al proveedor consultando pieza y modelo','CANCELADO',NULL,0,0.00),(11,61,'2021-10-25 11:40:00','AMOLADORA 7 MAKITA GA7020. LARGO HUMO A VERIFICAR\r26/10/2021 14:27-->nico :Inducido en corto. \nTiene los resortes que agarran los campos con los porta carbones fundidos( si se consiguen pedirlos).\nMantenimiento Gral.','CANCELADO',NULL,0,12300.00),(12,61,'2021-10-25 11:47:00','TALADRO PERCUTOR BOSCH GBH 2-26 DRE\nNO FUNCIONA A VERIFICAR\r25-10-2021 11:47:00-->fabian :  ventilador industrial \r\r26/10/2021 08:56-->MAURI :correccion a ventilador ind.\r26/10/2021 14:38-->nico :Se clavo el pistón y rompió el sist. de golpe y rotación. Dar de baja o enviar a bosch\r26/10/2021 16:09-->admin :se envia a pedir precio a Bosch','CANCELADO',NULL,0,0.00),(13,44,'2021-11-14 07:49:00','motor tilcara 220v 0,75 hp rpm 140 ciclo 50 fase1\n armar a verificar\r14/11/2021 14:22-->nico :cambiar centrifugo, armardo completo , llego desarmado ,cambio de capacitor,pintura\r26/10/2021 14:33-->nico :soldar tapa \r27/10/2021 07:57-->nico :listo','ENTREGADO',NULL,0,4600.00),(14,17,'2021-10-26 15:50:00','MOTOR FORZ CZERWENY 3/4 HP CODIGO 59M-3009 N°01864858  220 V\n A VERIFICAR\r26/10/2021 15:42-->nico :bobinado en corto\r26/10/2021 16:17-->admin :se coloca en chatarra dado que pason 3años ','CANCELADO',NULL,0,0.00),(15,41,'2021-10-26 16:18:00','STATOR SOLO VULCANO N°50\nA BOBINAR\r27/10/2021 06:10-->nico :Bobinado\r27/10/2021 11:47-->nico :listo','ENTREGADO',NULL,0,4600.00),(16,57,'2021-10-27 09:05:00','GENERADOR LUSTOFF 8,5 GF-4 CON 2 HOJAS DE PLANOS       (NO PERDER)\nAVR NUEVO         ( SEGÚN SANTIAGO )\nBOBINADO NUEVO       \"            \"\nSIN AVR GENERA 230 V\nCON AVR 180 V MAX.\n TRAJO PARTES DESARMADOS !!!\n\n\n\r04/11/2021 09:31-->admin :reparar bobina de exitacion, desarmar y arme del equipo, 1litor de nafta, ensayos\r04/11/2021 09:34-->admin :ANTES DE PASAR PRECIO LLAMAR PARA QUE VEA SI ASÍ GENERA LO DESEADO','COTIZADO',NULL,0,9000.00),(17,77,'2021-10-27 09:28:00','GENERADOR GAMMA (ROJO)\n MANT. GENERAL\nFUNCIONA MAL EL ENCENDIDO POR SOGA (ENGRANADA)  \n\nSE LO LLEVE A LITO .... \n A VERIFICAR','ENTREGADO','1970-01-01 00:00:00',0,4500.00),(18,78,'2021-10-27 10:50:00','TRANSF. EQUIPO SANYO HOME THEATRE\nPRI 230V 50 HZ  H0200-616 \nNO FUNCIONA, TRAFO UNA ETIQUETA CON EL CONSUMO NO PERDER..\r29/10/2021 12:03-->ADMIN :BOBINADO','EN REPARACIÓN',NULL,0,16700.00),(19,79,'2021-10-27 11:22:00','BOMBA SUMERGIBLE CZERWENY MONOFASICA DSP - 350 P\n0.35 KW.\nFUNCIONA EL MOTOR ,PERO NO TIRA AGUA A VERIFICAR.\n FUE REPARADA EN 05/04\n ESTA DESARMADA\n\r27/10/2021 11:22-->MAURO :RODAMIENTO CAP CELLO MANTENIMIENTO COMPLETO\r01/11/2021 10:17-->nico :cambie rod. y sello... LISTA!!','ENTREGADO','1970-01-01 00:00:00',0,3500.00),(20,80,'2021-10-27 11:41:00','STATOR SOLO MAQUINA HIDRO.\nPRESUPUESTO DE BOBINADO\r27/10/2021 11:42-->MAURO :bobinado\r30/10/2021 15:18-->admin :largo de Nucleo:???\n\r01/11/2021 06:33-->nico :60mm de largo de núcleo.','CANCELADO',NULL,0,17800.00),(21,80,'2021-10-27 11:43:00','MAQUINA DE SOLDAR ARGUE\n NO FUNCIONA \n A VERIFICAR\r02/11/2021 13:39-->admin :reparar bobina secundaria, hacer salidas nuevas ,cambiar  bulones de bronce nuevos, cable y pinsa de masa,pintura\r2021-11-12 14:53:21--> MAURI: CONFIRMADO','EN REPARACIÓN',NULL,0,12500.00),(22,44,'2021-10-27 12:48:00','MOTOR CINTA TRANSPORTADORA  SHYF 124 20160226 DG76-90W- 3PH 380V 380L-5 71M-S3-L\n\nREMITO 1238','ENTREGADO','1970-01-01 00:00:00',0,0.00),(23,81,'2021-10-27 15:20:00','BOMBA DE AGUA CENTRIF. TIPO CZ Z2 1HP \n A VERIFICAR\r28/10/2021 08:14-->nico :bobinado, rodamientos y sello','ENTREGADO',NULL,0,12600.00),(24,82,'2021-10-27 16:42:00','MAQUINA DE SOLDAR KOMMBERG TURBO 275\n220V/380V\n VER  ENCHUFE , FUNCIONAMIENTO\n\r29/10/2021 12:00-->ADMIN :CAMBIAR LLAVE Y REPARAR PUNTAS DE BOBINA','ENTREGADO',NULL,0,6300.00),(25,83,'2021-10-28 15:58:00','MOTOR 15 HP.  MANTENIMIENTO\n01/11/2021 10:46-->MAURO :bobinado 2 rodamiento 6311 bornera soldar ventilador en alumio cambiar toda la tornilleria motor 25hp\nRODAMIENTOS 6311 HAY EN STOCK','EN REPARACIÓN','1970-01-01 00:00:00',0,1.00),(26,84,'2021-10-29 11:18:00','VENTILADOR INDUSTRIAL. DESARMADO SIN PALETAS\n A VERIFICAR\r01/11/2021 06:27-->nico :Bobinar, rodamientos y cap. Faltan los 4 tornillos de sujeción de tapa.\r02/11/2021 13:44-->admin :se necesita colocar otro motor , dado que su reparac. es dudosa','EN REPARACIÓN',NULL,0,11000.00),(27,85,'2021-10-29 11:37:00','VENTILADOR INDUSTRIAL 28\" MODELO E-528 220V MARCA EIFFEL\nA VERIFICAR\n\r01/11/2021 07:11-->nico :cambiar rodamientos y cap.\r03/11/2021 09:47-->fabian :rebobinado rodamientos capacitor','ENTREGADO',NULL,0,6500.00),(28,86,'2021-10-29 10:53:00','ATORNILLADOR ELECTRICO MILWAUKEE\n A VERIFICAR\r29/10/2021 11:12-->NICO :FALLA EN LA PLACA, LO DEJO A TU CRITERIO...\r01/11/2021 15:08-->nico  :Se lo llevo Mauro (dueño)','CANCELADO',NULL,0,0.00),(29,87,'2021-10-29 15:50:00','TRAFO BOYERO \nA NUEVO \r01/11/2021 08:42-->MAURO :trafo de boyero ','CANCELADO',NULL,0,4900.00),(30,74,'2021-11-01 11:50:00','MOTOR MEZ MOHELMCE   N° 2356594 5,5 HP 380V\n A VERIFICAR\r01/11/2021 13:26-->MAURO :bobinado 5,5HP -RODAMIENTOS 6306-ARENADO Y PINTURA.\ncambiar 4 tornillos (3/8 x 50) con arandelas :8planas y 4grower.\r03/11/2021 16:34-->MAURI :FALTAN TORNILLOS , SEGÚN MUESTRA (4)\r04/11/2021 10:38-->NICO :bobinado, cambio de rodamientos tras extraer polea multiplican. armado y pintado. se cambiaron los tornillos de la base.','FINALIZADO','1970-01-01 00:00:00',0,1.00),(31,88,'2021-11-01 12:13:00','BOMBA PRACTIPOOL 0,7 KW 220 V\n ARRANCA Y SE TRABA \nA VERIFICAR\n02/11/2021 11:55-->admin :bobinado,rodamientos,capacitor,sello mecánico\n03/11/2021 16:32-->MAURI :ENTREGA VIERNES 15:00 HS. \n05/11/2021 07:19-->NICO :se bobino y se armo sin cambiar rodamientos ni sello. En el ensayo se escucho ok. ','ENTREGADO','1970-01-01 00:00:00',0,12300.00),(32,15,'2021-11-01 12:23:00','MOTOR REDANCE ELECTRIC 100 HP, 1470 RPM\r02/11/2021 11:52-->admin :cambiar rodamientos, lavado y secado, cambiar bornera, soldar ventilador \r04/11/2021 11:13-->MAURO :listo mantenimiento completo ','ENTREGADO',NULL,0,1.00),(33,15,'2021-11-01 12:25:00','MOTOR 30 HP  SIN BORNERA AL PARECER TIENE 2 VELOCIDADES\nA VERIFICAR\r03/11/2021 16:28-->MAURI :15 LITROS DE NAFTA\r03/11/2021 15:56-->MAURO :mantenimiento completo','ENTREGADO','1970-01-01 00:00:00',0,1.00),(34,89,'2021-11-01 15:41:00','PERFORADORA MAGNÉTICA  MAB 800. CON CAJA \nCALIENTO Y SALIO HUMO \nA VERIFICAR\n02/11/2021 07:44-->nico :bobinar campos (reforzar) y rodamientos','EN REPARACIÓN','2021-11-02 00:00:00',0,17600.00),(35,90,'2021-11-01 15:36:00','ROTO-MARTILLO GLADIATOR PRO RM 724 220V 850W \nNO TERCUTE, A VERIFICAR\r02/11/2021 06:16-->nico :Se ve todo ok.','ENTREGADO',NULL,0,0.00),(36,91,'2021-11-02 12:35:00','STATOR, ALTERNADOR MOTO VIRAGO\nA VERIFICAR\n02/11/2021 11:38-->nico :bobinado listo','ENTREGADO','2021-11-02 00:00:00',0,18000.00),(37,93,'2021-11-04 11:55:00','GENERADOR GAMMA 6500E\nNO GENERA, SIN BATERIA, NO ENCIENDE.\n A VERIFICAR','REVISIONAR',NULL,0,0.00),(38,92,'2021-11-04 11:56:00','GENERADOR LUSQTOFF LG 2500\nARRANCA BIEN , PERO NO GENERA','REVISIONAR',NULL,0,0.00),(39,94,'2021-11-04 12:01:00','BOMBA CZ Z1\n DEJO DE FUNCIONAR\n\r04/11/2021 11:17-->MAURO :bobinado z1 rodamientos sello cap encamizar eje\r09/11/2021 10:57-->MAURO :LISTO BOBINADO HECHO POR NICO\n','ENTREGADO',NULL,0,12200.00),(40,95,'2021-11-04 12:04:00','MOTOR DE HORMIGONERA MODELO HE 0,25 KW, 500W, 1450 RPM\n EN CORTO\r04/11/2021 11:16-->MAURO :bobinado 1/2hp rodamientos 6203 cap12,5uf','CANCELADO',NULL,0,11500.00),(41,96,'2021-11-04 14:10:00','VENTILADOR INDUSTRIAL SPAR MOD. 40058   220V\n\r08/11/2021 14:11-->fabian :rebobinado rodamientos cap. llave velocidades','ENTREGADO',NULL,0,11000.00),(42,97,'2021-11-05 10:12:00','MOTOR VENTILADOR DE COMPRESOR\n EN CORTO A VERIFICAR\n\nCONFIRMADO\nREMITO 1454\r12/11/2021 15:05--> MAURO: TERMINADO \nBOBINADO, CAMBIO DE RODAMIENTO CORTE DE ESTATOR CON EL TORNO Y VUELTO A TORNEAR.','ENTREGADO','2021-11-15 07:48:47',0,26300.00),(43,17,'2021-11-05 10:16:00','BOCHA DE REFRIGERACIÓN\nMT40-4VI  LE1008418510 MT40JH4EVE\n3X220V \r08/11/2021 07:50-->NICO :cambie conexión en bobinado de estrella a triangulo. \r08/11/2021 13:40-->MAURI :REMITO 1247','ENTREGADO',NULL,0,0.00),(44,98,'2021-11-08 08:51:00','MOTOR ABB MOTOR  MOT M2QA90S4A 1.27 KW 380V\nEN CORTO.\nCAFE DE LA PLAZA, LO NECESITAN PARA EL MIÉRCOLES A LA TARDE\n LE ENVIE LA PLACA DEL MOTOR A MIGUEL\r08/11/2021 08:30-->MAURO :bobinado rodamientos encamisar tapa\n','ENTREGADO','1970-01-01 00:00:00',0,16900.00),(45,99,'2021-11-08 11:26:00','BOMBA PRACTIPOOL ESPA  0,7 KW\nTIENE UNA PERDIDA DE AGUA\n AVERIFICAR\r08/11/2021 13:07-->MAURO :modificar turbina encamisar eje inox\n\r2021-11-12 14:52:17--> MAURI: CONFIRMADO\r15/11/2021 06:10--> MAURO: eje en el tornero','DEMORADO',NULL,0,9800.00),(46,17,'2021-11-08 13:59:00','MOTOR MEZ N° 3027121 KW 0,75 P 3 380/220 V \nEN CORTO A VERIFICAR\nLO ANTES POSIBLE ...\r08/11/2021 14:39-->MAURO :bobinado y rodamientos\r2021-11-11 11:31:49--> MAURI: CONFIRMADO\r2021-11-12 07:47:09--> MAURI: REMITO 1250','ENTREGADO','2021-11-15 08:32:47',0,16200.00),(47,17,'2021-11-08 14:16:00','MOTOR FORZADOR 1HP 380V \nA VERIFICAR\r09/11/2021 07:55-->MAURO :bobinado y rodamientos 6303\n\r2021-11-12 14:51:53--> MAURI: CONFIRMADO','EN REPARACIÓN','1970-01-01 00:00:00',0,22390.00),(48,17,'2021-11-08 14:17:00','MOTOR FORZADOR 1HP 380 V\n A VERIFICAR\r11/11/2021 13:44--> MAURO: RODAMIENTOS Y PINTURA\n\r2021-11-12 14:51:23--> MAURI: CONFIRMADO','ENTREGADO','2021-11-15 08:32:37',0,22980.00),(49,17,'2021-11-08 14:17:00','MOTOR FORZADOR 1HP 380V\n09/11/2021 07:54-->MAURO :bobinado y rodamientos 6303\n09/11/2021 07:54-->MAURO :bobinado y rodamientos 6303\n','EN REPARACIÓN','1970-01-01 00:00:00',0,22390.00),(50,17,'2021-11-08 14:18:00','MOTOR FORZADOR 1HP 380V\n AVERIFICAR\r11/11/2021 13:45--> MAURO: BOBINADO Y RODAMIENTOS\r2021-11-12 14:50:56--> MAURI: CONFIRMADO','EN REPARACIÓN',NULL,0,22980.00),(51,17,'2021-11-08 14:20:00','MOTOR FORZADOR 1HP 380V\nA VERIFICAR','REVISIONAR',NULL,0,0.00),(52,17,'2021-11-08 14:22:00','MOTOR FORZADOR 3/4 HP 380V\nA VERIFICAR','REVISIONAR',NULL,0,0.00),(53,17,'2021-11-08 14:23:00','MOTOR FORZADOR 3/4 HP 380V\nA VERIFICAR\r15/11/2021 13:26--> MAURO: BOBINADO Y RODAMIENTO \nPELADO LISTO PARA BOBINAR','PRESUPUESTAR',NULL,0,0.00),(54,17,'2021-11-08 14:23:00','MOTOR FORZADOR 1/2 HP 380V\n A VERIFICAR','REVISIONAR',NULL,0,0.00),(55,17,'2021-11-08 14:24:00','MOTOR FORZADOR 1/2 HP 380V\n AVERIFICAR\r11/11/2021 11:04--> MAURO: PELADO Y PREPARADO\r2021-11-12 14:50:20--> MAURI: CONFIRMADO','EN REPARACIÓN',NULL,0,19470.00),(56,17,'2021-11-08 14:29:00','MOTOR FORZADOR 1/2 HP 380V\n A VERIFICAR\r15/11/2021 13:25--> MAURO: BOBINADO Y RODAMIENTOS \nLISTO PARA BOBINAR','PRESUPUESTAR',NULL,0,0.00),(57,17,'2021-11-08 14:30:00','MOTOR FORZADOR 1/2 HP 380 V CON PALETAS\r15/11/2021 13:23--> MAURO: BOBINADO Y RODAMIENTOS \nYA ESTA PARA BOBINAR','PRESUPUESTAR',NULL,0,0.00),(58,44,'2021-11-09 09:50:00','EXTRACTOR CENTRIFUGO  \n0,2 KW 1250 R/MIN 380V\r10/11/2021 14:00-->MAURO :bobinado y rodamientos\r2021-11-11 11:31:06--> MAURI: CONFIRMADO\r11/11/2021 14:21--> MAURO: terminadoooo!!!! tritri!!!!!!!!!\r2021-11-12 07:54:36--> MAURI: REMITO 1452','ENTREGADO','2021-11-12 08:31:05',0,29600.00),(59,100,'2021-11-09 11:01:00','BOMBA ESPA SILEN 30M 2305077/STD 0,7KW\n EN CORTO  A VERIFICAR\n PARA EL VIERNES 12/11 16:00 \n10/11/2021 14:39-->Marcelo :bobinar, cambio de rodamientos 6202 y mantenimiento general\n12/11/2021 09:40--> admin: encamizar eje inoxidable, cambiar sello mecanico\n2021-11-11 11:30:45--> MAURI: CONFIRMADO','ENTREGADO','2021-11-11 16:17:01',0,14800.00),(60,44,'2021-11-09 12:18:00','ELECTROMAGNÉTICA 220V \nEN CORTO\n LO ANTES POSIBLE!!!\nZANABRIA 3364495940 \r09/11/2021 15:23-->MAURO :YA ESTA TERMINADO \r10/11/2021 14:06-->mauro :carrete:48-24\nesp:2250\ndiámetro de alambre:0,18','ENTREGADO','1970-01-01 00:00:00',0,1.00),(61,101,'2021-11-09 12:25:00','BOMBA SUMERGIBLE FLUVIAL MOD QPW 7505 220V 50 HZ 750 W\nA VERIFICAR\n \"ESTA DESARMADA\"\r11/11/2021 11:13--> MAURO: BOMBA SUMERGIBLE NÚCLEO NO DESCLAVABLE BOBINADO RODAMIENTO CAP ENCAMIZAR EJE Y CELLO MECANICO \r2021-11-12 11:05:39--> MAURI: EN ESPERA ','COTIZADO',NULL,0,14400.00),(62,102,'2021-11-09 12:55:00','MOTOR PORTON ELECTRICO\nMOTOR CZ CV 1/2  KW V/MIN 1450 220/380V \n EN CORTO A VERIFICAR\n09/11/2021 13:56-->Marcelo :BOBINADO, TAPAS, RODAMIENTOS.-\n2021-11-11 11:30:03--> MAURI: CONFIRMADO\n2021-11-12 07:49:39--> MAURI: REMITO 1451    \nPAGO','ENTREGADO','2021-11-12 08:30:43',0,11200.00),(63,103,'2021-11-10 10:10:00','BOMBA VULCANO BEA 050 0,5 HP/037 KW 220V 12,5 UF, 3,2 A 2850 RPM\nFUE ENTREGADA 15/10. BOBINADO, RODAMIENTO, SELLO MECÁNICO, Y CAPACITOR\n\"SE QUEDA TRABADA \" A VERIFICAR\r10/11/2021 16:14-->MAURI :CAMBIO DE CAP 12,5 UF (FABIAN)\r2021-11-11 15:03:51--> admin: Solo cambio de capacitor','ENTREGADO','2021-11-11 16:17:01',0,850.00),(64,44,'2021-11-10 10:15:00','TRAFO \"ELECTROMAGNÉTICA 220V\"\nCANTIDAD 4  CARRETE 4824\n A NUEVO\r11/11/2021 07:51--> MAURO: 2250 esp de alambre 0,18 \r11/11/2021 09:02--> MAURO: carrete 48--24 alambre 0,18 2250esp \n4 trafos nuevo sin nucleo \r2021-11-11 10:16:25--> admin: PRECIO TOTAL POR CUATRO UNIDADES\r2021-11-11 11:29:04--> MAURI: confirmado','EN REPARACIÓN',NULL,0,21000.00),(65,44,'2021-11-10 10:16:00','BOMBA VULCANO TIPO BAT 75-2  0,75HP / 055KW 220V 14UF 3,9 A\nEN CORTO A VERIFICAR\nTRAJO PARTE DEL MOTOR, SIN CAPOT(LO TIENE EL)\n LLAMAR A SANABRIA\r11/11/2021 08:56--> mauro: bobinado rodamientos cap\n0,75hp------6202-----12,5uf        \r2021-11-11 11:28:28--> MAURI: confirmado\r12/11/2021 12:11--> MAURO: PELEDO Y PREPARADA ','EN REPARACIÓN',NULL,0,14200.00),(66,57,'2021-11-10 10:53:00','CARGADOR DE BATERÍA DYNAMIC 620 (ROJO)\nNO ANDA','REVISIONAR',NULL,0,0.00),(67,104,'2021-11-10 11:24:00','MOTOR DE BOMBA HIDRAULICA, EQUIPO DESHIDRATADOR RELIANCE ELECTRIC 1,5 HP RPM 1725/1425 VOLTS 208/230 AMP 4,4/4,4 HZ 60/50 190-220/380-440V 50HZ\n PASAR PRESUPUESTO,,SI SE APRUEBA HACER FACTURA A\nHACE SALTAR TERMICAS\n10/11/2021 13:38-->Marcelo :mantenimiento general, cambio de rodamientos 6205, arenado y pintura\nRODAMIENTOS 6203, 6205\n2021-11-11 11:26:02--> MAURI: EN ESPERA, NO SE ARENA NI SE PINTA !!\n CONFIRMADO !!!!\n LE PASE DATOS A MIGUEL PARA FACTURA A\r12/11/2021 12:19--> Marcelo: Mantenimiento general, cambio de rodamientos','FINALIZADO','1970-01-01 00:00:00',0,9700.00),(68,105,'2021-11-10 14:45:00','VENTILADOR DE PIE ATMA (BLANCO) SIN PROTECCIÓN DELANTERA (LA TIENE EL) \n DEJO DE FUNCIONAR AVERIFICAR\r12/11/2021 08:46--> fabian: cambio de bujes cap\r2021-11-12 11:03:11--> MAURI: EN ESPERA !!!\r2021-11-12 12:43:05--> MAURI: CONFIRMADO\r12/11/2021 15:37--> fabian: LISTO','FINALIZADO',NULL,0,6600.00),(69,15,'2021-11-11 10:18:00','MOTOR CON BRIDA 30 KW  PLACA 101838','REVISIONAR',NULL,0,0.00),(70,106,'2021-11-11 11:54:00','NIWA GNW - 55 220V 50HZ 5.0 KVA 5.5 KV\nGASTA ACEITE\n PRIORIDAD, EN LO POIBLE','REVISIONAR',NULL,0,0.00),(71,24,'2021-11-11 11:57:00','BOMBA PERIFERICA CENTRIFUGA BTA 35L/M QB-80 220V 50HZ 370W\n\r15/11/2021 06:47--> MAURO: MANTENIMIENTO\nturbina doblada cambiar\n*cap (8uf)\n*rodanientos 6201 (eje 1/2)\n*sello mecanico eje 12 AF \n*arenado y pintura','EN REPARACIÓN',NULL,0,1.00),(72,73,'2021-11-11 12:18:00','BOMBA ROWA TANGO PRESS HP 0,50 KW 0,37 A2,6 IP 44 220V A 0078802\n EN CORTO \r12/11/2021 16:25--> MAURO          : BOBINADO CAP MANTENIMIENTO \r12/11/2021 16:25--> MAURO          : BOBINADO CAP MANTENIMIENTO \r2021-11-15 08:38:48--> MAURI: EN ESPERA','COTIZADO',NULL,0,21300.00),(73,107,'2021-11-11 14:33:00','VENTILADOR TIPO IND. NORNELL 220V 50HZ 0,4 A 26 \"\nDEJO DE FUNCIONAR  A VERIFICAR','REVISIONAR',NULL,0,0.00),(74,108,'2021-11-12 09:34:00','MAQUINA SELLADORA, LIPARI MOD 350 220V 50HZ 0,7A\n2021-11-12 10:50:00--> admin: trafo quemado 125x33 con derivaciones\nCONFIRMADO','ENTREGADO','2021-11-15 07:47:30',0,11200.00),(75,109,'2021-11-12 11:54:00','BORDIADORA SIN NOMBRE\nCALIENTA  PRESUPUESTO ','REVISIONAR',NULL,0,0.00),(76,41,'2021-11-12 11:55:00','STATOR SOLO CZ Z1\nEN CORTO\n2021-11-12 12:35:21--> MAURI: CONFIRMADO\n12/11/2021 14:04--> MAURO: BOMBA Z1 LN:77 PELADA Y PREPARADA','EN REPARACIÓN','1970-01-01 00:00:00',0,5200.00),(77,110,'2021-11-15 11:10:00','BOMA ERCOLE MARELLI TIPO PL 25/140 N|74133 ol/min 50/90 h.m 22/18 rpm 2830\n \"EL TIENE LA VOLUTA Y LA CAJA DE CONEXION\"\r15/11/2021 10:29--> MAURO: *BOBINADO cv:0,75\n*rodamientos(6203)x2\n*bornera\n*encamisar eje inox\n*sello mecanico 12AF','PRESUPUESTAR',NULL,0,0.00),(78,44,'2021-11-15 10:14:00','MOTOR MOTORARG MODEL MT 225S-4 KW 37 HP 50 RPM 1460 IP 55 N° 16010451111\nFALTAN, BULONERIA, CAJA DE CONEXION  ETC.....\r15/11/2021 13:39--> MAURO: *BINADO(50HP)\n*RODAMIENTOS (6313)X2\n*BULONES:\n_8 DE (3/8X80) CON GROWER\n_8DE (11X30) CON GROWER','PRESUPUESTAR',NULL,0,0.00),(79,44,'2021-11-15 10:17:00','BOMBA GRUNFO INOX 5,5 HP , FALTAN PIEZAS A VERIFICAR\r15/11/2021 13:16--> MAURO: MANTENIMIENTO:  \n*SELLO \n*RODAMIENTOS \n*TERMINALES \n*LIMPIEZA DE INOX VOLUTA\n*ENCAMISAR EJE\n*CAMBIAR ESPÁRRAGOS Y TORNILLOS DE VOLUTA ','PRESUPUESTAR','1970-01-01 00:00:00',0,0.00),(80,44,'2021-11-15 10:21:00','BOMBA GRUNFO 5,5 HP INOX  FALTAN PIEZAS A VERIFICAR','REVISIONAR','1970-01-01 00:00:00',0,0.00),(81,44,'2021-11-15 10:22:00','BOMA TIPO GRUNFO INOX FALTAN PIEZAS A VERIFICAR','REVISIONAR',NULL,0,0.00),(82,41,'2021-11-15 16:39:00','STATOR SOLO TIPO VULCANO NUCLEO 0,70 (CHINA)\n\nCONFIRMADA','REVISIONAR','1970-01-01 00:00:00',0,0.00);
/*!40000 ALTER TABLE `o_trabajos` ENABLE KEYS */;
UNLOCK TABLES;

--
-- Table structure for table `recibos`
--

DROP TABLE IF EXISTS `recibos`;
/*!40101 SET @saved_cs_client     = @@character_set_client */;
/*!40101 SET character_set_client = utf8 */;
CREATE TABLE `recibos` (
  `id` bigint(20) NOT NULL AUTO_INCREMENT,
  `id_empresa` bigint(20) NOT NULL,
  `id_cliente` int(11) NOT NULL,
  `fecha` date NOT NULL,
  `numero` bigint(20) NOT NULL,
  `total` decimal(20,2) NOT NULL,
  `obser` varchar(100) NOT NULL,
  `m_pago` varchar(30) NOT NULL,
  PRIMARY KEY (`id`)
) ENGINE=InnoDB AUTO_INCREMENT=14 DEFAULT CHARSET=utf8mb4;
/*!40101 SET character_set_client = @saved_cs_client */;

--
-- Dumping data for table `recibos`
--

LOCK TABLES `recibos` WRITE;
/*!40000 ALTER TABLE `recibos` DISABLE KEYS */;
INSERT INTO `recibos` VALUES (1,2,12,'2020-11-06',3,10.00,'UN JINJA','TRANSFERENCIA'),(2,2,12,'2020-11-06',1,5369.30,'un monje','EFECTIVO'),(4,1,12,'2020-11-06',3,10.00,'UN JINJA','TRANSFERENCIA'),(10,1,12,'2020-11-09',5,15.50,'Cosme Fulanito SRL  12/12/2020  BANCO MACRO  45689/','CHEQUE'),(11,1,12,'2021-05-06',6,500.00,'koka','EFECTIVO'),(12,1,9,'2021-05-07',7,55.00,'','EFECTIVO'),(13,1,9,'2021-06-24',8,3000.00,'','EFECTIVO');
/*!40000 ALTER TABLE `recibos` ENABLE KEYS */;
UNLOCK TABLES;

--
-- Table structure for table `rubros`
--

DROP TABLE IF EXISTS `rubros`;
/*!40101 SET @saved_cs_client     = @@character_set_client */;
/*!40101 SET character_set_client = utf8 */;
CREATE TABLE `rubros` (
  `id_rubro` int(11) NOT NULL AUTO_INCREMENT,
  `rubro` varchar(30) NOT NULL,
  `id_empresa` bigint(20) NOT NULL,
  PRIMARY KEY (`id_rubro`),
  UNIQUE KEY `rubros_un` (`rubro`)
) ENGINE=InnoDB AUTO_INCREMENT=11 DEFAULT CHARSET=utf8mb4;
/*!40101 SET character_set_client = @saved_cs_client */;

--
-- Dumping data for table `rubros`
--

LOCK TABLES `rubros` WRITE;
/*!40000 ALTER TABLE `rubros` DISABLE KEYS */;
INSERT INTO `rubros` VALUES (1,'ALMACÉN',1),(2,'VERDULERÍA',1),(8,'PRUEBA',1),(9,'KEVIN',7),(10,'URRACAS',7);
/*!40000 ALTER TABLE `rubros` ENABLE KEYS */;
UNLOCK TABLES;

--
-- Table structure for table `trabajos`
--

DROP TABLE IF EXISTS `trabajos`;
/*!40101 SET @saved_cs_client     = @@character_set_client */;
/*!40101 SET character_set_client = utf8 */;
CREATE TABLE `trabajos` (
  `id_ot` int(11) NOT NULL,
  `desc_job` varchar(5000) DEFAULT NULL,
  `hs_trab` int(11) DEFAULT NULL,
  `id_job` int(11) NOT NULL AUTO_INCREMENT,
  `id_clie` int(11) NOT NULL,
  `estado` varchar(100) DEFAULT NULL,
  `fecha` datetime DEFAULT NULL,
  PRIMARY KEY (`id_job`)
) ENGINE=InnoDB AUTO_INCREMENT=113 DEFAULT CHARSET=utf8mb4;
/*!40101 SET character_set_client = @saved_cs_client */;

--
-- Dumping data for table `trabajos`
--

LOCK TABLES `trabajos` WRITE;
/*!40000 ALTER TABLE `trabajos` DISABLE KEYS */;
INSERT INTO `trabajos` VALUES (1,'bobinar ',4,1,0,'PRESUPUESTAR','2021-11-02 17:10:00'),(1,'boinado',5,3,0,'EN REPARACIÓN','2021-11-07 18:00:00'),(1,'terminad',1,4,0,'FINALIZADO','2021-11-07 18:01:00'),(4,'desarmar , enderezar eje, cambio de rodamientos,arenar y pintar',1,5,0,'PRESUPUESTAR','2021-11-09 15:21:00'),(3,'desarmar armar, endezar eje',1,6,0,'PRESUPUESTAR','2021-11-09 15:22:00'),(4,'ver neutro',1,7,0,'PRESUPUESTAR','2021-11-10 06:02:00'),(2,'lavar, secado, reparación en bornera. cambiar rodamientos.',6,8,0,'PRESUPUESTAR','2021-11-10 06:12:00'),(5,'rebobinar',8,9,0,'PRESUPUESTAR','2021-11-10 06:13:00'),(5,'hacer molde',2,10,0,'EN REPARACIÓN','2021-11-10 06:15:00'),(7,'cambio de bujes y mantenimiento',1,11,0,'REVISIONAR','2021-11-13 07:10:00'),(7,'cambio de capacitor',1,12,0,'REVISIONAR','2021-11-13 07:11:00'),(7,'rre',1,13,0,'PRESUPUESTAR','2021-11-13 07:12:00'),(8,'cambio de bujes por rodamientos\n\n\n\n\n\n\n\n\n',-1,15,0,'REVISIONAR','2021-11-13 11:56:00'),(12,'  ventilador industrial ',1,16,0,'PRESUPUESTAR','2021-11-13 14:13:00'),(12,'correccion a ventilador ind.',2,18,0,'PRESUPUESTAR','2021-10-26 08:56:00'),(13,'cambiar centrifugo, armardo completo , llego desarmado ,cambio de capacitor,pintura',3,19,0,'PRESUPUESTAR','2021-11-14 14:22:00'),(10,'Miguel mando foto al proveedor consultando pieza y modelo',1,20,0,'PRESUPUESTAR','2021-10-25 14:26:00'),(11,'Inducido en corto. \nTiene los resortes que agarran los campos con los porta carbones fundidos( si se consiguen pedirlos).\nMantenimiento Gral.',1,21,0,'PRESUPUESTAR','2021-10-26 14:27:00'),(13,'soldar tapa ',1,22,0,'PRESUPUESTAR','2021-10-26 14:33:00'),(12,'Se clavo el pistón y rompió el sist. de golpe y rotación. Dar de baja o enviar a bosch',1,23,0,'PRESUPUESTAR','2021-10-26 14:38:00'),(9,'modifique la cabeza de coneccion porque no entraba la placa de diodos.\npinte con barniz de terminación en su totalidad para tapar marcas de calentamiento provocadas por la pistola de calor y horno',2,24,0,'PRESUPUESTAR','2021-10-26 08:41:00'),(14,'bobinado en corto',1,25,0,'PRESUPUESTAR','2021-10-26 15:42:00'),(12,'se envia a pedir precio a Bosch',1,26,0,'DEMORADO','2021-10-26 16:09:00'),(14,'se coloca en chatarra dado que pason 3años ',1,27,0,'CANCELADO','2021-10-26 16:17:00'),(15,'Bobinado',2,28,0,'PRESUPUESTAR','2021-10-27 06:10:00'),(13,'listo',1,29,0,'FINALIZADO','2021-10-27 07:57:00'),(19,'RODAMIENTO CAP CELLO MANTENIMIENTO COMPLETO',1,30,0,'PRESUPUESTAR','2021-10-27 11:22:00'),(20,'bobinado',-1,31,0,'PRESUPUESTAR','2021-10-27 11:42:00'),(15,'listo',2,32,0,'FINALIZADO','2021-10-27 11:47:00'),(9,'listo',1,33,0,'FINALIZADO','2021-10-27 11:49:00'),(4,'saque 1 cable de la punta de estrella',1,34,0,'EN REPARACIÓN','2021-10-27 11:52:00'),(4,'eje en el tornero',1,35,0,'DEMORADO','2021-10-27 11:55:00'),(3,'eje en el tornero',1,36,0,'DEMORADO','2021-10-27 11:56:00'),(23,'bobinado, rodamientos y sello',1,37,0,'PRESUPUESTAR','2021-10-28 08:14:00'),(24,'CAMBIAR LLAVE Y REPARAR PUNTAS DE BOBINA',4,38,0,'PRESUPUESTAR','2021-10-29 12:00:00'),(18,'BOBINADO',10,39,0,'PRESUPUESTAR','2021-10-29 12:03:00'),(28,'FALLA EN LA PLACA, LO DEJO A TU CRITERIO...',1,40,0,'PRESUPUESTAR','2021-10-29 11:12:00'),(20,'largo de Nucleo:???\n',1,41,0,'REVISIONAR','2021-10-30 15:18:00'),(26,'Bobinar, rodamientos y cap. Faltan los 4 tornillos de sujeción de tapa.',1,42,0,'PRESUPUESTAR','2021-11-01 06:27:00'),(20,'60mm de largo de núcleo.',1,43,0,'PRESUPUESTAR','2021-11-01 06:33:00'),(27,'cambiar rodamientos y cap.',1,44,0,'PRESUPUESTAR','2021-11-01 07:11:00'),(29,'trafo de boyero ',1,45,0,'PRESUPUESTAR','2021-11-01 08:42:00'),(19,'cambie rod. y sello... LISTA!!',1,46,0,'FINALIZADO','2021-11-01 10:17:00'),(25,'bobinado dos rodamiento 6311 bornera soldar ventilador en alumio cambiar toda la tornilleria motor 25hp',1,47,0,'PRESUPUESTAR','2021-11-01 10:46:00'),(32,'cambiar rodamientos, lavado y secado, cambiar bornera, soldar ventilador ',8,48,0,'PRESUPUESTAR','2021-11-02 11:52:00'),(31,'bobinado,rodamientos,capacitor,sello mecánico',8,49,0,'PRESUPUESTAR','2021-11-02 11:55:00'),(30,'bobinado 5,5HP -RODAMIENTOS 6306-ARENADO Y PINTURA.\ncambiar 4 tornillos (3/8 x 50) con arandelas :8planas y 4grower.',1,50,0,'PRESUPUESTAR','2021-11-01 13:26:00'),(28,'Se lo llevo Mauro (dueño)',1,51,0,'CANCELADO','2021-11-01 15:08:00'),(35,'Se ve todo ok.',1,52,0,'PRESUPUESTAR','2021-11-02 06:16:00'),(34,'bobinar campos (reforzar) y rodamientos.',1,53,0,'PRESUPUESTAR','2021-11-02 07:44:00'),(36,'bobinado listo',1,54,0,'PRESUPUESTAR','2021-11-02 11:38:00'),(21,'reparar bobina secundaria, hacer salidas nuevas ,cambiar  bulones de bronce nuevos, cable y pinsa de masa,pintura',6,55,0,'PRESUPUESTAR','2021-11-02 13:39:00'),(26,'se necesita colocar otro motor , dado que su reparac. es dudosa',4,56,0,'PRESUPUESTAR','2021-11-02 13:44:00'),(16,'reparar bobina de exitacion, desarmar y arme del equipo, 1litor de nafta, ensayos',4,57,0,'PRESUPUESTAR','2021-11-04 09:31:00'),(16,'ANTES DE PASAR PRECIO LLAMAR PARA QUE VEA SI ASÍ GENERA LO DESEADO',1,58,0,'COTIZADO','2021-11-04 09:34:00'),(27,'rebobinado rodamientos capacitor',3,59,0,'FINALIZADO','2021-11-03 09:47:00'),(33,'15 LITROS DE NAFTA',1,60,0,'EN REPARACIÓN','2021-11-03 16:28:00'),(31,'ENTREGA VIERNES 15:00 HS. ',1,61,0,'EN REPARACIÓN','2021-11-03 16:32:00'),(30,'FALTAN TORNILLOS , SEGÚN MUESTRA (4)',1,62,0,'EN REPARACIÓN','2021-11-03 16:34:00'),(33,'mantenimiento completo',7,63,0,'FINALIZADO','2021-11-03 15:56:00'),(30,'bobinado, cambio de rodamientos tras extraer polea multiplican. armado y pintado. se cambiaron los tornillos de la base.',1,64,0,'FINALIZADO','2021-11-04 10:38:00'),(32,'listo mantenimiento completo ',15,65,0,'FINALIZADO','2021-11-04 11:13:00'),(40,'bobinado 1/2hp rodamientos 6203 cap12,5uf',1,66,0,'PRESUPUESTAR','2021-11-04 11:16:00'),(39,'bobinado z1 rodamientos sello cap encamizar eje',1,67,0,'PRESUPUESTAR','2021-11-04 11:17:00'),(31,'se bobino y se armo sin cambiar rodamientos ni sello. En el ensayo se escucho ok. ',1,68,0,'FINALIZADO','2021-11-05 07:19:00'),(6,'LO TIENE ROBER ..',1,69,0,'REVISIONAR','2021-11-08 07:11:00'),(43,'cambie conexión en bobinado de estrella a triangulo. ',1,70,0,'PRESUPUESTAR','2021-11-08 07:50:00'),(44,'bobinado rodamientos encamisar tapa\n',1,71,0,'PRESUPUESTAR','2021-11-08 08:30:00'),(43,'REMITO 1247',1,72,0,'PRESUPUESTAR','2021-11-08 13:40:00'),(45,'modificar turbina encamisar eje inox\n',1,73,0,'PRESUPUESTAR','2021-11-08 13:07:00'),(41,'rebobinado rodamientos cap. llave velocidades',1,74,0,'PRESUPUESTAR','2021-11-08 14:11:00'),(46,'bobinado y rodamientos',1,75,0,'PRESUPUESTAR','2021-11-08 14:39:00'),(49,'bobinado y rodamientos 6303',1,76,0,'PRESUPUESTAR','2021-11-09 07:54:00'),(49,'bobinado y rodamientos 6303',1,77,0,'PRESUPUESTAR','2021-11-09 07:54:00'),(47,'bobinado y rodamientos 6303\n',1,78,0,'PRESUPUESTAR','2021-11-09 07:55:00'),(39,'LISTO BOBINADO HECHO POR NICO\n',10,79,0,'FINALIZADO','2021-11-09 10:57:00'),(8,'NO SE REALIZO EL TRABAJO, PRESUPUESTO ALTO',1,80,0,'EN REPARACIÓN','2021-11-09 13:53:00'),(62,'BOBINADO, TAPAS, RODAMIENTOS.-',1,81,0,'PRESUPUESTAR','2021-11-09 13:56:00'),(60,'YA ESTA TERMINADO ',1,82,0,'PRESUPUESTAR','2021-11-09 15:23:00'),(67,'mantenimiento general, cambio de rodamientos 6205, arenado y pintura',3,83,0,'PRESUPUESTAR','2021-11-10 13:38:00'),(58,'bobinado y rodamientos',1,84,0,'PRESUPUESTAR','2021-11-10 14:00:00'),(60,'carrete:48-24\nesp:2250\ndiámetro de alambre:0,18',1,85,0,'FINALIZADO','2021-11-10 14:06:00'),(59,'bobinar, cambio de rodamientos 6202 y mantenimiento general',1,86,0,'PRESUPUESTAR','2021-11-10 14:39:00'),(63,'CAMBIO DE CAP 12,5 UF (FABIAN)',1,87,0,'PRESUPUESTAR','2021-11-10 16:14:00'),(64,'2250 esp de alambre 0,18 ',1,88,0,'REVISIONAR','2021-11-11 07:51:00'),(65,'bobinado rodamientos cap\n0,75hp------6202-----12,5uf        ',1,89,0,'PRESUPUESTAR','2021-11-11 08:56:00'),(64,'carrete 48--24 alambre 0,18 2250esp \n4 trafos nuevo sin nucleo ',1,90,0,'PRESUPUESTAR','2021-11-11 09:02:00'),(59,'encamizar eje inoxidable, cambiar sello mecanico',2,91,0,'PRESUPUESTAR','2021-11-12 09:40:00'),(55,'PELADO Y PREPARADO',1,92,0,'PRESUPUESTAR','2021-11-11 11:04:00'),(61,'BOMBA SUMERGIBLE NÚCLEO NO DESCLAVABLE BOBINADO RODAMIENTO CAP ENCAMIZAR EJE Y CELLO MECANICO ',1,93,0,'PRESUPUESTAR','2021-11-11 11:13:00'),(48,'RODAMIENTOS Y PINTURA\n',1,94,0,'PRESUPUESTAR','2021-11-11 13:44:00'),(50,'BOBINADO Y RODAMIENTOS',1,95,0,'PRESUPUESTAR','2021-11-11 13:45:00'),(58,'terminadoooo!!!! tritri!!!!!!!!!',1,96,0,'FINALIZADO','2021-11-11 14:21:00'),(68,'cambio de bujes cap',0,97,0,'PRESUPUESTAR','2021-11-12 08:46:00'),(65,'PELEDO Y PREPARADA ',1,98,0,'EN REPARACIÓN','2021-11-12 12:11:00'),(67,'Mantenimiento general, cambio de rodamientos',3,99,0,'FINALIZADO','2021-11-12 12:19:00'),(76,'BOMBA Z1 LN:77 PELADA Y PREPARADA',1,100,0,'PRESUPUESTAR','2021-11-12 14:04:00'),(42,'TERMINADO \nBOBINADO, CAMBIO DE RODAMIENTO CORTE DE ESTATOR CON EL TORNO Y VUELTO A TORNEAR.',1,101,0,'PRESUPUESTAR','2021-11-12 15:05:00'),(72,'BOBINADO CAP MANTENIMIENTO ',1,102,0,'PRESUPUESTAR','2021-11-12 16:25:00'),(72,'BOBINADO CAP MANTENIMIENTO ',1,103,0,'PRESUPUESTAR','2021-11-12 16:25:00'),(68,'LISTO',2,104,0,'FINALIZADO','2021-11-12 15:37:00'),(45,'eje en el tornero',1,105,0,'DEMORADO','2021-11-15 06:10:00'),(71,'MANTENIMIENTO\nturbina doblada cambiar\n*cap (8uf)\n*rodanientos 6201 (eje 1/2)\n*sello mecanico eje 12 AF \n*arenado y pintura',1,106,0,'PRESUPUESTAR','2021-11-15 06:47:00'),(77,'*BOBINADO cv:0,75\n*rodamientos(6203)x2\n*bornera\n*encamisar eje inox\n*sello mecanico 12AF',1,107,0,'PRESUPUESTAR','2021-11-15 10:29:00'),(79,'MANTENIMIENTO:  \n*SELLO \n*RODAMIENTOS \n*TERMINALES \n*LIMPIEZA DE INOX VOLUTA\n*ENCAMISAR EJE\n*CAMBIAR ESPÁRRAGOS Y TORNILLOS DE VOLUTA ',1,108,0,'PRESUPUESTAR','2021-11-15 13:16:00'),(57,'BOBINADO Y RODAMIENTOS \nYA ESTA PARA BOBINAR',1,109,0,'PRESUPUESTAR','2021-11-15 13:23:00'),(56,'BOBINADO Y RODAMIENTOS \nLISTO PARA BOBINAR',1,110,0,'PRESUPUESTAR','2021-11-15 13:25:00'),(53,'BOBINADO Y RODAMIENTO \nPELADO LISTO PARA BOBINAR',1,111,0,'PRESUPUESTAR','2021-11-15 13:26:00'),(78,'*BINADO(50HP)\n*RODAMIENTOS (6313)X2\n*BULONES:\n_8 DE (3/8X80) CON GROWER\n_8DE (11X30) CON GROWER',1,112,0,'PRESUPUESTAR','2021-11-15 13:39:00');
/*!40000 ALTER TABLE `trabajos` ENABLE KEYS */;
UNLOCK TABLES;

--
-- Table structure for table `usuarios`
--

DROP TABLE IF EXISTS `usuarios`;
/*!40101 SET @saved_cs_client     = @@character_set_client */;
/*!40101 SET character_set_client = utf8 */;
CREATE TABLE `usuarios` (
  `id_usuario` int(11) NOT NULL AUTO_INCREMENT,
  `usuario` varchar(100) NOT NULL,
  `password` varchar(100) NOT NULL,
  `nivel` varchar(100) DEFAULT NULL,
  `otros` varchar(4000) DEFAULT NULL,
  PRIMARY KEY (`id_usuario`)
) ENGINE=InnoDB AUTO_INCREMENT=8 DEFAULT CHARSET=utf8mb4;
/*!40101 SET character_set_client = @saved_cs_client */;

--
-- Dumping data for table `usuarios`
--

LOCK TABLES `usuarios` WRITE;
/*!40000 ALTER TABLE `usuarios` DISABLE KEYS */;
INSERT INTO `usuarios` VALUES (1,'admin','admin','admin',NULL),(2,'NICO','MOT126',NULL,NULL),(3,'MAURO','MOT598','',NULL),(4,'MARCELO','DES421','',NULL),(5,'FABIAN','BOB396',NULL,NULL),(6,'RAMI','TRA739',NULL,NULL),(7,'MAURI','OFI329','supervisor',NULL);
/*!40000 ALTER TABLE `usuarios` ENABLE KEYS */;
UNLOCK TABLES;
/*!40103 SET TIME_ZONE=@OLD_TIME_ZONE */;

/*!40101 SET SQL_MODE=@OLD_SQL_MODE */;
/*!40014 SET FOREIGN_KEY_CHECKS=@OLD_FOREIGN_KEY_CHECKS */;
/*!40014 SET UNIQUE_CHECKS=@OLD_UNIQUE_CHECKS */;
/*!40101 SET CHARACTER_SET_CLIENT=@OLD_CHARACTER_SET_CLIENT */;
/*!40101 SET CHARACTER_SET_RESULTS=@OLD_CHARACTER_SET_RESULTS */;
/*!40101 SET COLLATION_CONNECTION=@OLD_COLLATION_CONNECTION */;
/*!40111 SET SQL_NOTES=@OLD_SQL_NOTES */;

-- Dump completed on 2021-11-15 17:58:51
