-- MariaDB dump 10.17  Distrib 10.4.11-MariaDB, for Win64 (AMD64)
--
-- Host: localhost    Database: taller
-- ------------------------------------------------------
-- Server version	10.4.11-MariaDB

/*!40101 SET @OLD_CHARACTER_SET_CLIENT=@@CHARACTER_SET_CLIENT */;
/*!40101 SET @OLD_CHARACTER_SET_RESULTS=@@CHARACTER_SET_RESULTS */;
/*!40101 SET @OLD_COLLATION_CONNECTION=@@COLLATION_CONNECTION */;
/*!40101 SET NAMES utf8mb4 */;
/*!40103 SET @OLD_TIME_ZONE=@@TIME_ZONE */;
/*!40103 SET TIME_ZONE='+00:00' */;
/*!40014 SET @OLD_UNIQUE_CHECKS=@@UNIQUE_CHECKS, UNIQUE_CHECKS=0 */;
/*!40014 SET @OLD_FOREIGN_KEY_CHECKS=@@FOREIGN_KEY_CHECKS, FOREIGN_KEY_CHECKS=0 */;
/*!40101 SET @OLD_SQL_MODE=@@SQL_MODE, SQL_MODE='NO_AUTO_VALUE_ON_ZERO' */;
/*!40111 SET @OLD_SQL_NOTES=@@SQL_NOTES, SQL_NOTES=0 */;

--
-- Table structure for table `articulos`
--

DROP TABLE IF EXISTS `articulos`;
/*!40101 SET @saved_cs_client     = @@character_set_client */;
/*!40101 SET character_set_client = utf8 */;
CREATE TABLE `articulos` (
  `id_art` int(11) NOT NULL AUTO_INCREMENT,
  `codigo` varchar(12) NOT NULL,
  `articulo` varchar(150) NOT NULL,
  `id_rubro` int(11) NOT NULL,
  `costo` decimal(12,2) NOT NULL,
  `precio1` decimal(12,2) NOT NULL,
  `precio2` decimal(12,2) NOT NULL,
  `iva` decimal(6,2) NOT NULL,
  `id_empresa` int(11) NOT NULL,
  PRIMARY KEY (`id_art`)
) ENGINE=InnoDB AUTO_INCREMENT=19 DEFAULT CHARSET=utf8mb4;
/*!40101 SET character_set_client = @saved_cs_client */;

--
-- Dumping data for table `articulos`
--

LOCK TABLES `articulos` WRITE;
/*!40000 ALTER TABLE `articulos` DISABLE KEYS */;
INSERT INTO `articulos` VALUES (3,'3','MAZANA',2,40.00,180.00,70.00,0.00,1),(5,'4','BANANA',1,0.00,160.00,0.00,21.00,1),(6,'5','NARANJA',2,50.00,120.00,0.00,0.00,1),(7,'6','TOMATE ',2,0.00,73.00,0.00,0.00,1),(9,'911111141111','PERA',2,0.00,120.00,0.00,21.00,1),(17,'4','MONJES BUDISTAS',9,43.00,4.00,4.00,0.00,7),(18,'5.0','MONJES BUDISTAS 99',9,34.00,34.00,34.00,10.50,7);
/*!40000 ALTER TABLE `articulos` ENABLE KEYS */;
UNLOCK TABLES;

--
-- Table structure for table `cdiva`
--

DROP TABLE IF EXISTS `cdiva`;
/*!40101 SET @saved_cs_client     = @@character_set_client */;
/*!40101 SET character_set_client = utf8 */;
CREATE TABLE `cdiva` (
  `codigo` smallint(6) NOT NULL,
  `cond_iva` text NOT NULL,
  PRIMARY KEY (`codigo`)
) ENGINE=InnoDB DEFAULT CHARSET=utf8mb4;
/*!40101 SET character_set_client = @saved_cs_client */;

--
-- Dumping data for table `cdiva`
--

LOCK TABLES `cdiva` WRITE;
/*!40000 ALTER TABLE `cdiva` DISABLE KEYS */;
INSERT INTO `cdiva` VALUES (1,'Resp. Inscripto  '),(2,'Resp. No Inscri. '),(3,'No Responsable   '),(4,'Exento           '),(5,'Consumidor Final '),(6,'Resp.Monotributo ');
/*!40000 ALTER TABLE `cdiva` ENABLE KEYS */;
UNLOCK TABLES;

--
-- Table structure for table `clientes`
--

DROP TABLE IF EXISTS `clientes`;
/*!40101 SET @saved_cs_client     = @@character_set_client */;
/*!40101 SET character_set_client = utf8 */;
CREATE TABLE `clientes` (
  `id` int(11) NOT NULL AUTO_INCREMENT,
  `cliente` varchar(50) NOT NULL,
  `domicilio` varchar(50) NOT NULL,
  `telefonos` varchar(50) NOT NULL,
  `email` varchar(80) NOT NULL,
  `cuit` varchar(13) NOT NULL,
  `iva` smallint(6) NOT NULL,
  `localidad` varchar(50) NOT NULL,
  `cp` varchar(10) NOT NULL,
  `id_empresa` bigint(20) NOT NULL,
  `dni` varchar(10) NOT NULL,
  `cl_web` varchar(10) NOT NULL,
  PRIMARY KEY (`id`)
) ENGINE=InnoDB AUTO_INCREMENT=15 DEFAULT CHARSET=utf8mb4;
/*!40101 SET character_set_client = @saved_cs_client */;

--
-- Dumping data for table `clientes`
--

LOCK TABLES `clientes` WRITE;
/*!40000 ALTER TABLE `clientes` DISABLE KEYS */;
INSERT INTO `clientes` VALUES (9,'TIZZANO NICOLAS','TERRAZON 307  NTIZZANO@HOTMAIL.COM','0336 4513496','pablogustavore@gmail.com','23-24714751-9',1,'SAN NICOLAS','2900',1,'24714751','522'),(11,'RE PABLO GUSTAVO','GERÓNIMO COSTA 34 BIS','03364537093','pablogustavore@gmail.com','20-20385210-0',1,'SAN NICOLAS','2900',1,'','638'),(12,'BUITER CINTIA CECILIA ','GERÓNIMO COSTA 34 BIS','03364312416','ceciliabuiter67@gmail.com','20-20385210-0',5,'SAN NICOLAS','2900aaaaaa',1,'20385210','696'),(13,'JUAN CARLOS','TERRASSON 357','336451349','ntizzano@gmail.com','30-99900513-2',1,'SAN NICOLAS','2900',7,'1234569','754'),(14,'BUITER CINTIA CECILIA','GERÓNIMO COSTA 34 BIS','03364312416','ceciliabuiter67@gmail.com','',5,'SAN NICOLAS','2900',7,'27045505','812');
/*!40000 ALTER TABLE `clientes` ENABLE KEYS */;
UNLOCK TABLES;

--
-- Table structure for table `cod_afip`
--

DROP TABLE IF EXISTS `cod_afip`;
/*!40101 SET @saved_cs_client     = @@character_set_client */;
/*!40101 SET character_set_client = utf8 */;
CREATE TABLE `cod_afip` (
  `cod_afip` int(11) NOT NULL,
  `id_iva` int(11) NOT NULL,
  `letra` varchar(3) NOT NULL,
  `id_iva_compra` int(11) NOT NULL,
  `cod_afip_t` varchar(3) NOT NULL,
  `id_tipo_comp` int(11) NOT NULL COMMENT '1 fac 2 nd 3 nc',
  `id` int(11) NOT NULL AUTO_INCREMENT,
  PRIMARY KEY (`id`)
) ENGINE=InnoDB AUTO_INCREMENT=62 DEFAULT CHARSET=utf8mb4;
/*!40101 SET character_set_client = @saved_cs_client */;

--
-- Dumping data for table `cod_afip`
--

LOCK TABLES `cod_afip` WRITE;
/*!40000 ALTER TABLE `cod_afip` DISABLE KEYS */;
INSERT INTO `cod_afip` VALUES (1,1,'A',1,'001',1,1),(2,1,'A',1,'002',2,2),(3,1,'A',1,'003',3,3),(6,1,'B',2,'006',1,4),(7,1,'B',2,'007',2,5),(8,1,'B',2,'008',3,6),(11,6,'C',1,'011',1,7),(12,6,'C',1,'012',2,8),(13,6,'C',1,'013',3,9),(6,1,'B',3,'006',1,10),(6,1,'B',4,'006',1,11),(6,1,'B',5,'006',1,12),(6,1,'B',6,'006',1,13),(7,1,'B',3,'007',2,14),(7,1,'B',4,'007',2,15),(7,1,'B',5,'007',2,16),(7,1,'B',6,'007',2,17),(8,1,'B',3,'008',3,18),(8,1,'B',4,'008',3,19),(8,1,'B',5,'008',3,20),(8,1,'B',6,'008',3,21),(11,6,'C',2,'011',1,22),(12,6,'C',2,'012',2,23),(13,6,'C',2,'013',3,24),(11,6,'C',3,'011',1,25),(12,6,'C',3,'012',2,26),(13,6,'C',3,'013',3,27),(12,6,'C',4,'012',2,28),(13,6,'C',4,'013',3,29),(11,6,'C',4,'011',1,30),(12,6,'C',5,'012',2,31),(13,6,'C',5,'013',3,32),(11,6,'C',5,'011',1,33),(12,6,'C',6,'012',2,34),(13,6,'C',6,'013',3,35),(11,6,'C',6,'011',1,36),(11,4,'C',1,'011',1,44),(12,4,'C',1,'012',2,45),(13,4,'C',1,'013',3,46),(11,4,'C',2,'011',1,47),(12,4,'C',2,'012',2,48),(13,4,'C',2,'013',3,49),(11,4,'C',3,'011',1,50),(12,4,'C',3,'012',2,51),(13,4,'C',3,'013',3,52),(12,4,'C',4,'012',2,53),(13,4,'C',4,'013',3,54),(11,4,'C',4,'011',1,55),(12,4,'C',5,'012',2,56),(13,4,'C',5,'013',3,57),(11,4,'C',5,'011',1,58),(12,4,'C',6,'012',2,59),(13,4,'C',6,'013',3,60),(11,4,'C',6,'011',1,61);
/*!40000 ALTER TABLE `cod_afip` ENABLE KEYS */;
UNLOCK TABLES;

--
-- Table structure for table `empresa_punto`
--

DROP TABLE IF EXISTS `empresa_punto`;
/*!40101 SET @saved_cs_client     = @@character_set_client */;
/*!40101 SET character_set_client = utf8 */;
CREATE TABLE `empresa_punto` (
  `id_empresa` int(11) NOT NULL,
  `punto` int(11) NOT NULL,
  `tipo` int(11) NOT NULL,
  `ultimo` int(11) NOT NULL
) ENGINE=InnoDB DEFAULT CHARSET=utf8mb4;
/*!40101 SET character_set_client = @saved_cs_client */;

--
-- Dumping data for table `empresa_punto`
--

LOCK TABLES `empresa_punto` WRITE;
/*!40000 ALTER TABLE `empresa_punto` DISABLE KEYS */;
INSERT INTO `empresa_punto` VALUES (1,13,1,46);
/*!40000 ALTER TABLE `empresa_punto` ENABLE KEYS */;
UNLOCK TABLES;

--
-- Table structure for table `empresas`
--

DROP TABLE IF EXISTS `empresas`;
/*!40101 SET @saved_cs_client     = @@character_set_client */;
/*!40101 SET character_set_client = utf8 */;
CREATE TABLE `empresas` (
  `id_empresa` bigint(20) NOT NULL AUTO_INCREMENT,
  `razon_soc` varchar(50) NOT NULL,
  `cuit` varchar(13) NOT NULL,
  `direccion` varchar(50) NOT NULL,
  `email` varchar(100) NOT NULL,
  `datos` varchar(4000) NOT NULL,
  `clave` varchar(20) NOT NULL,
  `certi_ruta` varchar(100) NOT NULL,
  `certi_nombre` varchar(100) NOT NULL,
  `puerto_fe` int(11) NOT NULL,
  `ruta_comun` varchar(100) NOT NULL,
  `cond_iva` int(11) NOT NULL,
  `ult_comp` int(11) NOT NULL DEFAULT 1,
  `fe_ini_act` varchar(10) NOT NULL,
  `nro_iibb` varchar(20) NOT NULL,
  `localidad` varchar(70) NOT NULL,
  `provincia` varchar(50) NOT NULL,
  `cp` int(11) NOT NULL,
  PRIMARY KEY (`id_empresa`),
  UNIQUE KEY `empresas_id_empresa_idx` (`id_empresa`) USING BTREE,
  UNIQUE KEY `empresas_cuit_IDX` (`cuit`) USING BTREE
) ENGINE=InnoDB AUTO_INCREMENT=8 DEFAULT CHARSET=utf8mb4;
/*!40101 SET character_set_client = @saved_cs_client */;

--
-- Dumping data for table `empresas`
--

LOCK TABLES `empresas` WRITE;
/*!40000 ALTER TABLE `empresas` DISABLE KEYS */;
INSERT INTO `empresas` VALUES (1,'MAFELECTRIC','20-20385210-0','Gerónimo costa 34 Bis.','','','12345678','/usr/facele/20-20385210-0/','pablito.crt',13,'/usr/facele/',1,41,'01/05/2013','9024802820','','',0);
/*!40000 ALTER TABLE `empresas` ENABLE KEYS */;
UNLOCK TABLES;

--
-- Table structure for table `estados`
--

DROP TABLE IF EXISTS `estados`;
/*!40101 SET @saved_cs_client     = @@character_set_client */;
/*!40101 SET character_set_client = utf8 */;
CREATE TABLE `estados` (
  `id_estado` int(11) NOT NULL AUTO_INCREMENT,
  `estado` varchar(100) DEFAULT NULL,
  PRIMARY KEY (`id_estado`)
) ENGINE=InnoDB AUTO_INCREMENT=9 DEFAULT CHARSET=utf8mb4;
/*!40101 SET character_set_client = @saved_cs_client */;

--
-- Dumping data for table `estados`
--

LOCK TABLES `estados` WRITE;
/*!40000 ALTER TABLE `estados` DISABLE KEYS */;
INSERT INTO `estados` VALUES (1,'REVISIONAR'),(2,'PRESUPUESTAR'),(3,'COTIZADO'),(4,'CANCELADO'),(5,'EN REPARACIÓN'),(6,'DEMORADO'),(7,'FINALIZADO'),(8,'ENTREGADO');
/*!40000 ALTER TABLE `estados` ENABLE KEYS */;
UNLOCK TABLES;

--
-- Table structure for table `factura_items`
--

DROP TABLE IF EXISTS `factura_items`;
/*!40101 SET @saved_cs_client     = @@character_set_client */;
/*!40101 SET character_set_client = utf8 */;
CREATE TABLE `factura_items` (
  `id` bigint(20) NOT NULL AUTO_INCREMENT,
  `id_factura` bigint(20) NOT NULL,
  `id_art` bigint(20) NOT NULL,
  `articulo` varchar(150) NOT NULL,
  `costo` decimal(20,2) NOT NULL,
  `precio` decimal(20,2) NOT NULL,
  `iva` decimal(6,2) NOT NULL,
  `cantidad` decimal(10,2) NOT NULL,
  `dto` decimal(6,2) NOT NULL,
  PRIMARY KEY (`id`)
) ENGINE=InnoDB AUTO_INCREMENT=117 DEFAULT CHARSET=utf8mb4;
/*!40101 SET character_set_client = @saved_cs_client */;

--
-- Dumping data for table `factura_items`
--

LOCK TABLES `factura_items` WRITE;
/*!40000 ALTER TABLE `factura_items` DISABLE KEYS */;
INSERT INTO `factura_items` VALUES (1,1,5,'BANANA',0.00,120.00,0.00,1.00,0.00),(2,1,3,'MAZANA',0.00,65.00,27.00,1.00,0.00),(3,1,6,'NARANJA',0.00,80.00,21.00,1.00,0.00),(4,1,9,'PERA',0.00,90.00,10.50,1.00,0.00),(5,2,3,'MAZANA',0.00,65.00,27.00,1.00,0.00),(6,2,6,'NARANJA',0.00,80.00,21.00,1.00,0.00),(7,3,6,'NARANJA',0.00,80.00,21.00,1.00,0.00),(8,4,6,'NARANJA',0.00,80.00,21.00,1.00,0.00),(9,5,5,'BANANA',0.00,120.00,0.00,1.00,0.00),(10,6,9,'PERA',0.00,90.00,10.50,1.00,0.00),(11,7,9,'PERA',0.00,90.00,10.50,1.00,0.00),(12,7,3,'MAZANA',0.00,65.00,27.00,1.00,0.00),(13,8,5,'BANANA',0.00,120.00,0.00,1.00,0.00),(14,9,3,'MAZANA',0.00,65.00,27.00,1.00,0.00),(15,9,6,'NARANJA',0.00,80.00,21.00,1.00,0.00),(16,10,9,'PERA',0.00,90.00,10.50,1.00,0.00),(17,10,5,'BANANA',0.00,120.00,0.00,1.00,0.00),(18,11,5,'BANANA',0.00,120.00,0.00,1.00,0.00),(19,12,5,'BANANA',0.00,120.00,0.00,1.00,0.00),(20,13,3,'MAZANA',0.00,65.00,27.00,1.00,0.00),(21,14,6,'NARANJA',0.00,80.00,21.00,1.00,0.00),(22,15,5,'BANANA',0.00,120.00,0.00,1.00,0.00),(23,16,5,'BANANA',0.00,120.00,0.00,1.00,0.00),(24,17,3,'MAZANA',0.00,65.00,27.00,1.00,0.00),(25,18,5,'BANANA',0.00,120.00,0.00,1.00,0.00),(26,19,5,'BANANA',0.00,120.00,0.00,1.00,0.00),(27,20,5,'BANANA',0.00,120.00,0.00,1.00,0.00),(28,21,5,'BANANA',0.00,120.00,0.00,1.00,0.00),(29,22,5,'BANANA',0.00,120.00,0.00,1.00,0.00),(30,23,3,'MAZANA',0.00,65.00,27.00,1.00,0.00),(31,23,6,'NARANJA',0.00,80.00,21.00,1.00,0.00),(32,24,9,'PERA',0.00,90.00,10.50,1.00,0.00),(33,25,5,'BANANA',0.00,120.00,0.00,1.00,0.00),(34,26,3,'MAZANA',0.00,65.00,27.00,1.00,0.00),(35,27,17,'MONJES BUDISTAS',0.00,4.00,0.00,1.00,0.00),(36,28,17,'MONJES BUDISTAS',0.00,4.00,0.00,1.00,0.00),(37,29,18,'MONJES BUDISTAS 99',0.00,34.00,10.50,1.00,0.00),(38,30,17,'MONJES BUDISTAS',0.00,4.00,0.00,1.00,5.00),(40,32,18,'MONJES BUDISTAS 99',0.00,34.00,10.50,1.00,0.00),(42,34,5,'BANANA',0.00,120.00,0.00,1.00,0.00),(45,37,6,'NARANJA',0.00,80.00,21.00,1.00,0.00),(51,42,7,'TOMATE PELLILLI',0.00,73.00,10.50,1.00,0.00),(53,44,5,'BANANA',0.00,120.00,0.00,1.00,0.00),(54,45,3,'MAZANA',0.00,65.00,27.00,1.00,0.00),(55,46,3,'MAZANA',0.00,65.00,27.00,3.00,0.00),(56,47,3,'MAZANA',0.00,65.00,27.00,3.00,0.00),(57,48,5,'BANANA',0.00,120.00,0.00,1.00,0.00),(58,48,3,'MAZANA',0.00,65.00,27.00,1.00,0.00),(59,48,6,'NARANJA',0.00,80.00,21.00,1.00,0.00),(60,48,9,'PERA',0.00,90.00,10.50,1.00,0.00),(61,49,3,'MAZANA',0.00,65.00,27.00,1.00,0.00),(62,49,6,'NARANJA',0.00,80.00,21.00,1.00,0.00),(63,50,5,'BANANA',0.00,120.00,0.00,1.00,0.00),(64,51,5,'BANANA',0.00,120.00,0.00,1.00,0.00),(65,52,5,'BANANA',0.00,120.00,0.00,1.00,0.00),(66,53,3,'MAZANA',0.00,65.00,27.00,1.00,0.00),(67,54,9,'PERA',0.00,90.00,10.50,1.00,0.00),(68,55,6,'NARANJA',0.00,80.00,21.00,1.00,0.00),(69,56,6,'NARANJA',0.00,80.00,21.00,1.00,0.00),(70,57,3,'MAZANA',0.00,65.00,27.00,1.00,0.00),(71,58,3,'MAZANA',0.00,65.00,27.00,1.00,0.00),(72,59,7,'TOMATE PELLILLI',0.00,73.00,10.50,1.00,0.00),(73,60,7,'TOMATE ',0.00,73.00,0.00,1.00,0.00),(74,61,7,'TOMATE ',0.00,73.00,0.00,1.00,0.00),(75,62,5,'BANANA',0.00,160.00,21.00,1.00,0.00),(76,63,5,'BANANA',0.00,160.00,21.00,1.00,0.00),(77,64,5,'BANANA',0.00,160.00,21.00,1.00,0.00),(78,65,5,'Mant. Post Vta. y Monitoreo Diario de Backups. Corresponde a Marzo 2021 Aplica %15 ENERO paridad conv. colec. emp. comercio (4,5%+10,5%)',0.00,160.00,21.00,1.00,0.00),(79,66,5,'BANANA',0.00,160.00,21.00,1.00,0.00),(80,67,5,'BANANA',0.00,160.00,21.00,1.00,0.00),(81,68,5,'BANANA',0.00,160.00,21.00,1.00,0.00),(82,69,3,'MAZANA',0.00,180.00,0.00,1.00,0.00),(83,70,6,'NARANJA',0.00,120.00,0.00,1.00,0.00),(84,71,5,'BANANA',0.00,160.00,21.00,1.00,0.00),(85,71,6,'NARANJA',0.00,120.00,0.00,1.00,0.00),(86,72,3,'MAZANA',0.00,180.00,0.00,1.00,0.00),(87,73,7,'TOMATE ',0.00,73.00,0.00,1.00,0.00),(88,73,7,'TOMATE ',0.00,73.00,0.00,1.00,0.00),(89,74,5,'BANANA',0.00,160.00,21.00,1.00,0.00),(90,74,9,'PERA',0.00,120.00,21.00,1.00,0.00),(91,75,6,'NARANJA',0.00,120.00,0.00,1.00,0.00),(92,76,5,'BANANA',0.00,160.00,21.00,1.00,0.00),(93,77,5,'BANANA',0.00,160.00,21.00,1.00,0.00),(94,78,5,'BANANA',0.00,160.00,21.00,1.00,0.00),(95,79,5,'BANANA',0.00,160.00,21.00,1.00,0.00),(96,80,5,'BANANA',0.00,160.00,21.00,1.00,0.00),(97,81,5,'BANANA',0.00,160.00,21.00,1.00,0.00),(98,82,3,'MAZANA',0.00,180.00,0.00,1.00,0.00),(99,83,6,'NARANJA',0.00,120.00,0.00,2.00,0.00),(100,84,5,'BANANA',0.00,160.00,21.00,2.00,0.00),(101,85,5,'BANANA',0.00,160.00,21.00,3.00,0.00),(102,86,5,'BANANA',0.00,160.00,21.00,1.00,0.00),(103,87,9,'PERA',0.00,120.00,21.00,1.00,0.00),(104,88,3,'MAZANA',0.00,180.00,0.00,1.00,0.00),(105,89,7,'TOMATE ',0.00,73.00,0.00,2.00,0.00),(106,90,5,'BANANA',0.00,160.00,21.00,1.00,0.00),(107,91,6,'NARANJA',0.00,120.00,0.00,1.00,0.00),(108,92,5,'BANANA',0.00,160.00,21.00,1.00,0.00),(109,93,7,'TOMATE ',0.00,73.00,0.00,1.00,0.00),(110,94,9,'PERA',0.00,120.00,21.00,1.00,0.00),(111,95,5,'BANANA',0.00,160.00,21.00,1.00,0.00),(112,96,3,'MAZANA',0.00,180.00,0.00,1.00,0.00),(113,97,5,'BANANA',0.00,160.00,21.00,1.00,0.00),(116,100,5,'BANANA NO TEN CAROZO MA TEN FILAMENTO GROZO A PAPA MONO CON BANANAS VERDES. PUTO EL QUE LEE ESTA SOCOGARCHA YA NO SE MAS QUE ESCRIBIR LA PUTA MADRE NO',0.00,160.00,21.00,1.00,0.00);
/*!40000 ALTER TABLE `factura_items` ENABLE KEYS */;
UNLOCK TABLES;

--
-- Table structure for table `factura_tmp`
--

DROP TABLE IF EXISTS `factura_tmp`;
/*!40101 SET @saved_cs_client     = @@character_set_client */;
/*!40101 SET character_set_client = utf8 */;
CREATE TABLE `factura_tmp` (
  `id_empresa` bigint(20) NOT NULL,
  `usuario` int(11) NOT NULL,
  `id_art` int(11) NOT NULL,
  `articulo` varchar(150) DEFAULT NULL,
  `precio` decimal(20,2) NOT NULL,
  `dto` decimal(6,2) NOT NULL,
  `iva` decimal(6,2) NOT NULL,
  `cantidad` decimal(12,2) NOT NULL DEFAULT 0.00,
  `id_tmp` int(11) NOT NULL AUTO_INCREMENT,
  `fecha` date NOT NULL,
  `id_cliente` int(11) NOT NULL,
  `tipo_comp` int(11) NOT NULL COMMENT '( 1 FActura 2 ND 3 NC  4 Interno)',
  `obs` varchar(300) NOT NULL,
  `Estado` char(1) NOT NULL COMMENT 'E=para enviar , R=Rechazado ',
  `costo` decimal(20,2) NOT NULL,
  `dni` bigint(11) NOT NULL,
  `cliente` varchar(50) NOT NULL,
  `bandera` bigint(20) NOT NULL,
  `observacion` varchar(100) NOT NULL,
  PRIMARY KEY (`id_tmp`)
) ENGINE=InnoDB AUTO_INCREMENT=22 DEFAULT CHARSET=utf8mb4;
/*!40101 SET character_set_client = @saved_cs_client */;

--
-- Dumping data for table `factura_tmp`
--

LOCK TABLES `factura_tmp` WRITE;
/*!40000 ALTER TABLE `factura_tmp` DISABLE KEYS */;
/*!40000 ALTER TABLE `factura_tmp` ENABLE KEYS */;
UNLOCK TABLES;

--
-- Table structure for table `facturas`
--

DROP TABLE IF EXISTS `facturas`;
/*!40101 SET @saved_cs_client     = @@character_set_client */;
/*!40101 SET character_set_client = utf8 */;
CREATE TABLE `facturas` (
  `id_factura` bigint(20) NOT NULL AUTO_INCREMENT,
  `id_cliente` int(11) NOT NULL,
  `fecha` date NOT NULL,
  `total` decimal(20,2) NOT NULL,
  `puerto` int(11) NOT NULL,
  `numero` bigint(20) NOT NULL,
  `cod_afip` int(11) NOT NULL COMMENT '1 factura A 2 Factura B.... segun Afip',
  `iva21` decimal(20,2) NOT NULL,
  `iva105` decimal(20,2) NOT NULL,
  `neto` decimal(20,2) NOT NULL,
  `cae` varchar(100) NOT NULL,
  `cae_vence` varchar(100) NOT NULL,
  `cae_resultado` varchar(100) NOT NULL,
  `cae_obs` varchar(100) NOT NULL,
  `cond_iva` int(11) NOT NULL,
  `observacion` varchar(100) NOT NULL,
  `ctacte` char(1) NOT NULL COMMENT 'Cuetna Corriente = "1" contado ="0"',
  `id_empresa` bigint(20) NOT NULL,
  `iva0` decimal(20,2) NOT NULL,
  `iva27` decimal(20,2) NOT NULL,
  `neto27` decimal(20,2) NOT NULL,
  `neto0` decimal(20,2) NOT NULL,
  `neto21` decimal(20,2) NOT NULL,
  `neto105` decimal(20,2) NOT NULL,
  `iva` decimal(20,2) NOT NULL,
  `excento` decimal(20,2) NOT NULL DEFAULT 0.00,
  `letra` varchar(1) NOT NULL,
  `tipo_comp` int(11) NOT NULL,
  `codigo_comp` varchar(3) NOT NULL,
  `id_tipo_comp` int(11) NOT NULL,
  `dni` bigint(20) NOT NULL,
  `cliente` varchar(50) NOT NULL,
  `bandera` bigint(20) NOT NULL,
  `usuario` bigint(20) NOT NULL,
  PRIMARY KEY (`id_factura`)
) ENGINE=InnoDB AUTO_INCREMENT=101 DEFAULT CHARSET=utf8mb4;
/*!40101 SET character_set_client = @saved_cs_client */;

--
-- Dumping data for table `facturas`
--

LOCK TABLES `facturas` WRITE;
/*!40000 ALTER TABLE `facturas` DISABLE KEYS */;
INSERT INTO `facturas` VALUES (1,12,'2020-10-24',355.00,13,3,6,13.89,8.55,318.75,'70430875368205','2020-11-05','A','',1,'','',1,0.00,13.82,51.18,120.00,66.12,81.45,36.26,0.00,'B',6,'006',1,0,'',0,0),(2,12,'2020-10-25',145.00,13,4,6,13.89,0.00,117.30,'70430875397737','2020-11-05','A','',1,'','',1,0.00,13.82,51.18,0.00,66.12,0.00,27.71,0.00,'B',6,'006',1,0,'',0,0),(3,9,'2020-10-26',80.00,13,5,6,13.89,0.00,66.12,'70430875402279','2020-11-05','A','',1,'','',1,0.00,0.00,0.00,0.00,66.12,0.00,13.89,0.00,'B',6,'006',1,0,'',0,0),(4,12,'2020-10-26',80.00,13,6,6,13.89,0.00,66.12,'70430875403458','2020-11-05','A','',1,'','',1,0.00,0.00,0.00,0.00,66.12,0.00,13.89,0.00,'B',6,'006',1,0,'',0,0),(5,0,'2020-11-11',120.00,13,7,6,0.00,0.00,120.00,'70460898906872','2020-11-21','A','',1,'','',1,0.00,0.00,0.00,120.00,0.00,0.00,0.00,0.00,'B',6,'006',1,20385210,'UN MONJE',0,0),(6,0,'2020-11-12',90.00,1,1,0,0.00,0.00,0.00,'','','','',0,'','',1,0.00,0.00,0.00,0.00,0.00,0.00,0.00,0.00,'I',0,'',4,0,'',0,0),(7,0,'2020-11-12',155.00,1,2,0,0.00,0.00,0.00,'','','','',0,'','',1,0.00,0.00,0.00,0.00,0.00,0.00,0.00,0.00,'I',0,'',4,20385210,'RE PABLO GUSTAVO',0,0),(8,9,'2020-11-18',120.00,13,8,6,0.00,0.00,120.00,'70470899794958','2020-11-28','A','',1,'','',1,0.00,0.00,0.00,120.00,0.00,0.00,0.00,0.00,'B',6,'006',1,23247147519,'',152108,30565),(9,9,'2020-11-18',145.00,13,9,6,13.89,0.00,117.30,'70470899810075','2020-11-28','A','',1,'','',1,0.00,13.82,51.18,0.00,66.12,0.00,27.71,0.00,'B',6,'006',1,23247147519,'',598725,30565),(10,0,'2020-11-18',210.00,13,10,6,0.00,8.55,201.45,'70470899840053','2020-11-28','A','',1,'','',1,0.00,0.00,0.00,120.00,0.00,81.45,8.55,0.00,'B',6,'006',1,20385210,'un monje yerbatero',747565,3217),(11,9,'2020-11-18',120.00,13,11,6,0.00,0.00,120.00,'70470899840566','2020-11-28','A','',1,'','',1,0.00,0.00,0.00,120.00,0.00,0.00,0.00,0.00,'B',6,'006',1,23247147519,'',144287,3217),(12,9,'2020-11-18',120.00,13,12,6,0.00,0.00,120.00,'70470899840744','2020-11-28','A','',1,'','',1,0.00,0.00,0.00,120.00,0.00,0.00,0.00,0.00,'B',6,'006',1,23247147519,'',843559,35823),(13,9,'2020-11-18',65.00,13,13,6,0.00,0.00,51.18,'70470899841407','2020-11-28','A','',1,'','',1,0.00,13.82,51.18,0.00,0.00,0.00,13.82,0.00,'B',6,'006',1,23247147519,'',981309,98630),(14,9,'2020-11-18',80.00,13,14,6,13.89,0.00,66.12,'70470899842042','2020-11-28','A','',1,'','',1,0.00,0.00,0.00,0.00,66.12,0.00,13.89,0.00,'B',6,'006',1,23247147519,'',162780,5682),(15,9,'2020-11-18',120.00,13,15,6,0.00,0.00,120.00,'70470899842102','2020-11-28','A','',1,'','',1,0.00,0.00,0.00,120.00,0.00,0.00,0.00,0.00,'B',6,'006',1,23247147519,'',939409,5682),(16,9,'2020-11-18',120.00,13,16,6,0.00,0.00,120.00,'70470899846017','2020-11-28','A','',1,'','',1,0.00,0.00,0.00,120.00,0.00,0.00,0.00,0.00,'B',6,'006',1,23247147519,'',304534,5682),(17,9,'2020-11-18',65.00,13,17,6,0.00,0.00,51.18,'70470899846237','2020-11-28','A','',1,'','',1,0.00,13.82,51.18,0.00,0.00,0.00,13.82,0.00,'B',6,'006',1,23247147519,'',681817,5682),(18,9,'2020-11-18',120.00,13,18,6,0.00,0.00,120.00,'70470899846300','2020-11-28','A','',1,'','',1,0.00,0.00,0.00,120.00,0.00,0.00,0.00,0.00,'B',6,'006',1,23247147519,'',49460,5682),(19,9,'2020-11-23',120.00,13,19,6,0.00,0.00,120.00,'70470900131167','2020-12-03','A','',1,'','',1,0.00,0.00,0.00,120.00,0.00,0.00,0.00,0.00,'B',6,'006',1,23247147519,'',43250,9267),(20,9,'2020-11-23',120.00,13,20,6,0.00,0.00,120.00,'70470900131214','2020-12-03','A','',1,'','',1,0.00,0.00,0.00,120.00,0.00,0.00,0.00,0.00,'B',6,'006',1,23247147519,'',834476,9267),(21,9,'2020-11-23',120.00,13,21,6,0.00,0.00,120.00,'70470900131285','2020-12-03','A','',1,'','',1,0.00,0.00,0.00,120.00,0.00,0.00,0.00,0.00,'B',6,'006',1,23247147519,'',643779,9267),(22,9,'2020-11-23',120.00,13,22,6,0.00,0.00,120.00,'70470900134806','2020-12-03','A','',1,'','',1,0.00,0.00,0.00,120.00,0.00,0.00,0.00,0.00,'B',6,'006',1,23247147519,'',726600,9267),(23,9,'2020-11-23',145.00,13,23,6,13.89,0.00,117.30,'70470900134851','2020-12-03','A','',1,'','',1,0.00,13.82,51.18,0.00,66.12,0.00,27.71,0.00,'B',6,'006',1,23247147519,'',625263,9267),(24,9,'2020-11-23',90.00,13,24,6,0.00,8.55,81.45,'70470900134880','2020-12-03','A','',1,'','',1,0.00,0.00,0.00,0.00,0.00,81.45,8.55,0.00,'B',6,'006',1,23247147519,'',200596,9267),(25,9,'2020-11-23',120.00,13,25,6,0.00,0.00,120.00,'70470900134911','2020-12-03','A','',1,'','',1,0.00,0.00,0.00,120.00,0.00,0.00,0.00,0.00,'B',6,'006',1,23247147519,'',682770,9267),(26,9,'2020-11-23',65.00,13,26,6,0.00,0.00,51.18,'70470900134937','2020-12-03','A','',1,'','',1,0.00,13.82,51.18,0.00,0.00,0.00,13.82,0.00,'B',6,'006',1,23247147519,'NICO T',271571,9267),(27,0,'2020-11-27',4.00,11,1,11,0.00,0.00,4.00,'70489901074093','2020-12-07','A','',6,'','',7,0.00,0.00,0.00,4.00,0.00,0.00,0.00,0.00,'C',11,'011',1,4686602,'Marcelo',296442,43611),(28,0,'2020-11-27',4.00,11,2,11,0.00,0.00,4.00,'70489901074242','2020-12-07','A','',6,'','',7,0.00,0.00,0.00,4.00,0.00,0.00,0.00,0.00,'C',11,'011',1,4686601,'Juan Carlos',415529,43611),(29,13,'2020-11-27',34.00,11,3,11,0.00,3.23,30.77,'70489901075065','2020-12-07','A','',6,'','',7,0.00,0.00,0.00,0.00,0.00,30.77,3.23,0.00,'C',11,'011',1,30999005132,'JUAN CARLOS',239900,43611),(30,0,'2020-11-27',3.80,11,4,11,0.00,0.00,3.80,'70489901075638','2020-12-07','A','',6,'','',7,0.00,0.00,0.00,3.80,0.00,0.00,0.00,0.00,'C',11,'011',1,9999888,'Luchi Luchite',776438,43611),(45,0,'2020-11-30',65.00,1,3,0,0.00,0.00,0.00,'','','','',0,'','',1,0.00,0.00,0.00,0.00,0.00,0.00,0.00,0.00,'I',0,'',4,27045505,'BUITER CINTIA CECILIA',0,0),(46,0,'2020-11-30',195.00,1,4,0,0.00,0.00,0.00,'','','','',0,'','',1,0.00,0.00,0.00,0.00,0.00,0.00,0.00,0.00,'I',0,'',4,27045505,'BUITER CINTIA CECILIA',0,0),(47,0,'2020-11-30',195.00,1,5,0,0.00,0.00,0.00,'','','','',0,'','',1,0.00,0.00,0.00,0.00,0.00,0.00,0.00,0.00,'I',0,'',4,27045505,'BUITER CINTIA CECILIA',0,0),(48,0,'2020-11-30',355.00,1,6,0,0.00,0.00,0.00,'','','','',0,'','',1,0.00,0.00,0.00,0.00,0.00,0.00,0.00,0.00,'I',0,'',4,27045505,'BUITER CINTIA CECILIA',0,0),(49,0,'2020-11-30',145.00,1,7,0,0.00,0.00,0.00,'','','','',0,'','',1,0.00,0.00,0.00,0.00,0.00,0.00,0.00,0.00,'I',0,'',4,27045505,'BUITER CINTIA CECILIA',0,0),(50,9,'2020-12-01',120.00,13,27,6,0.00,0.00,120.00,'70480901571205','2020-12-11','A','',1,'','',1,0.00,0.00,0.00,120.00,0.00,0.00,0.00,0.00,'B',6,'006',1,23247147519,'TIZZANO NICOLAS',823297,79924),(51,11,'2021-02-02',120.00,1,8,0,0.00,0.00,0.00,'','','','',0,'','',1,0.00,0.00,0.00,0.00,0.00,0.00,0.00,0.00,'I',0,'',4,0,'',0,0),(52,9,'2021-02-02',120.00,13,28,6,0.00,0.00,120.00,'71050909720860','2021-02-12','A','',1,'','',1,0.00,0.00,0.00,120.00,0.00,0.00,0.00,0.00,'B',6,'006',1,23247147519,'TIZZANO NICOLAS',850568,42457),(53,9,'2021-02-02',65.00,13,29,6,0.00,0.00,51.18,'71050909721141','2021-02-12','A','',1,'','',1,0.00,13.82,51.18,0.00,0.00,0.00,13.82,0.00,'B',6,'006',1,23247147519,'TIZZANO NICOLAS',791658,42457),(54,9,'2021-02-02',90.00,13,30,6,0.00,8.55,81.45,'71050909755903','2021-02-12','A','',1,'','',1,0.00,0.00,0.00,0.00,0.00,81.45,8.55,0.00,'B',6,'006',1,23247147519,'TIZZANO NICOLAS',451785,68636),(55,12,'2021-02-02',80.00,13,31,6,13.89,0.00,66.12,'71050909767490','2021-02-12','A','',1,'','',1,0.00,0.00,0.00,0.00,66.12,0.00,13.89,0.00,'B',6,'006',1,20385210,'BUITER CINTIA CECILIA',920929,75466),(56,9,'2021-02-03',80.00,13,32,6,13.89,0.00,66.12,'71050911850460','2021-02-13','A','',1,'','',1,0.00,0.00,0.00,0.00,66.12,0.00,13.89,0.00,'B',6,'006',1,23247147519,'TIZZANO NICOLAS',925509,88434),(57,9,'2021-02-03',65.00,13,33,6,0.00,0.00,51.18,'71050911851209','2021-02-13','A','',1,'','',1,0.00,13.82,51.18,0.00,0.00,0.00,13.82,0.00,'B',6,'006',1,23247147519,'TIZZANO NICOLAS',901575,11560),(58,9,'2021-02-03',65.00,13,34,6,0.00,0.00,51.18,'71050911851296','2021-02-13','A','',1,'','',1,0.00,13.82,51.18,0.00,0.00,0.00,13.82,0.00,'B',6,'006',1,23247147519,'TIZZANO NICOLAS',584084,5377),(59,9,'2021-02-03',73.00,13,35,6,0.00,6.94,66.06,'71050911852488','2021-02-13','A','',1,'','',1,0.00,0.00,0.00,0.00,0.00,66.06,6.94,0.00,'B',6,'006',1,23247147519,'TIZZANO NICOLAS',891310,5377),(60,9,'2021-05-07',73.00,13,36,6,0.00,0.00,73.00,'71190936999218','2021-05-17','A','',1,'','',1,0.00,0.00,0.00,73.00,0.00,0.00,0.00,0.00,'B',6,'006',1,23247147519,'TIZZANO NICOLAS',124670,68391),(61,12,'2021-05-07',73.00,13,37,6,0.00,0.00,73.00,'71190937108197','2021-05-17','A','',1,'','',1,0.00,0.00,0.00,73.00,0.00,0.00,0.00,0.00,'B',6,'006',1,20385210,'BUITER CINTIA CECILIA ',24213,68391),(62,9,'2021-05-20',160.00,13,38,6,27.77,0.00,132.23,'71200940984675','2021-05-30','A','',1,'','',1,0.00,0.00,0.00,0.00,132.23,0.00,27.77,0.00,'B',6,'006',1,23247147519,'TIZZANO NICOLAS',834955,43614),(63,9,'2021-05-20',160.00,13,39,6,27.77,0.00,132.23,'71200940985312','2021-05-30','A','',1,'','',1,0.00,0.00,0.00,0.00,132.23,0.00,27.77,0.00,'B',6,'006',1,23247147519,'TIZZANO NICOLAS',968078,1154),(64,9,'2021-05-20',160.00,13,40,6,27.77,0.00,132.23,'71200940986693','2021-05-30','A','',1,'','',1,0.00,0.00,0.00,0.00,132.23,0.00,27.77,0.00,'B',6,'006',1,23247147519,'TIZZANO NICOLAS',791655,1154),(65,9,'2021-05-20',160.00,13,41,6,27.77,0.00,132.23,'71200940987607','2021-05-30','A','',1,'','',1,0.00,0.00,0.00,0.00,132.23,0.00,27.77,0.00,'B',6,'006',1,23247147519,'TIZZANO NICOLAS',964352,37793),(66,9,'2021-05-20',160.00,13,42,6,27.77,0.00,132.23,'71200940988506','2021-05-30','A','',1,'','',1,0.00,0.00,0.00,0.00,132.23,0.00,27.77,0.00,'B',6,'006',1,23247147519,'TIZZANO NICOLAS',622165,37793),(67,9,'2021-05-20',160.00,13,43,6,27.77,0.00,132.23,'71200940988519','2021-05-30','A','',1,'','',1,0.00,0.00,0.00,0.00,132.23,0.00,27.77,0.00,'B',6,'006',1,23247147519,'TIZZANO NICOLAS',917954,37793),(68,9,'2021-05-20',160.00,13,44,6,27.77,0.00,132.23,'71200940988700','2021-05-30','A','',1,'','',1,0.00,0.00,0.00,0.00,132.23,0.00,27.77,0.00,'B',6,'006',1,23247147519,'TIZZANO NICOLAS',417181,37793),(69,9,'2021-05-20',180.00,13,45,6,0.00,0.00,180.00,'71200940990551','2021-05-30','A','',1,'','',1,0.00,0.00,0.00,180.00,0.00,0.00,0.00,0.00,'B',6,'006',1,23247147519,'TIZZANO NICOLAS',702460,37793),(70,9,'2021-05-20',120.00,13,46,6,0.00,0.00,120.00,'71200941006710','2021-05-30','A','',1,'','',1,0.00,0.00,0.00,120.00,0.00,0.00,0.00,0.00,'B',6,'006',1,23247147519,'TIZZANO NICOLAS',482995,37793),(71,9,'2021-05-20',280.00,13,47,6,27.77,0.00,252.23,'71200941076876','2021-05-30','A','',1,'','',1,0.00,0.00,0.00,120.00,132.23,0.00,27.77,0.00,'B',6,'006',1,23247147519,'TIZZANO NICOLAS',837461,47725),(72,9,'2021-05-21',180.00,13,48,6,0.00,0.00,180.00,'71210941327156','2021-05-31','A','',1,'','',1,0.00,0.00,0.00,180.00,0.00,0.00,0.00,0.00,'B',6,'006',1,23247147519,'TIZZANO NICOLAS',562117,21847),(73,9,'2021-05-21',146.00,13,1,1,0.00,0.00,146.00,'71210941327449','2021-05-31','A','',1,'','',1,0.00,0.00,0.00,146.00,0.00,0.00,0.00,0.00,'A',1,'001',1,23247147519,'TIZZANO NICOLAS',505145,74911),(74,9,'2021-05-27',280.00,13,2,1,48.60,0.00,231.40,'71210942775496','2021-06-06','A','',1,'','',1,0.00,0.00,0.00,0.00,231.40,0.00,48.60,0.00,'A',1,'001',1,23247147519,'TIZZANO NICOLAS',880909,4317),(75,0,'2021-05-27',120.00,13,49,6,0.00,0.00,120.00,'71210942780499','2021-06-06','A','',1,'','',1,0.00,0.00,0.00,120.00,0.00,0.00,0.00,0.00,'B',6,'006',1,49985341,'Juan carlos',343036,83439),(76,0,'2021-05-27',160.00,13,50,6,27.77,0.00,132.23,'71210942792282','2021-06-06','A','',1,'','',1,0.00,0.00,0.00,0.00,132.23,0.00,27.77,0.00,'B',6,'006',1,49985341,'Juan carlos',858004,25046),(77,9,'2021-05-27',160.00,13,3,1,27.77,0.00,132.23,'71210942795989','2021-06-06','A','',1,'','',1,0.00,0.00,0.00,0.00,132.23,0.00,27.77,0.00,'A',1,'001',1,23247147519,'TIZZANO NICOLAS',355485,18760),(78,0,'2021-05-27',160.00,1,9,0,0.00,0.00,0.00,'','','','',0,'','',1,0.00,0.00,0.00,0.00,0.00,0.00,0.00,0.00,'I',0,'',4,24714751,'Juan Perez',0,0),(79,9,'2021-05-27',160.00,1,10,0,0.00,0.00,0.00,'','','','',0,'','',1,0.00,0.00,0.00,0.00,0.00,0.00,0.00,0.00,'I',0,'',4,0,'',0,0),(80,9,'2021-05-27',160.00,13,4,1,27.77,0.00,132.23,'71220942830583','2021-06-06','A','',1,'','',1,0.00,0.00,0.00,0.00,132.23,0.00,27.77,0.00,'A',1,'001',1,23247147519,'TIZZANO NICOLAS',170576,81049),(81,9,'2021-06-09',160.00,13,5,1,27.77,0.00,132.23,'71230945561847','2021-06-19','A','',1,'','',1,0.00,0.00,0.00,0.00,132.23,0.00,27.77,0.00,'A',1,'001',1,23247147519,'TIZZANO NICOLAS',921413,50888),(82,9,'2021-06-09',180.00,13,6,1,0.00,0.00,180.00,'71230945561907','2021-06-19','A','',1,'','',1,0.00,0.00,0.00,180.00,0.00,0.00,0.00,0.00,'A',1,'001',1,23247147519,'TIZZANO NICOLAS',435347,50888),(83,9,'2021-06-09',240.00,13,7,1,0.00,0.00,240.00,'71230945562555','2021-06-19','A','',1,'','',1,0.00,0.00,0.00,240.00,0.00,0.00,0.00,0.00,'A',1,'001',1,23247147519,'TIZZANO NICOLAS',27558,93430),(84,9,'2021-06-09',320.00,13,8,1,55.54,0.00,264.46,'71230945562571','2021-06-19','A','',1,'','',1,0.00,0.00,0.00,0.00,264.46,0.00,55.54,0.00,'A',1,'001',1,23247147519,'TIZZANO NICOLAS',134738,93430),(85,9,'2021-06-09',480.00,13,9,1,83.30,0.00,396.69,'71230945562864','2021-06-19','A','',1,'','',1,0.00,0.00,0.00,0.00,396.69,0.00,83.30,0.00,'A',1,'001',1,23247147519,'TIZZANO NICOLAS',524727,93430),(86,9,'2021-06-09',160.00,13,10,1,27.77,0.00,132.23,'71230945562982','2021-06-19','A','',1,'','',1,0.00,0.00,0.00,0.00,132.23,0.00,27.77,0.00,'A',1,'001',1,23247147519,'TIZZANO NICOLAS',427244,93430),(87,9,'2021-06-09',120.00,13,11,1,20.83,0.00,99.17,'71230945582019','2021-06-19','A','',1,'','',1,0.00,0.00,0.00,0.00,99.17,0.00,20.83,0.00,'A',1,'001',1,23247147519,'TIZZANO NICOLAS',336216,57947),(88,9,'2021-06-09',180.00,13,12,1,0.00,0.00,180.00,'71230945582226','2021-06-19','A','',1,'','',1,0.00,0.00,0.00,180.00,0.00,0.00,0.00,0.00,'A',1,'001',1,23247147519,'TIZZANO NICOLAS',990989,57947),(89,9,'2021-06-09',146.00,13,13,1,0.00,0.00,146.00,'71230945582328','2021-06-19','A','',1,'','',1,0.00,0.00,0.00,146.00,0.00,0.00,0.00,0.00,'A',1,'001',1,23247147519,'TIZZANO NICOLAS',919884,57947),(90,9,'2021-06-10',160.00,13,14,1,27.77,0.00,132.23,'71230945686285','2021-06-20','A','',1,'','',1,0.00,0.00,0.00,0.00,132.23,0.00,27.77,0.00,'A',1,'001',1,23247147519,'TIZZANO NICOLAS',171401,70224),(91,9,'2021-06-10',120.00,13,15,1,0.00,0.00,120.00,'71230945686963','2021-06-20','A','',1,'','',1,0.00,0.00,0.00,120.00,0.00,0.00,0.00,0.00,'A',1,'001',1,23247147519,'TIZZANO NICOLAS',202110,70224),(92,9,'2021-06-10',160.00,13,16,1,27.77,0.00,132.23,'71230945687922','2021-06-20','A','',1,'','',1,0.00,0.00,0.00,0.00,132.23,0.00,27.77,0.00,'A',1,'001',1,23247147519,'TIZZANO NICOLAS',698217,70224),(93,9,'2021-06-10',73.00,13,17,1,0.00,0.00,73.00,'71230945688494','2021-06-20','A','',1,'','',1,0.00,0.00,0.00,73.00,0.00,0.00,0.00,0.00,'A',1,'001',1,23247147519,'TIZZANO NICOLAS',324205,88833),(94,9,'2021-06-10',120.00,13,18,1,20.83,0.00,99.17,'71230945697035','2021-06-20','A','',1,'','',1,0.00,0.00,0.00,0.00,99.17,0.00,20.83,0.00,'A',1,'001',1,23247147519,'TIZZANO NICOLAS',139088,88833),(95,9,'2021-06-10',160.00,13,19,1,27.77,0.00,132.23,'71230945699126','2021-06-20','A','',1,'','',1,0.00,0.00,0.00,0.00,132.23,0.00,27.77,0.00,'A',1,'001',1,23247147519,'TIZZANO NICOLAS',669263,88833),(96,9,'2021-06-10',180.00,13,20,1,0.00,0.00,180.00,'71230945701212','2021-06-20','A','',1,'','',1,0.00,0.00,0.00,180.00,0.00,0.00,0.00,0.00,'A',1,'001',1,23247147519,'TIZZANO NICOLAS',15161,88833),(97,9,'2021-06-24',160.00,13,21,1,27.77,0.00,132.23,'71250949493820','2021-07-04','A','',1,'','',1,0.00,0.00,0.00,0.00,132.23,0.00,27.77,0.00,'A',1,'001',1,23247147519,'TIZZANO NICOLAS',978260,46987),(100,12,'2021-08-04',160.00,1,1,0,0.00,0.00,0.00,'','','','',0,'','',1,0.00,0.00,0.00,0.00,0.00,0.00,0.00,0.00,'I',0,'',4,0,'',0,0);
/*!40000 ALTER TABLE `facturas` ENABLE KEYS */;
UNLOCK TABLES;

--
-- Table structure for table `facturas_mpagos`
--

DROP TABLE IF EXISTS `facturas_mpagos`;
/*!40101 SET @saved_cs_client     = @@character_set_client */;
/*!40101 SET character_set_client = utf8 */;
CREATE TABLE `facturas_mpagos` (
  `m_pago` varchar(30) NOT NULL,
  `importe` decimal(20,2) NOT NULL,
  `id_empresa` bigint(20) NOT NULL,
  `fecha` date NOT NULL,
  `obs` varchar(300) NOT NULL,
  `id_fact_mp` bigint(20) NOT NULL AUTO_INCREMENT,
  `id_factura` bigint(20) NOT NULL,
  PRIMARY KEY (`id_fact_mp`)
) ENGINE=InnoDB AUTO_INCREMENT=102 DEFAULT CHARSET=utf8mb4;
/*!40101 SET character_set_client = @saved_cs_client */;

--
-- Dumping data for table `facturas_mpagos`
--

LOCK TABLES `facturas_mpagos` WRITE;
/*!40000 ALTER TABLE `facturas_mpagos` DISABLE KEYS */;
INSERT INTO `facturas_mpagos` VALUES ('CTA-CTE.',355.00,1,'2020-10-24','',1,1),('CTA-CTE.',145.00,1,'2020-10-25','',2,2),('CTA-CTE.',80.00,1,'2020-10-26','',3,3),('CHEQUE',80.00,1,'2020-10-26','un jinja',4,4),('EFECTIVO',120.00,1,'2020-11-11','',5,5),('EFECTIVO',90.00,1,'2020-11-12','',6,6),('EFECTIVO',90.00,1,'2020-11-12','',7,7),('TARJETA',65.00,1,'2020-11-12','',8,7),('EFECTIVO',120.00,1,'2020-11-18','',9,8),('EFECTIVO',145.00,1,'2020-11-18','',10,9),('EFECTIVO',210.00,1,'2020-11-18','',11,10),('EFECTIVO',120.00,1,'2020-11-18','',12,11),('EFECTIVO',120.00,1,'2020-11-18','',13,12),('EFECTIVO',65.00,1,'2020-11-18','',14,13),('EFECTIVO',80.00,1,'2020-11-18','',15,14),('EFECTIVO',120.00,1,'2020-11-18','',16,15),('EFECTIVO',120.00,1,'2020-11-18','',17,16),('EFECTIVO',65.00,1,'2020-11-18','',18,17),('EFECTIVO',120.00,1,'2020-11-18','',19,18),('EFECTIVO',120.00,1,'2020-11-23','',20,19),('EFECTIVO',120.00,1,'2020-11-23','',21,20),('EFECTIVO',120.00,1,'2020-11-23','',22,21),('EFECTIVO',120.00,1,'2020-11-23','',23,22),('EFECTIVO',145.00,1,'2020-11-23','',24,23),('EFECTIVO',90.00,1,'2020-11-23','',25,24),('EFECTIVO',120.00,1,'2020-11-23','',26,25),('EFECTIVO',65.00,1,'2020-11-23','',27,26),('EFECTIVO',4.00,7,'2020-11-27','KOKA',28,27),('EFECTIVO',4.00,7,'2020-11-27','',29,28),('CTA-CTE.',34.00,7,'2020-11-27','',30,29),('TARJETA',4.00,7,'2020-11-27','one monj',31,30),('EFECTIVO',34.00,7,'2020-11-27','',33,32),('EFECTIVO',120.00,1,'2020-11-28','',35,34),('EFECTIVO',80.00,1,'2020-11-28','',38,37),('EFECTIVO',73.00,1,'2020-11-28','',43,42),('EFECTIVO',120.00,1,'2020-11-30','',45,44),('EFECTIVO',65.00,1,'2020-11-30','',46,45),('EFECTIVO',195.00,1,'2020-11-30','',47,46),('EFECTIVO',195.00,1,'2020-11-30','',48,47),('EFECTIVO',355.00,1,'2020-11-30','',49,48),('EFECTIVO',145.00,1,'2020-11-30','',50,49),('EFECTIVO',120.00,1,'2020-12-01','',51,50),('CTA-CTE.',120.00,1,'2021-02-02','',52,51),('CTA-CTE.',120.00,1,'2021-02-02','',53,52),('CTA-CTE.',65.00,1,'2021-02-02','',54,53),('CTA-CTE.',90.00,1,'2021-02-02','',55,54),('CTA-CTE.',80.00,1,'2021-02-02','',56,55),('EFECTIVO',80.00,1,'2021-02-03','',57,56),('EFECTIVO',65.00,1,'2021-02-03','A FAVOR DE LEANDRO',58,57),('EFECTIVO',65.00,1,'2021-02-03','',59,58),('EFECTIVO',73.00,1,'2021-02-03','cheque ',60,59),('EFECTIVO',73.00,1,'2021-05-07','',61,60),('CTA-CTE.',73.00,1,'2021-05-07','',62,61),('EFECTIVO',160.00,1,'2021-05-20','',63,62),('EFECTIVO',160.00,1,'2021-05-20','',64,63),('EFECTIVO',160.00,1,'2021-05-20','',65,64),('EFECTIVO',160.00,1,'2021-05-20','',66,65),('EFECTIVO',160.00,1,'2021-05-20','',67,66),('EFECTIVO',160.00,1,'2021-05-20','',68,67),('CTA-CTE.',160.00,1,'2021-05-20','',69,68),('CTA-CTE.',180.00,1,'2021-05-20','',70,69),('EFECTIVO',120.00,1,'2021-05-20','',71,70),('CTA-CTE.',280.00,1,'2021-05-20','',72,71),('EFECTIVO',180.00,1,'2021-05-21','',73,72),('CHEQUE',146.00,1,'2021-05-21','',74,73),('EFECTIVO',280.00,1,'2021-05-27','',75,74),('EFECTIVO',120.00,1,'2021-05-27','',76,75),('EFECTIVO',160.00,1,'2021-05-27','',77,76),('EFECTIVO',160.00,1,'2021-05-27','',78,77),('EFECTIVO',160.00,1,'2021-05-27','',79,78),('EFECTIVO',160.00,1,'2021-05-27','',80,79),('EFECTIVO',160.00,1,'2021-05-27','',81,80),('CTA-CTE.',160.00,1,'2021-06-09','',82,81),('CTA-CTE.',180.00,1,'2021-06-09','',83,82),('CTA-CTE.',240.00,1,'2021-06-09','',84,83),('CTA-CTE.',320.00,1,'2021-06-09','',85,84),('EFECTIVO',480.00,1,'2021-06-09','',86,85),('CTA-CTE.',160.00,1,'2021-06-09','',87,86),('CTA-CTE.',120.00,1,'2021-06-09','',88,87),('CTA-CTE.',180.00,1,'2021-06-09','',89,88),('CTA-CTE.',146.00,1,'2021-06-09','',90,89),('CTA-CTE.',160.00,1,'2021-06-10','',91,90),('CTA-CTE.',120.00,1,'2021-06-10','',92,91),('CTA-CTE.',160.00,1,'2021-06-10','',93,92),('CTA-CTE.',73.00,1,'2021-06-10','',94,93),('EFECTIVO',120.00,1,'2021-06-10','',95,94),('CTA-CTE.',160.00,1,'2021-06-10','',96,95),('CTA-CTE.',180.00,1,'2021-06-10','',97,96),('EFECTIVO',160.00,1,'2021-06-24','',98,97),('CTA-CTE.',160.00,1,'2021-08-04','BANANA NO TEN CAROZO',99,98),('CTA-CTE.',160.00,1,'2021-08-04','',101,100);
/*!40000 ALTER TABLE `facturas_mpagos` ENABLE KEYS */;
UNLOCK TABLES;

--
-- Table structure for table `m_pagos_tmp`
--

DROP TABLE IF EXISTS `m_pagos_tmp`;
/*!40101 SET @saved_cs_client     = @@character_set_client */;
/*!40101 SET character_set_client = utf8 */;
CREATE TABLE `m_pagos_tmp` (
  `m_pago` varchar(30) NOT NULL,
  `importe` decimal(20,2) NOT NULL,
  `id_empresa` bigint(20) NOT NULL,
  `usuario` bigint(20) NOT NULL,
  `fecha` date NOT NULL,
  `id_mpago` bigint(20) NOT NULL AUTO_INCREMENT,
  `obs` varchar(300) NOT NULL,
  PRIMARY KEY (`id_mpago`)
) ENGINE=InnoDB AUTO_INCREMENT=22 DEFAULT CHARSET=utf8mb4;
/*!40101 SET character_set_client = @saved_cs_client */;

--
-- Dumping data for table `m_pagos_tmp`
--

LOCK TABLES `m_pagos_tmp` WRITE;
/*!40000 ALTER TABLE `m_pagos_tmp` DISABLE KEYS */;
/*!40000 ALTER TABLE `m_pagos_tmp` ENABLE KEYS */;
UNLOCK TABLES;

--
-- Table structure for table `o_trabajos`
--

DROP TABLE IF EXISTS `o_trabajos`;
/*!40101 SET @saved_cs_client     = @@character_set_client */;
/*!40101 SET character_set_client = utf8 */;
CREATE TABLE `o_trabajos` (
  `id_ot` int(11) NOT NULL AUTO_INCREMENT,
  `id_clie` int(11) NOT NULL,
  `fecha` datetime DEFAULT NULL,
  `descrip` varchar(5000) DEFAULT NULL,
  `estado` varchar(100) DEFAULT NULL,
  `fecha_entrega` datetime DEFAULT NULL,
  `estimado` int(11) DEFAULT 0,
  `importe` float(14,2) DEFAULT 0.00,
  PRIMARY KEY (`id_ot`)
) ENGINE=InnoDB AUTO_INCREMENT=5 DEFAULT CHARSET=utf8mb4;
/*!40101 SET character_set_client = @saved_cs_client */;

--
-- Dumping data for table `o_trabajos`
--

LOCK TABLES `o_trabajos` WRITE;
/*!40000 ALTER TABLE `o_trabajos` DISABLE KEYS */;
INSERT INTO `o_trabajos` VALUES (1,12,'2021-10-25 17:10:00','\r25/10/2021 22:37-->MAURO :MIGUEL PRESUPESTAR CUANTO ANTES\r2021-11-10 17:18:21-->mauri :prueba entregado\r2021-11-10 17:24:18--> mauri: ','ENTREGADO','2021-11-10 17:24:18',0,0.00),(2,11,'2021-08-31 18:17:00','hecho humo\n2021-08-31 18:17:00-->MAURO :BOBINADO\r2021-08-31 18:17:00-->MAURO :FINALIZADO\r2021-11-10 17:29:20--> mauri: lo entregue yo recién','ENTREGADO','2021-11-10 17:29:20',0,1000.00),(4,12,'2021-08-31 21:22:00','SIGO PROBANDO\r2021-08-31 21:22:00-->MAURO :ddfdfdfcdfd f\r2021-08-31 21:22:00-->MAURO :SE FINALIZO TODO EL TRABAJO','ENTREGADO','2021-11-10 17:28:16',0,800.00);
/*!40000 ALTER TABLE `o_trabajos` ENABLE KEYS */;
UNLOCK TABLES;

--
-- Table structure for table `recibos`
--

DROP TABLE IF EXISTS `recibos`;
/*!40101 SET @saved_cs_client     = @@character_set_client */;
/*!40101 SET character_set_client = utf8 */;
CREATE TABLE `recibos` (
  `id` bigint(20) NOT NULL AUTO_INCREMENT,
  `id_empresa` bigint(20) NOT NULL,
  `id_cliente` int(11) NOT NULL,
  `fecha` date NOT NULL,
  `numero` bigint(20) NOT NULL,
  `total` decimal(20,2) NOT NULL,
  `obser` varchar(100) NOT NULL,
  `m_pago` varchar(30) NOT NULL,
  PRIMARY KEY (`id`)
) ENGINE=InnoDB AUTO_INCREMENT=14 DEFAULT CHARSET=utf8mb4;
/*!40101 SET character_set_client = @saved_cs_client */;

--
-- Dumping data for table `recibos`
--

LOCK TABLES `recibos` WRITE;
/*!40000 ALTER TABLE `recibos` DISABLE KEYS */;
INSERT INTO `recibos` VALUES (1,2,12,'2020-11-06',3,10.00,'UN JINJA','TRANSFERENCIA'),(2,2,12,'2020-11-06',1,5369.30,'un monje','EFECTIVO'),(4,1,12,'2020-11-06',3,10.00,'UN JINJA','TRANSFERENCIA'),(10,1,12,'2020-11-09',5,15.50,'Cosme Fulanito SRL  12/12/2020  BANCO MACRO  45689/','CHEQUE'),(11,1,12,'2021-05-06',6,500.00,'koka','EFECTIVO'),(12,1,9,'2021-05-07',7,55.00,'','EFECTIVO'),(13,1,9,'2021-06-24',8,3000.00,'','EFECTIVO');
/*!40000 ALTER TABLE `recibos` ENABLE KEYS */;
UNLOCK TABLES;

--
-- Table structure for table `rubros`
--

DROP TABLE IF EXISTS `rubros`;
/*!40101 SET @saved_cs_client     = @@character_set_client */;
/*!40101 SET character_set_client = utf8 */;
CREATE TABLE `rubros` (
  `id_rubro` int(11) NOT NULL AUTO_INCREMENT,
  `rubro` varchar(30) NOT NULL,
  `id_empresa` bigint(20) NOT NULL,
  PRIMARY KEY (`id_rubro`),
  UNIQUE KEY `rubros_un` (`rubro`)
) ENGINE=InnoDB AUTO_INCREMENT=11 DEFAULT CHARSET=utf8mb4;
/*!40101 SET character_set_client = @saved_cs_client */;

--
-- Dumping data for table `rubros`
--

LOCK TABLES `rubros` WRITE;
/*!40000 ALTER TABLE `rubros` DISABLE KEYS */;
INSERT INTO `rubros` VALUES (1,'ALMACÉN',1),(2,'VERDULERÍA',1),(8,'PRUEBA',1),(9,'KEVIN',7),(10,'URRACAS',7);
/*!40000 ALTER TABLE `rubros` ENABLE KEYS */;
UNLOCK TABLES;

--
-- Table structure for table `trabajos`
--

DROP TABLE IF EXISTS `trabajos`;
/*!40101 SET @saved_cs_client     = @@character_set_client */;
/*!40101 SET character_set_client = utf8 */;
CREATE TABLE `trabajos` (
  `id_ot` int(11) NOT NULL,
  `desc_job` varchar(5000) DEFAULT NULL,
  `hs_trab` int(11) DEFAULT NULL,
  `id_job` int(11) NOT NULL AUTO_INCREMENT,
  `id_clie` int(11) NOT NULL,
  `estado` varchar(100) DEFAULT NULL,
  `fecha` datetime DEFAULT NULL,
  PRIMARY KEY (`id_job`)
) ENGINE=InnoDB AUTO_INCREMENT=39 DEFAULT CHARSET=utf8mb4;
/*!40101 SET character_set_client = @saved_cs_client */;

--
-- Dumping data for table `trabajos`
--

LOCK TABLES `trabajos` WRITE;
/*!40000 ALTER TABLE `trabajos` DISABLE KEYS */;
INSERT INTO `trabajos` VALUES (2,'BOBINADO',1,4,0,'PRESUPUESTAR','2021-08-31 18:22:00'),(2,'FINALIZADO',2,5,0,'FINALIZADO','2021-08-31 18:27:00'),(4,'ddfdfdfcdfd f',1,6,0,'REVISIONAR','2021-10-05 16:58:00'),(4,'SE FINALIZO TODO EL TRABAJO',1,7,0,'FINALIZADO','2021-10-14 20:10:00'),(3,'PRESUPUESTAR',2,11,0,'PRESUPUESTAR','2021-10-25 20:15:00'),(1,'MIGUEL PRESUPESTAR CUANTO ANTES',1,38,0,'PRESUPUESTAR','2021-10-25 22:37:00');
/*!40000 ALTER TABLE `trabajos` ENABLE KEYS */;
UNLOCK TABLES;

--
-- Table structure for table `usuarios`
--

DROP TABLE IF EXISTS `usuarios`;
/*!40101 SET @saved_cs_client     = @@character_set_client */;
/*!40101 SET character_set_client = utf8 */;
CREATE TABLE `usuarios` (
  `id_usuario` int(11) NOT NULL AUTO_INCREMENT,
  `usuario` varchar(100) NOT NULL,
  `password` varchar(100) NOT NULL,
  `nivel` varchar(100) DEFAULT NULL,
  `otros` varchar(4000) DEFAULT NULL,
  PRIMARY KEY (`id_usuario`)
) ENGINE=InnoDB AUTO_INCREMENT=5 DEFAULT CHARSET=utf8mb4;
/*!40101 SET character_set_client = @saved_cs_client */;

--
-- Dumping data for table `usuarios`
--

LOCK TABLES `usuarios` WRITE;
/*!40000 ALTER TABLE `usuarios` DISABLE KEYS */;
INSERT INTO `usuarios` VALUES (1,'admin','admin','admin',NULL),(2,'MAURI','OFI329','supervisor',NULL),(3,'tuco','tuco','supervisor',NULL),(4,'MAURO','MOT598',NULL,NULL);
/*!40000 ALTER TABLE `usuarios` ENABLE KEYS */;
UNLOCK TABLES;
/*!40103 SET TIME_ZONE=@OLD_TIME_ZONE */;

/*!40101 SET SQL_MODE=@OLD_SQL_MODE */;
/*!40014 SET FOREIGN_KEY_CHECKS=@OLD_FOREIGN_KEY_CHECKS */;
/*!40014 SET UNIQUE_CHECKS=@OLD_UNIQUE_CHECKS */;
/*!40101 SET CHARACTER_SET_CLIENT=@OLD_CHARACTER_SET_CLIENT */;
/*!40101 SET CHARACTER_SET_RESULTS=@OLD_CHARACTER_SET_RESULTS */;
/*!40101 SET COLLATION_CONNECTION=@OLD_COLLATION_CONNECTION */;
/*!40111 SET SQL_NOTES=@OLD_SQL_NOTES */;

-- Dump completed on 2021-11-10 22:46:29
